index,published,topic,term,domain,language,valid,de,title,description,en,la,url,image,archive,content,quote,added,feed,country,ipcc,continent
a5d41e792dcff5fe3acce87cfb076473,2026-07-02T05:59:01Z,Volcano,ज्वालामुखी,www.aajtak.in,hi,0.9,"Bei einem Ausbruch auf dem Ätna in Italien erreichte die Lava eine Entfernung von 9.800 Fuß. Der Vulkan Ätna auf Sizilien, Italien, ist wieder aktiv geworden und es strömt kontinuierlich Lava aus ihm. Dadurch ist in der Umgebung und am Himmel ein roter Schimmer sichtbar.","इटली के माउंट एटना में विस्फोट, 9800 फीट दूर तक पहुंचा लावा",इटली के सिसिली में माउंट एटना ज्वालामुखी एक बार फिर एक्टिव हो गया है और इससे लगातार लावा निकल रहा है. इस वजह से आसपास के इलाके और आसमान में लाल चमक दिखाई दे रही है.,"Eruption in Italy's Mount Etna, lava reached 9800 feet away. Mount Etna volcano in Sicily, Italy has once again become active and lava is continuously coming out from it. Because of this, a red glow is visible in the surrounding area and sky.","Eruptio in Aetnae monte Italiae, lava 9800 pedes aberat. mons Aetnae vulcano in Sicilia, Italia iterum activa facta est et lava continue inde exit. Propter hoc rutilans rubens in circuitu et coelo conspicitur.",https://www.aajtak.in/science/photo/italy-mount-etna-volcano-eruption-lava-red-sky-2592249-2026-07-02,https://akm-img-a-in.tosshub.com/aajtak/images/photo_gallery/202607/6a45fc774e644-mount-etna-eruption-025145204-16x9.jpg,,". 9,800 . . INGV . Photo: Reuters",,2026-07-03 21:37:06+00:00,random,,,
c5a80a80ed76230b8ffc2a53e46a6264,2026-07-03T04:14:11Z,Snow Avalanche,हिम हिमस्खलन,hindi.moneycontrol.com,hi,0.3,"Indiens beste Monsunsafari, bei der die Wildtiersaison auch bei Regen nicht endet, was sie noch aufregender macht! Die Monsunzeit in Indien bringt nicht nur viel Grün und kühle Regenschauer mit sich, sondern bietet auch die Möglichkeit, die Tierwelt in ihrer lebendigsten und natürlichsten Form zu beobachten. Mit dem Regen füllen sich die Wälder mit neuer Energie, Flüsse und Wasserfälle füllen sich und die Vegetation zeigt ihre volle Schönheit.","भारत की बेहतरीन मॉनसून सफ़ारी, जहां बारिश में भी खत्म नहीं होता वाइल्डलाइफ़ सीज़न और भी बन जाता है रोमांचक!","भारत में मॉनसून का मौसम केवल हरियाली और ठंडी फुहारों का ही नहीं, बल्कि वन्यजीवन को उसके सबसे जीवंत और प्राकृतिक रूप में देखने का भी अवसर लेकर आता है। बारिश के साथ जंगल नई ऊर्जा से भर उठते हैं, नदियां और झरने लबालब हो जाते हैं तथा वनस्पतियां अपने पूरे सौंदर्य …","India's best monsoon safari, where the wildlife season doesn't end even in rain, making it even more exciting! Monsoon season in India brings not only greenery and cool showers but also an opportunity to see wildlife in its most vibrant and natural form. With the rain, the forests are filled with new energy, rivers and waterfalls become full and the vegetation shows its full beauty.","Optima Indiae monsoon safari, ubi tempus truculenter etiam in pluviis non desinit, id magis excitando facit! ETESIA tempus in India non solum virides et frigidas imbres affert, sed etiam opportunitatem videndi truculentissimam in sua forma vivissima et naturali. Imbribus, silvae novis viribus implentur, flumina et cataractae plena fiunt et vegetatio plenam suam pulchritudinem ostendit.",https://hindi.moneycontrol.com/travel/amazing-national-park-for-wildlife-experiences-in-india-for-a-monsoon-getaway-article-2416591.html,https://images.moneycontrol.com/static-hindinews/2026/07/wild.jpg,,,,2026-07-06 14:04:41+00:00,random,,,
e457fb22e168d6ab4e624393f79de37c,2026-07-04T16:33:42Z,Precipitation,मूसलाधार बारिश बेचर,hindi.moneycontrol.com,hi,0.3,"Monsunwache 4. Juli: Der Monsun wird sich in den nächsten 4 Tagen aggressiv in diese Richtung bewegen, das IMD warnt vor stürmischem Regen in diesen Gebieten. Der Südwestmonsun breitet sich im ganzen Land rasch aus. Das Indian Meteorological Department (IMD) hat am Samstag mitgeteilt, dass der Monsun innerhalb der nächsten vier Tage im Nordarabischen Meer, einigen weiteren Teilen von Gujarat und den übrigen Gebieten von Punjab, Haryana und Rajasthan aggressive Formen annehmen wird.","Monsoon Watch 4 July: अगले 4 दिनों में आक्रामक होकर इस ओर बढ़ेगा मानसून, IMD ने इन इलाकों में तूफानी बारिश का अलर्ट दिया","देश भर में दक्षिण-पश्चिम मानसून तेजी से आगे बढ़ रहा है। भारतीय मौसम विज्ञान विभाग (IMD) ने शनिवार को जानकारी दी है कि अगले चार दिनों के भीतर मानसून आक्रामक रूप दिखाते हुए उत्तर अरब सागर, गुजरात के कुछ और हिस्सों, पंजाब और हरियाणा के बचे हुए इलाकों और राजस्थान…","Monsoon Watch 4 July: Monsoon will move aggressively in this direction in the next 4 days, IMD gave alert of stormy rain in these areas. South-west monsoon is advancing rapidly across the country. The Indian Meteorological Department (IMD) has informed on Saturday that within the next four days, the monsoon will show aggressive form in North Arabian Sea, some more parts of Gujarat, remaining areas of Punjab and Haryana and Rajasthan…","Monsoon Vigilo 4 Iulii: Monsoon infensi in hanc partem movebitur in proximis 4 diebus, IMD in his locis pluviae procellae erectae dedit. ETESIA Australis-occidentalis per regionem celeriter progreditur. Indicum Meteorologicum Department (IMD) die Saturni certior factus est intra quattuor dies proximum, monsoon ostendet formam pugnacem in Mare Septentrionali Arabico, alias partes Gujarat, reliquas partes Punjab et Haryana et Rajasthan...",https://hindi.moneycontrol.com/india/monsoon-watch-4-july-imd-heavy-rain-alert-delhi-up-rajasthan-mp-gujarat-weather-update-article-2416977.html,https://images.moneycontrol.com/static-hindinews/2026/06/Monsoon-2026-Update.jpg,,"- (IMD) , , - 4-5 - -, 
 5 
 , -
<ul><li> : 4 7 </li><li> : 4 6 </li><li> : 4 5 </li><li> : 4 - </li><li>- : - , </li></ul>
: 4-7 4-6 7 10 8 10 9-10 8-10 4 7-8 
, , : 4-5 9-10 6 8 4-5 - 40-50 ( … [+619 chars]",,2026-07-06 17:57:21+00:00,wmo,Algeria,SAH,Africa
29f6af027c54a9d216ab99589c021108,2026-07-01T04:13:57Z,Precipitation,आंधी तूफान,hindi.moneycontrol.com,hi,0.8,"Wetter in Indien heute, 1. Juli: IMD warnt vor starkem Regen von UP bis Bihar. Das Wetter wird sich mit Gewittern in diesen über 25 Bundesstaaten verschlechtern. Das heutige Wetter, 1. Juli: Der Südwestmonsun schreitet im Land rasch voran. Damit haben sich die Wetterverhältnisse in weiten Teilen des Landes völlig verändert. Das Indian Meteorological Department (IMD) hat das neueste Update für den 1. Juli aus 25 Städten des Landes veröffentlicht, darunter Uttar Pradesh und Bihar.","India Weather Today 1 July: IMD ने यूपी से लेकर बिहार तक भारी बारिश का अलर्ट दिया, इन 25+ राज्यों में आंधी-तूफान संग बिगड़ेगा मौसम",आज का मौसम एक जुलाई: देश में दक्षिण-पश्चिम मानसून तेजी से आगे बढ़ रहा है। इसके साथ ही देश के बड़े हिस्से में मौसम का मिजाज पूरी तरह बदल गया है। भारतीय मौसम विज्ञान विभाग (IMD) ने 1 जुलाई के लिए ताजा अपडेट जारी करते हुए उत्तर प्रदेश और बिहार समेत देश के 25 से …,"India Weather Today 1 July: IMD gave alert of heavy rain from UP to Bihar, weather will worsen with thunderstorms in these 25+ states. Today's weather, July 1: South-west monsoon is advancing rapidly in the country. With this, the weather patterns have completely changed in large parts of the country. The Indian Meteorological Department (IMD) has released the latest update for July 1 from 25 cities of the country including Uttar Pradesh and Bihar.","India Tempestas Hodie 1 Iulii: IMD pluviae graves ab UP ad Bihar vigilavit, tempestas cum tonitribus his 25+ civitatibus ingravescet. Hodiernae tempestatis dies I Iulii: ETESIA meridiem-occidentalem in villam celeriter progreditur. Cum hoc, exemplaria tempestas magna in regionibus regionis omnino mutaverunt. Indicum Meteorologicum Department (IMD) novissimam renovationem pro Iulio 1 e 25 urbibus regionum inter Uttar Pradesh et Bihar dimisit.",https://hindi.moneycontrol.com/india/india-weather-today-1-july-imd-issues-heavy-rain-alert-for-regions-stretching-from-up-to-bihar-weather-worsen-with-thunderstorms-in-over-25-states-article-2416026.html,https://images.moneycontrol.com/static-hindinews/2026/07/rain-in-lucknow-PTI.jpg,,,,2026-07-06 17:57:21+00:00,random,,,
d3ca24283e4023f90806a694d5e59d79,2026-07-02T15:08:34Z,Landslide,भूस्खलन,hindi.moneycontrol.com,hi,0.9,"Erdrutsch in Uttarakhand: Regen verursacht verheerende Schäden in Uttarakhand, Straße Kedarnath-Badrinath von Erdrutschen betroffen. Erdrutsch in Uttarakhand: Aufgrund heftiger Regenfälle in vielen Gebieten von Uttarakhand kam es zu Vorfällen wie Erdrutschen, die zu Verkehrsbehinderungen und Wetterwarnungen in vielen Bezirken, einschließlich Dehradun, führten. Gleichzeitig hat das India Meteorological Department (IMD) in vielen Bezirken mäßige bis starke Regenfälle gemeldet.","Landslide in Uttarakhand: उत्तराखंड में बारिश का कहर, भूस्खलन से केदारनाथ-बद्रीनाथ मार्ग प्रभावित","Landslide in Uttarakhand: उत्तराखंड के कई इलाकों में भारी बारिश के कारण भूस्खलन जैसी घटनाएं हुईं, जिससे ट्रैफिक तो बाधित हुआ ही साथ ही देहरादून सहित कई जिलों में मौसम अलर्ट जारी कर दिया गया। वहीं, भारत मौसम विज्ञान विभाग (IMD) ने कई जिलों में मध्यम से भारी बा…","Landslide in Uttarakhand: Rain wreaks havoc in Uttarakhand, Kedarnath-Badrinath road affected by landslides. Landslide in Uttarakhand: Due to heavy rains in many areas of Uttarakhand, incidents like landslides occurred, due to which traffic was disrupted and weather alert was issued in many districts including Dehradun. At the same time, India Meteorological Department (IMD) has reported moderate to heavy rain in many districts.","Landslide in Uttarakhand: Imber strages in Uttarakhand, Kedarnath-Badrinath via affectus proruit. Landslide in Uttarakhand: Ob pluvias in multis locis Uttarakhand incidentes sicut ruinae factae sunt, ob quas negotiatio turbata est et intentus tempestatibus in multis regionibus inter Dehradunum divulgatus est. Eodem tempore India Meteorologica Department (IMD) moderatum pluviae in multis regionibus rettulit.",https://hindi.moneycontrol.com/india/rain-wreaks-havoc-in-uttarakhand-kedarnath-badrinath-route-affected-by-landslides-article-2416530.html,https://images.moneycontrol.com/static-hindinews/2026/07/उत्तराखंड.jpg,,"Landslide in Uttarakhand: , , (IMD) , 
 , (SDRF) 
 , , , 
, 
 , - - , 
 , "" , "" , 
, IMD , , 
 , 
 :  3 : , , 15+ IMD , ,",,2026-07-06 21:52:58+00:00,random,,,
57b707cca938776ccc365190b013a519,2026-07-05T02:04:04Z,Precipitation,मूसलाधार बारिश,hindi.moneycontrol.com,hi,0.9,"Monsunwache: Der Monsun verwüstet das ganze Land! Linderung der Hitze in Delhi, „Roter Alarm“ in Mumbai, Warnung vor sintflutartigen Regenfällen in diesen vier Bundesstaaten bis zum 9. Juli. Monsunwache in Indien: Der Monsun ist jetzt im ganzen Land in vollem Gange. Sintflutartige Regenfälle haben das Leben in Mumbai, der Finanzhauptstadt des Landes, lahmgelegt. Der Regen in Delhi-NCR hingegen hat den Menschen Linderung von der Hitze gebracht. Das Indian Meteorological Department (IMD) hat die nächsten… angekündigt.","Monsoon Watch: देशभर में मानसून का कहर! दिल्ली में गर्मी से राहत, मुंबई में 'रेड अलर्ट', इन 4 राज्यों में 9 जुलाई तक मूसलाधार बारिश की चेतावनी",India Monsoon Watch: देशभर में मानसून अब पूरी रफ्तार में है। देश की आर्थिक राजधानी मुंबई में मूसलाधार बारिश ने जनजीवन अस्त-व्यस्त कर दिया है। जबकि दिल्ली-एनसीआर में बारिश से लोगों को गर्मी से राहत मिली है। भारतीय मौसम विज्ञान विभाग (IMD) यानी IMD ने अगले कुछ …,"Monsoon Watch: Monsoon wreaks havoc across the country! Relief from heat in Delhi, 'Red Alert' in Mumbai, warning of torrential rains in these 4 states till July 9. India Monsoon Watch: Monsoon is now in full swing across the country. Torrential rains have disrupted life in the country's financial capital Mumbai. Whereas rain in Delhi-NCR has brought relief to the people from the heat. The Indian Meteorological Department (IMD) has announced the next few…","Monsoon Watch: Monsoon per patriam vastat! Relevamen caloris in Delhi, 'Red erecti' in Mumbai, pluviarum torrentium monitus in his 4 civitatibus usque ad Iulium 9. India Monsoon Watch: Monsoon nunc in plena adductius trans regionem est. Imbres torrentes vitam dissipaverunt in capite nummarii patriae Mumbai. Pluviae autem in Delhi-NCR a calore subveniebant. Indicus Meteorologicus Department (IMD) annunciavit paucos proximos…",https://hindi.moneycontrol.com/india/monsoon-havoc-across-india-relief-from-heatwave-in-delhi-imd-red-alert-in-mumbai-warnings-of-torrential-rain-in-four-states-until-july-9-article-2416988.html,https://images.moneycontrol.com/static-hindinews/2026/07/rain-in-mumbai.jpg,,"India Monsoon Watch: - - (IMD) IMD , , ' ' 
 , - IMD , 
-, ' ' IMD , 9 35.4 , 2 
 ' ' BMC , 6 , 180 
 4 5 
IMD , - 4 5 - , , , , , , , - 
 ' ' 6 7 , 11 
4 ' ' 
 , , , , , 
IMD ' , 
 , , , '… [+72 chars]",,2026-07-06 21:52:58+00:00,random,,,
f01ecbbfa3fcd7fd9f077b24f4b3ebd8,2026-07-01T04:06:27Z,Heat Wave,गर्मी,www.aajtak.in,hi,0.9,"115 Grad Hitzegefühl in Amerika, Aufschrei wegen gefährlicher Hitzewelle. Die schwere Hitzewelle in Amerika hat die Probleme von Millionen Menschen verschärft. Der Nationale Wetterdienst hat in 18 Bundesstaaten eine Warnung vor gefährlicher Hitze herausgegeben. Die Luftfeuchtigkeit und die Temperatur werden so hoch sein, dass die Menschen eine Hitze von etwa 115 Grad Fahrenheit, also etwa 46 Grad Celsius, verspüren. …","अमेरिका में 115 डिग्री 'फीलिंग' वाली गर्मी, खतरनाक हीटवेव से हाहाकार",अमेरिका में भीषण हीटवेव ने करोड़ों लोगों की मुश्किलें बढ़ा दी हैं. नेशनल वेदर सर्विस ने 18 राज्यों में खतरनाक गर्मी की चेतावनी जारी की है. तापमान के साथ उमस इतनी ज्यादा होगी कि लोगों को 115 डिग्री फारेनहाइट यानी करीब 46 डिग्री सेल्सियस जैसी गर्मी महसूस होगी. …,"115 degree 'feeling' heat in America, outcry due to dangerous heatwave. The severe heatwave in America has increased the troubles of crores of people. The National Weather Service has issued a dangerous heat warning in 18 states. The humidity along with the temperature will be so high that people will feel heat like 115 degrees Fahrenheit i.e. about 46 degrees Celsius. …","115 Gradus sensus caloris in America, clamor propter aestus periculosos. Gravis aestus in America molestias crores hominum auxit. Tempestatis Nationalis Service periculosum calorem denuntiavit in civitatibus XVIII. Humiditas cum temperatura tam alta erit ut homines calores sentient sicut 115 gradus Fahrenheit i.e. de 46 gradibus Celsius. ...",https://www.aajtak.in/world/story/heatwave-america-heat-index-new-york-temperature-us-latest-news-in-hindi-mnrd-dskc-2591328-2026-07-01,https://akm-img-a-in.tosshub.com/aajtak/images/story/202607/6a4488f8e45cb-heatwave-012643448-16x9.jpg,,". . , 115 46 .
 (NWS) 18 . 6 .
 : US-- , - 
 , 38 . , . 115 46 .
 - . , 4 .
 , 
 , . 80 27 . , .
NWS , . , . 100 110 , 115 .
 : Europe Heatwave 2026: , ! 
 , , , . , .
 , . , 20 35 . , .",,2026-07-07 08:48:06+00:00,random,,,
c7a0b86ca6b834ac18b16d32af1ac4a2,2026-07-02T01:10:22Z,Heat Wave,गर्मी,www.aajtak.in,hi,0.9,"Der Monsun nimmt rapide zu, in den nächsten zwei Tagen regnet es in diesen Bundesstaaten, einschließlich Delhi-UP. Meteorologen sagen, dass das Tempo des Monsuns jetzt besser als normal ist. In den kommenden Tagen wird die Niederschlagsmenge in den meisten Teilen Nord- und Nordwestindiens zunehmen, was für Abhilfe von der sengenden Hitze sorgen und auch der Aussaat von Kharif-Pflanzen neue Impulse verleihen wird.","तेजी से बढ़ रहा मॉनसून, दिल्ली-UP समेत इन राज्यों में अगले 2 दिन में बारिश","मौसम विशेषज्ञों का कहना है कि मॉनसून की रफ्तार अब सामान्य से बेहतर हो रही है. आने वाले कुछ दिनों में उत्तर और उत्तर-पश्चिम भारत के अधिकांश हिस्सों में बारिश का दायरा और बढ़ेगा, जिससे भीषण गर्मी से राहत मिलने के साथ-साथ खरीफ फसलों की बुआई को भी गति मिलेगी.","Monsoon is increasing rapidly, rain in these states including Delhi-UP in the next 2 days. Meteorologists say that the pace of monsoon is now better than normal. In the coming few days, the scope of rain will increase in most parts of North and North-West India, which will provide relief from the scorching heat and will also give impetus to the sowing of Kharif crops.","Monsoon celeriter crescit, pluvia in his civitatibus, quae in Delhi-UP proximis 2 diebus possidet. Astrologi dicunt gressum ETESIA nunc meliorem esse quam normalem. Paucis diebus venientibus, pluviae ambitus in plerisque Indiae septentrionalis et occidentalis occidentalis partibus crescet, quae subsidio aestus praebebit et etiam impetum dabit ad sationem frugum Kharif.",https://www.aajtak.in/india/news/story/southwest-monsoon-2026-north-india-imd-rainfall-forecast-delhi-up-weather-ahlbs-dskc-2592105-2026-07-02,https://akm-img-a-in.tosshub.com/aajtak/images/story/202607/6a45b1fc7d03c-monsoon-update-023357717-16x9.png,,"- . 1 2026 , , , , , , , - .  .  .
 , - , , , , , , , . .
 , - .  (Seasonal Trough) .  .  3 - , .
 . , - . .
 (2 )  , -, , , , , . , , - , .
 , , , , , , , , . , .",,2026-07-07 08:48:06+00:00,random,,,
0546e56ec7137627691a8054af953267,2026-07-02T10:03:41Z,Heat Wave,गर्मी,www.aajtak.in,hi,0.9,"So lässt sich ein durch extreme Hitze verdorrter Garten wiederbeleben. Um Gartenpflanzen nach einer Hitzewelle zu schützen, halten Sie sie in einem hellen Schatten, indem Sie sie vor direkter Sonneneinstrahlung schützen, halten Sie die Feuchtigkeit im Boden durch langsames Gießen aufrecht und entfernen Sie trockene Blätter. Mulchen hält den Boden kühl und hält die Feuchtigkeit aufrecht. Mit regelmäßiger, aber ausgewogener Bewässerung und etwas Geduld …",तेज गर्मी से मुरझाए गार्डन को ऐसे करें दोबारा जीवित,"हीटवेव के बाद बगीचे के पौधों को बचाने के लिए उन्हें सीधी धूप से हटाकर हल्की छांव में रखें, धीरे-धीरे पानी देकर मिट्टी में नमी बनाए रखें और सूखी पत्तियों को हटा दें। मल्चिंग से मिट्टी ठंडी रहती है और नमी बनी रहती है। नियमित लेकिन संतुलित पानी और थोड़े धैर्य के…","This is how to revive a garden that has withered due to extreme heat. To protect garden plants after a heatwave, keep them in light shade by removing them from direct sunlight, maintain moisture in the soil by watering slowly and remove dry leaves. Mulching keeps the soil cool and maintains moisture. With regular but balanced watering and a little patience…","Hoc hortus exaruit ob calorem maximum reviviscere. Hortis plantis tueri post heatwave, in umbra lucis eas a recto sole removens, tenere humorem in solo lente rigando et arida folia removere. Mulching humum refrigerat et conservat humorem. Cum iusto sed temperato inriguo et modica patientia…",https://www.aajtak.in/short-videos/video/to-save-garden-plants-after-a-heatwave-sunlight-partial-shade-maintain-soil-moisture-gradual-watering-mmtc-2592427-2026-07-02,https://akm-img-a-in.tosshub.com/aajtak/images/video/202607/6a46375db5462-plant-in-summer-020303780-16x9.jpg,,"Please rotate your device
 . .",,2026-07-07 08:48:06+00:00,random,,,
9495930cf365d7902197145e7cd39a0e,2026-07-05T10:44:02Z,Heat Wave,गर्मी,www.aajtak.in,hi,0.9,"Starker Regen in Delhi-NCR... Alarmstufe Rot, 15 Flugrouten wurden ebenfalls umgeleitet. Aufgrund starker Regenfälle und starker Winde in Delhi und Umgebung hat die Meteorologische Abteilung Alarmstufe Rot ausgegeben. Der Regen hat die feuchte Hitze gemildert, hatte jedoch erhebliche Auswirkungen auf die Flüge. 15 Flüge wurden am Flughafen Indira Gandhi umgeleitet.","दिल्ली-NCR में झमाझम बारिश... रेड अलर्ट जारी, 15 फ्लाइट्स रूट भी डायवर्ट",दिल्ली और आसपास के इलाकों में भारी बारिश और तेज हवाओं के कारण मौसम विभाग ने रेड अलर्ट जारी किया है. बारिश से उमस भरी गर्मी से तो राहत मिली है लेकिन फ्लाइट्स पर इसका गहरा असर हुआ है. इंदिरा गांधी एयरपोर्ट पर 15 उड़ानों को डायवर्ट किया गया है.,"Heavy rain in Delhi-NCR... Red alert issued, 15 flights route also diverted. Due to heavy rains and strong winds in Delhi and surrounding areas, the Meteorological Department has issued a red alert. The rain has brought relief from the humid heat but it has had a deep impact on flights. 15 flights have been diverted at Indira Gandhi Airport.","Imbribus gravis in Delhi-NCR... Rubra erecta edita, 15 volatus itineris etiam avertuntur. Ob pluvias et ventos fortes in Delhi et circumiectis regionibus, Department Meteorologicum rubrum erectum edidit. Imber auxilium humidi caloris attulit, sed altum volatus impulsum habuit. 15 volatus apud Indira Gandhi Airport sunt distentus.",https://www.aajtak.in/india/delhi/story/delhi-ncr-heavy-rain-red-alert-many-flights-diverted-weather-update-ntc-drmt-rpti-2594475-2026-07-05,https://akm-img-a-in.tosshub.com/aajtak/images/story/202607/6a4a34fc7b5c0-delhi-ncr-heavy-rain-red-alert-054159314-16x9.png,,". -NCR ' ' . .
 . . .
 . .
 ?
 (IMD) , 2:30 49 . 35 , 18 , 17 , 8 7 . 
 . 15 . .
. 10 5 , . 15 .
 . . , ' . . .'
 : , - - , 
 . .",,2026-07-07 08:48:06+00:00,random,,,
d1927c571f0748f8cee844cf93cda834,2026-07-07T09:41:34Z,Storm,हबूब,hindi.moneycontrol.com,hi,0.3,"Rohstoffübersicht: Rückgang bei der Aussaat von Ölsaaten. Wird Speiseöl im Juli und August teurer? Rohstoffübersicht: Die Aussaat von Ölsaaten ging in der Kharif-Saison zurück. Aufgrund des schwachen und späten Monsuns ist die Gesamtfläche für Ölsaaten stark von 109,27 Lakh Hektar im Vorjahr auf 66,31 Lakh Hektar gesunken. Auch hiervon ist der Soja- und Erdnussanbau am stärksten betroffen …","Commodity Roundup: तिलहन की बुआई में गिरावट, जुलाई-अगस्त में महंगा होगा खाने का तेल?",Commodity Roundup: खरीफ सीजन में तिलहन की बुआई में गिरावट आई। कमजोर और देरी से आए मानसून के कारण तिलहन का कुल रकबा पिछले साल के 109.27 लाख हेक्टेयर से तेजी से गिरकर 66.31 लाख हेक्टेयर पर आ गया है। इसमें भी सबसे ज्यादा असर सोयाबीन और मूंगफली की खेती पर पड़ा है…,"Commodity Roundup: Decline in sowing of oilseeds, will edible oil become expensive in July-August? Commodity Roundup: Sowing of oilseeds declined in Kharif season. Due to weak and late monsoon, the total area under oilseeds has fallen sharply to 66.31 lakh hectares from last year's 109.27 lakh hectares. In this too, soybean and groundnut cultivation has been most affected…","Merces Rotundus: Ne declines in satione oilseedum, edibile oleum sumptuosus fiet mense Iulio-Augusto? Merces Rotundus: Semen oilseedum declinavit in tempore Kharif. Ob infirmam et tarde ETESIA, tota area sub oleis seminibus acriter incidit ut 66,31 hectares lakh ab anno praeterito 109,27 hectares lakh. In hac quoque cultura soybeana et groundnut maxime affecta est…",https://hindi.moneycontrol.com/news/commodity/commodity-roundup-decline-in-oilseed-sowing-will-edible-oil-become-expensive-in-july-august-2417662.html,https://images.moneycontrol.com/static-hindinews/2021/12/Khaanekatel.jpg,,"Commodity Roundup: 109.27 66.31 5 17% 11 
- , 
 5 47.80 , 79.20 5 128.71 
, , 
 5 16.93 , 28.00 5 46.70 
 , 2 20 
 3-4 2 2 
 2 
(: .",,2026-07-08 12:00:31+00:00,random,,,
cbf74108044639cd4fcb5b865eaeb29d,2026-07-07T11:27:58Z,Precipitation,मूसलाधार बारिश,hindi.moneycontrol.com,hi,0.9,"Monsun-Update vom 7. Juli: Neues Update zur Geschwindigkeit des Monsuns inmitten starker Regenfälle von Mumbai bis Delhi-UP, IMD gab diese Warnung heraus. Monsun-Überwachung: Inmitten der sintflutartigen Regenfälle in vielen Teilen des Landes hat das Indian Meteorological Department (IMD) ein großes und neues Update zur Geschwindigkeit des Monsuns herausgegeben. Nach Angaben des Meteorological Department (IMD) sind die Wetterbedingungen nach einem langsamen und ungleichmäßigen Tempo im Juni nun …","Monsoon Update 7 July: मुंबई से दिल्ली-यूपी तक धुंआधार बारिश के बीच मानसून की रफ्तार को लेकर आया नया अपडेट, IMD ने दिया ये अलर्ट",Monsoon Watch: देश के कई हिस्सों में हो रही मूसलाधार बारिश के बीच भारतीय मौसम विज्ञान विभाग (IMD) ने मानसून की रफ्तार को लेकर एक बड़ा और नया अपडेट जारी किया है। मौसम विभाग (IMD) के मुताबिक जून के महीने में सुस्त और असमान रफ्तार से आगे बढ़ने के बाद अब दक्षिण-प…,"Monsoon Update 7 July: New update regarding the speed of monsoon amid heavy rain from Mumbai to Delhi-UP, IMD gave this alert. Monsoon Watch: Amidst the torrential rains in many parts of the country, the Indian Meteorological Department (IMD) has issued a big and new update regarding the speed of monsoon. According to the Meteorological Department (IMD), after moving at a slow and uneven pace in the month of June, now…","Monsoon Update 7 Iulii: Nova renovatio de velocitate ETESIAE inter pluvias graves a Mumbai ad Delhi-UP, IMD hoc intentum dedit. Monsoon Vigilia: Inter imbres torrentes in multis partibus regionis, Indicus Meteorologicus Dicasterii (IMD) magnum et novum renovationem de celeritate ETESIAE edidit. Secundum Department Meteorologicum (IMD), lento et inaequabili gradu movens mense Iunio, nunc…",https://hindi.moneycontrol.com/india/monsoon-update-7-july-imd-heavy-rain-alert-delhi-up-mumbai-weather-forecast-india-article-2417696.html,https://images.moneycontrol.com/static-hindinews/2026/06/Monsoon-2026.jpg,,"Monsoon Watch: (IMD) (IMD) - 7 , , 
IMD 15 1 4 23 1901 , 39.8% 
-NCR , 
 IMD -NCR - -NCR , - 32 37 
 -NCR 15 ( , , , , , , - , - , - , - , ) NCR (, , ) 
 (7 9 )
IMD 7, 8 9 7 , 30-40 ( 50 ) 8 9 … [+82 chars]",,2026-07-08 12:00:31+00:00,random,,,
45cbed0f9f06507403186577c1a2faab,2026-07-06T08:15:52Z,Heat Wave,गर्मी,hindi.moneycontrol.com,hi,0.9,"Monsun-Hitze-Erklärer: Der Monsun ist da, aber warum brennen die großen Städte des Landes, einschließlich Delhi NCR,? Inmitten der sengenden und sengenden Hitze bringt die Ankunft des Monsuns immer eine große Erleichterung. Aber für Millionen von Menschen, die in indischen Städten wie Delhi, Mumbai, Ahmedabad und Hyderabad leben, sorgt dieser Regen nicht dafür, dass sich das Wetter kalt anfühlt. Stattdessen sind die Menschen extrem anhänglich und unangenehm …",Monsoon Heat Explainer: मॉनसून आ गया फिर भी क्यों तप रहे दिल्ली NCR समेत देश के बड़े शहर?,"भीषण और झुलसाने वाली गर्मी के बीच मानसून का आना हमेशा एक बड़ी राहत लेकर आता है। लेकिन दिल्ली, मुंबई, अहमदाबाद और हैदराबाद जैसे भारत के शहरों में रहने वाले लाखों लोगों के लिए इस बार की बारिश मौसम को ठंडा महसूस नहीं करा रही है। इसके बजाय लोग बेहद चिपचिपी और असु…","Monsoon Heat Explainer: Monsoon has arrived, yet why are the big cities of the country including Delhi NCR scorching? Amidst the scorching and scorching heat, the arrival of monsoon always brings a great relief. But for millions of people living in Indian cities like Delhi, Mumbai, Ahmedabad and Hyderabad, this rain is not making the weather feel cold. Instead people are extremely clingy and unpleasant…","Monsoon Caloris Explorator: Monsoon advenit, sed cur sunt magnae civitates regionis Delhi NCR exustae? Inter ustionem et aestum adventus ETESIA magnum semper levamen affert. Sed ob decies centena milia hominum in urbibus Indicis sicut Delhi, Mumbai, Ahmedabad et Hyderabad habitant, haec pluvia tempestatem non frigidam sentiunt. Instead sunt maxime clingy et ingratae...",https://hindi.moneycontrol.com/india/the-monsoon-has-arrived-yet-why-are-major-cities-across-the-country-including-delhi-ncr-still-sweltering-article-2417335.html,https://images.moneycontrol.com/static-hindinews/2026/07/monsoon-explainer-1.jpg,,", , ?
 ?
46 50 , 
 , 
 1970 , , , , , , 
 , 
 , , , - 
 ?
 , 
 ?
 , 
 , , , 
 - , 
- - 
 : Mumbai-Pune traffic: - ! 16 , Mumbai-Pune expressway",,2026-07-08 16:54:40+00:00,random,,,
e7f834c380ea61f0c0249b51b44da0c8,2026-07-04T09:35:00Z,Storm,बवंडर,hindi.moneycontrol.com,hi,0.9,"Warnung vor starkem Regen in Indien: Warnung vor starkem Regen, Gewitter und Tornado mit einer Geschwindigkeit von 50–60 km/h in diesen über 25 Bundesstaaten von Delhi bis UP-Bihar. Laut dem neuesten Bulletin des Indian Meteorological Department (IMD) sind die Auswirkungen des Südwestmonsuns mittlerweile im ganzen Land sehr weit verbreitet und aggressiv. Über dem nordwestlichen Golf von Bengalen bildet sich ein deutlich ausgeprägtes Tiefdruckgebiet. Während der nächsten 3 Tage werden Nord-Odisha und Nord…","India Heavy Rain Alert: दिल्ली से यूपी-बिहार तक इन 25+ राज्यों में हैवी बारिश का अलर्ट, आंधी-तूफान और आएगा 50-60kmph स्पीड वाला बवंडर",भारतीय मौसम विज्ञान विभाग (IMD) के ताजा बुलेटिन के मुताबिक देश भर में दक्षिण-पश्चिम मानसून का असर अब बेहद व्यापक और आक्रामक हो चुका है। उत्तर-पश्चिम बंगाल की खाड़ी के ऊपर एक वेल-मार्क लो-प्रेशर एरिया बना हुआ है। इसके अगले 3 दिनों के दौरान उत्तर ओडिशा और उत्तर…,"India Heavy Rain Alert: Alert of heavy rain, thunderstorm and tornado with speed of 50-60kmph in these 25+ states from Delhi to UP-Bihar. According to the latest bulletin of the Indian Meteorological Department (IMD), the effect of the south-west monsoon has now become very widespread and aggressive across the country. A well-marked low-pressure area is formed over northwest Bay of Bengal. During the next 3 days, North Odisha and North…","India Gravis Pluviae erecti: erecti pluviae, tonitrui et turbinis cum velocitate 50-60kmph in his 25+ civitatibus a Delhi ad UP-Bihar. Secundum recentissimam bulletin Department of Indicum Meteorologicum (IMD), effectus monsoon-meridionalis-occidentalis nunc valde divulgatus et infestus factus est per regionem. Notatum humilem pressionem regio supra septentrionalem Bay of Bengalae formatur. Proximis diebus III, Odisha et Septentrionalis…",https://hindi.moneycontrol.com/india/india-heavy-rain-alert-delhi-up-bihar-25-states-heavy-rainfall-thunderstorm-imd-weather-update-july-2026-article-2416911.html,https://images.moneycontrol.com/static-hindinews/2026/07/wethar-rain-alert.jpg,,"(IMD) - - - - 3 -- 4-5 
 , , , 25 50 60 (NLM) , , , , , 4 , , 
/ :
<ul><li> : 4 7 - </li><li> : 4 6 </li><li> : 4 5 </li><li> : 4 </li><li>- : , , </li></ul>
, , : 4 5 9-10 6 8 6-8 4 5 40-50 
 :… [+468 chars]",,2026-07-09 04:27:00+00:00,random,,,
a8ecf030a5df16bc5709356500d7e165,2026-07-01T17:05:32Z,Storm,तूफ़ान वृद्धि रजि. 15 कॉर्डिलेरा,hindi.moneycontrol.com,hi,0.3,"Angesichts der Warnung der Zentralregierung vor El Niño wies Premierminister Modi die Ministerien an, Notfallpläne zu erstellen. Angesichts der Besorgnis über einen schwachen Monsun und zunehmende Niederschlagsdefizite in vielen Teilen des Landes hat Premierminister Narendra Modi alle betroffenen Ministerien angewiesen, Notfallpläne für den Umgang mit den möglichen Auswirkungen von „El Niño“ vorzubereiten. Laut Quellen…","El Nino को लेकर केंद्र सरकार अलर्ट, PM मोदी ने मंत्रालयों को आपात योजना बनाने के दिए निर्देश","देश के कई हिस्सों में कमजोर मानसून और बारिश की बढ़ती कमी को लेकर चिंता के बीच, प्रधानमंत्री नरेंद्र मोदी ने सभी संबंधित मंत्रालयों को 'अल नीनो' (El Nino) के संभावित असर से निपटने के लिए आपातकालीन योजनाओं के साथ तैयार रहने का निर्देश दिया है।सूत्रों के मुताबिक…","Central government alert regarding El Nino, PM Modi instructed ministries to make emergency plans. Amid concerns over weak monsoon and increasing rainfall deficiency in many parts of the country, Prime Minister Narendra Modi has directed all concerned ministries to be prepared with emergency plans to deal with the possible impact of 'El Nino'. According to sources…","Intentio centralis regimen de El Nino, PM Modi ministeria instruebat ad consilia subitis facienda. Inter curas de monsoon infirma et pluviae defectus in multis partibus nationis crescentibus, Primus Minister Narendra Modi omnes ad ministeria curanda parari iussit cum subitis consiliis ut ictum 'El Nino' ​​agere posset. Iuxta fontes…",https://hindi.moneycontrol.com/india/central-government-on-alert-regarding-el-nino-pm-modi-directs-ministries-to-formulate-emergency-plans-article-2416225.html,https://images.moneycontrol.com/static-hindinews/2026/07/pm-modi.jpg,,", ' ' (El Nino) 
 , ' ' , 40% 
 , , , 
, , , 
, , , , , - 
 ' ' 
 , 10 - - 
 , El Nino 
 (IMD) 2026, 1901 39% 92% 
 : Annapurna Yojana: 3,000!",,2026-07-10 12:39:31+00:00,wmo,Chile,SWS,South-America
d267839478af955e82fc1908e47b798d,2026-07-09T11:55:30Z,Precipitation,वर्षा थाईलैंड,hindi.moneycontrol.com,hi,0.3,"Obwohl es einen Tag zu spät war, breitete sich der Monsun über das ganze Land aus, diese drei Regenmengen sind besorgniserregend, großes Update von IMD. Monsunregen-Update: Das Indian Meteorological Department (IMD) hat am Donnerstag ein großes Update veröffentlicht. Demnach ist der Südwestmonsun bis in die restlichen Teile Rajasthans, Haryanas und Punjabs vorgedrungen und hat das gesamte Land erfasst. Das ganze Land steht unter dem Einfluss des Monsuns…","एक दिन देर से ही सही पूरे देश में छा तो गया मानसून पर बारिश के ये 3 आंकड़े चिंता बढ़ाने वाले, IMD का बिग अपडेट","Monsoon Rain Update: भारतीय मौसम विज्ञान विभाग (IMD) ने गुरुवार को एक बड़ा अपडेट शेयर किया है। इसके मुताबिक दक्षिण-पश्चिम मानसून ने राजस्थान, हरियाणा और पंजाब के बचे हुए हिस्सों में आगे बढ़ते हुए पूरे देश को कवर कर लिया है। पूरे देश में मानसून के छाने में साम…","Even though it was a day late, the monsoon spread across the country, these 3 figures of rain are worrying, big update from IMD. Monsoon Rain Update: The Indian Meteorological Department (IMD) shared a big update on Thursday. According to this, the South-West Monsoon has advanced into the remaining parts of Rajasthan, Haryana and Punjab and covered the entire country. The entire country is under the influence of monsoon…","Cum dies sero esset, monsmon per regionem divulgatus est, hae 3 imbres molesti sunt, magna renovatio ab IMD. Monsoon Renovatio Pluviae: Indicum Meteorologicum Department (IMD) magnum renovatio die Iovis communicavit. Secundum hoc, Meridionalis-Occidens Monsoon in reliquas partes Rajasthan, Haryana et Punjab profectus est et totam regionem operuit. Tota regio impulsu ETESIA...",https://hindi.moneycontrol.com/india/monsoon-rain-update-imd-rainfall-deficit-july-weather-forecast-india-monsoon-2026-article-2418360.html,https://images.moneycontrol.com/static-hindinews/2026/07/wethar-rain-alert.jpg,,"Monsoon Rain Update: (IMD) - , (8 ) 3 :
 3 
IMD -
1- 40% 
 40 50.4 1901 (99.5 ) 
2- 14% 
 IMD 1 9 14 
3- (94% LPA)
 30 7 10 ( ) (LPA) 94 
 LPA?
 (Long-Period Average) ( ) 30 50 1971 2020 (L… [+55 chars]",,2026-07-10 12:39:31+00:00,wmo,Thailand,SEA,Asia
d131b64130c2997d6d7e258bdbf8c0a2,2026-07-06T04:11:23Z,Drought,भारत में सूखा,www.aajtak.in,hi,0.9,"El Nino wird die Hitze und das unregelmäßige Wetter verstärken, warnt die WMO. Die WMO hat gewarnt, dass sich El Niño zwischen Juli und September dieses Jahres rasch verstärken wird. Dadurch werden Dürren, starke Regenfälle, Hitzewellen und Meereshitzewellen zunehmen. Landwirtschaft, Gesundheit und Wirtschaft werden in vielen Ländern, darunter auch Indien, betroffen sein.","अल-नीनो बढ़ाएगा अधिक गर्मी और बेतरतीब मौसम, WMO ने दी चेतावनी","WMO ने चेतावनी दी है कि इस साल जुलाई से सितंबर के बीच अल-नीनो तेजी से मजबूत होगा. इससे सूखा, भारी बारिश, लू और समुद्री हीटवेव बढ़ेंगी. भारत समेत कई देशों में कृषि, स्वास्थ्य और अर्थव्यवस्था पर असर पड़ेगा.","El Nino will increase heat and irregular weather, WMO warns. WMO has warned that El Nino will strengthen rapidly between July and September this year. This will increase drought, heavy rains, heatwaves and marine heatwaves. Agriculture, health and economy will be affected in many countries including India.","EL Nino augebit calorem et inordinatam tempestatem, WMO monet. WMO monuit El Nino se hoc anno inter Iulium et Septembrem celeriter firmaturum esse. Haec siccitas, pluviae, aestus et aestus marinosi augent. Agricultura, sanitas et oeconomia in multis regionibus inclusis Indiae afficientur.",https://www.aajtak.in/science/story/el-nino-to-intensify-increasing-likelihood-of-extreme-weather-dskc-2594770-2026-07-06,https://akm-img-a-in.tosshub.com/aajtak/images/story/202607/6a4b279e76969-el-nio-2026-065710994-16x9.jpg,,"- . . , . 
- . 2 . WMO , 2026 . - - . 
 : ' ' , 
. , . - , . .
 : , 
- . WMO , . , , , , . . 
 : ! 5000 KM LPAR 
. - , . , , . , .
 . FAO , , , . 2015-16 - . - , . , .
 : , 
- . , , . , . ,… [+125 chars]",,2026-07-10 12:39:31+00:00,edo,India,SAS,Asia
df1c13555787c7abb190a748ca13bdd7,2026-07-10T02:42:11Z,Heat Wave,हीट वेव कनाडा,hindi.moneycontrol.com,hi,0.3,"IMD-Starkregenwarnung: Monsun erreicht ganz Indien! Heute wird es in Delhi heftigen Regen geben, in UP-Uttarakhand herrscht Alarmstufe Rot, auch in Mumbai wird es Wolken regnen. Warnung vor starkem Regen: Das India Meteorological Department (IMD) hat für Freitag (10. Juli) eine Warnung vor starkem bis extrem starkem Regen in vielen Teilen von Delhi, Uttar Pradesh und Uttarakhand herausgegeben. Gleichzeitig ist die Niederschlagsintensität in den meisten Gebieten von Maharashtra, einschließlich Mumbai, geringer und…","IMD Heavy Rain Alert: पूरे भारत में पहुंचा मानसून! दिल्ली में आज होगी भारी बारिश, UP-उत्तराखंड में 'रेड अलर्ट', मुंबई में भी बरसेंगे बादल","Heavy Rain Alert: भारत मौसम विज्ञान विभाग (IMD) ने शुक्रवार (10 जुलाई) के लिए दिल्ली, उत्तर प्रदेश और उत्तराखंड के कई हिस्सों में भारी से अत्यधिक भारी बारिश का अलर्ट जारी किया है। वहीं, मुंबई समेत महाराष्ट्र के अधिकांश इलाकों में बारिश की तीव्रता कम रहने और ह…","IMD Heavy Rain Alert: Monsoon reaches entire India! There will be heavy rain in Delhi today, 'Red Alert' in UP-Uttarakhand, clouds will rain in Mumbai also. Heavy Rain Alert: India Meteorological Department (IMD) has issued an alert of heavy to extremely heavy rain in many parts of Delhi, Uttar Pradesh and Uttarakhand for Friday (July 10). At the same time, in most areas of Maharashtra including Mumbai, the intensity of rain is less and…","IMD Gravis Pluviae erecti: Monsoon totam Indiam attingit! Pluviae graves in Delhi hodie erunt, 'Rubra erecti' in UP-Uttarakhand, nubes etiam in Mumbai pluent. Gravis Pluviae erecti: Indiae Department Meteorologicum (IMD) in pluribus partibus Delhi, Uttar Pradesh et Uttarakhand vehementiae pluviae emisit diem Veneris (Iuli. 10). Eodem tempore, in plerisque regionibus Mumbai Maharashtra possidet, intensio pluviae minor est et…",https://hindi.moneycontrol.com/india/heavy-rain-alert-monsoon-rain-reaches-across-india-heavy-rains-alert-for-states-including-delhi-up-and-uttarakhand-by-imd-article-2418447.html,https://images.moneycontrol.com/static-hindinews/2026/07/RAIN_10.jpg,,"Heavy Rain Alert: (IMD) (10 ) , , IMD , - , , , , - 
IMD , 9 - , ,   8 , , , - , , 
' ' 
IMD  ' ' , 10 - IMD , , , 
 , , , , , , , 
 ' '
 , , , , , , , , , , , , 
 ' '
 , , , , , , , (Low Pre… [+122 chars]",,2026-07-11 16:14:59+00:00,wmo,Canada,NEN,North-America
00bdea773c2716ce637baea001ceb17d,2026-07-11T11:33:23Z,Precipitation,आंधी तूफान,hindi.moneycontrol.com,hi,0.9,"Das Wetter von morgen, 12. Juli: Starker Regen von Delhi bis UP-Bihar, IMD gab diese Sturmwarnung aus. Wettervorhersage für den 12. Juli: Der Monsun bleibt in den meisten Teilen des Landes aktiv. Nach Angaben des Indian Meteorological Department (IMD) besteht am 12. Juli in Zentralindien, Ostindien, den nordöstlichen Bundesstaaten und den westlichen Küstengebieten die Möglichkeit für kräftigen Regen. In vielen Bundesstaaten stark bis sehr stark …","कल का मौसम 12 जुलाई: दिल्ली से यूपी-बिहार तक भारी बारिश का तांडव, IMD ने आंधी तूफान का ये अलर्ट दिया","Weather Forecast for July 12: देश के अधिकांश हिस्सों में मानसून सक्रिय बना हुआ है। भारतीय मौसम विभाग (IMD) के अनुसार 12 जुलाई को मध्य भारत, पूर्वी भारत, पूर्वोत्तर राज्यों और पश्चिमी तटीय इलाकों में अच्छी बारिश होने की संभावना है। कई राज्यों में भारी से बहुत …","Tomorrow's weather, July 12: Heavy rain from Delhi to UP-Bihar, IMD gave this alert of storm. Weather Forecast for July 12: Monsoon remains active in most parts of the country. According to the Indian Meteorological Department (IMD), there is a possibility of good rain in Central India, Eastern India, North-Eastern states and western coastal areas on July 12. Heavy to very heavy in many states…","Cras tempestas, mensis Iulii: Imber gravis e Delhi ad UP-Bihar, IMD hanc procellam intentus dedit. Tempestas Weather for July 12: Monsoon activa in plerisque regionis partibus manet. Secundum Indicum Meteorologicum Department (IMD), possibilitas pluviae bonae in India centrali, India orientali, civitatibus septentrionalibus orientalibus et in locis maritimis occidentis die 12 mensis Iulii. Gravis est gravissimis in multis civitatibus…",https://hindi.moneycontrol.com/india/weather-forecast-for-july-12-heavy-rain-wreaks-havoc-from-delhi-to-up-and-bihar-imd-issues-alert-for-thunderstorms-article-2418863.html,https://images.moneycontrol.com/static-hindinews/2026/07/Weather-Forecast-for-July-12.jpg,,"Weather Forecast for July 12: (IMD) 12 , , -, 40 60 
 , 12 , , , , , 
, - 40 50 , 60 30 50 
 - , 
, , , :-
 , , , , , 
, , , -, 
, , , , , -, 40 60 . ( ) 
 24 
 24 , , , , , , , , 
 19 16 ,… [+296 chars]",,2026-07-13 04:07:05+00:00,random,,,
4d1596c08a2558f878b97c9a38a81223,2026-07-04T01:12:02Z,Precipitation,आंधी तूफान,www.aajtak.in,hi,0.8,"Starker Regen im Nordwesten Indiens in den nächsten 4-5 Tagen, aktuelle Informationen zum Monsun. Der Monsun hat in vielen Teilen, darunter Gujarat und Rajasthan, Fortschritte gemacht. Seine Wirkung nimmt vom Nordarabischen Meer bis nach Zentralindien zu, weshalb in den nächsten vier bis fünf Tagen mit einer Intensivierung der Regenfälle im Nordwesten Indiens zu rechnen ist. In vielen Bundesstaaten werden starke bis sehr starke Regenfälle, Gewitter und starke Winde erwartet.","अगले 4–5 दिन में उत्तर-पश्चिम भारत में तेज बारिश, जानें मॉनसून पर अपडेट","गुजरात-राजस्थान समेत कई हिस्सों में मॉनसून आगे बढ़ चुका है. उत्तर अरब सागर से लेकर मध्य भारत तक इसका प्रभाव बढ़ रहा है, जिससे अगले 4–5 दिनों में उत्तर-पश्चिम भारत में बारिश तेज होने के आसार हैं. कई राज्यों में भारी से बहुत भारी बारिश, आंधी-तूफान और तेज हवाओं …","Heavy rain in North-West India in the next 4-5 days, know updates on monsoon. Monsoon has advanced in many parts including Gujarat and Rajasthan. Its effect is increasing from the North Arabian Sea to Central India, due to which the rains are expected to intensify in North-West India in the next 4–5 days. Heavy to very heavy rains, thunderstorms and strong winds are expected in many states.","Imbribus gravis in India septentrionali-Occidentalis 4-5 diebus proximis, scitote updates in monsoon. Monsoon multis partibus in quibus Gujarat et Rajasthan processit. Effectus eius augetur ex Mare Arabico in Indiam Mediam, propter quam pluviae in India occidentali proximo 4-5 dies augendae exspectantur. Gravis imbribus, procellis et ventis validis in multis civitatibus exspectatur.",https://www.aajtak.in/india/news/story/monsoon-advances-gujarat-rajasthan-northwest-india-heavy-rain-forecast-ahlbs-dskc-2593530-2026-07-04,https://akm-img-a-in.tosshub.com/aajtak/images/story/202607/6a484872ba5ed-monsoon-update-034029111-16x9.png,,"- - .  - . IMD , , , - . 
 45 , .  - - , .
 -, 3 9 . , , - - . (6070 / ) . .
 , .  - . , , .  4 . - .
 , , - . , - . .
 , , , . . , , - .",,2026-07-13 08:30:48+00:00,random,,,
a0e5cf47aa58d7e9f85572c9dcc03c06,2026-07-01T07:55:29Z,Precipitation,आंधी तूफान,www.aajtak.in,hi,0.9,"In Delhi kommt der Vormonsun, gelbe Warnung wegen Gewitter und Regen. Die Aktivitäten vor dem Monsun dauern in Delhi mit starken Gewittern und Regen an. Das Wetteramt hat für Delhi eine gelbe Warnung herausgegeben, weshalb in vielen Gebieten die Möglichkeit starker Stürme und Regenfälle besteht. Dies sind natürliche Aktivitäten vor dem Monsun, die auf einen Wetterwechsel hinweisen.","दिल्ली में प्री मॉनसून की दस्तक, आंधी बारिश का जारी येलो अलर्ट","दिल्ली में प्री मॉनसून गतिविधियां तेज आंधी तूफान और बारिश के साथ जारी हैं. मौसम विभाग ने दिल्ली के लिए येलो अलर्ट जारी किया है, जिसके कारण कई इलाकों में तेज आंधी और बारिश की संभावना है. ये प्री मॉनसून की प्राकृतिक गतिविधियां हैं जो मौसम में बदलाव का संकेत देत…","Pre-monsoon arrives in Delhi, yellow alert issued for thunderstorm and rain. Pre-monsoon activities continue in Delhi with strong thunderstorms and rain. The Meteorological Department has issued a yellow alert for Delhi, due to which there is a possibility of strong storm and rain in many areas. These are natural activities of pre-monsoon which indicate change in weather.","Pre-monsoon in Delhi advenit, croceus erectus pro tonitribus et pluviis editus. Pre-monson actiones in Delhi pergunt cum validis tonitribus et pluviis. Department Meteorologicum flavo intentum Delhi edidit, ob quam possibilitas tempestatis et pluviae in multis locis est. Hae sunt actiones naturales praemonensae quae mutationem tempestatum indicant.",https://www.aajtak.in/short-videos/video/pre-monsoon-activities-trigger-yellow-alert-in-delhi-ytvd-vdos-2591488-2026-07-01,https://akm-img-a-in.tosshub.com/aajtak/images/video/202607/01_jul_26_delhi_02_poster.0000000-original.jpg,,"Please rotate your device
 . .",,2026-07-13 08:30:48+00:00,random,,,
d4a2c7fab4baf61f17fba8d82a8f6835,2026-07-01T07:59:15Z,Precipitation,आंधी तूफान,www.aajtak.in,hi,0.9,"Warnung vor Gewitter und Regen in Delhi in den nächsten 48 Stunden. Es besteht die Möglichkeit eines Gewitters und heftigen Regens mit der Ankunft des Monsuns in Delhi in den nächsten 48 Stunden. Laut der Warnung des Meteorologischen Amtes können starke Stürme und starker Regen zum Verlust von Leben und Eigentum führen. Daher wurde der Öffentlichkeit geraten, wachsam zu bleiben. In dieser Zeit sollte jeder vorsichtig sein und…",दिल्ली में अगले 48 घंटे में आंधी तूफान और बारिश की चेतावनी,"आगामी 48 घंटों के दौरान दिल्ली में मॉनसून की दस्तक के साथ आंधी और तेज बारिश की संभावना है. मौसम विभाग की चेतावनी के अनुसार, तेज आंधी और भारी बारिश से जानमाल का नुकसान हो सकता है. इसलिए जनता को सतर्क रहने की सलाह दी गई है. इस दौरान सभी लोग सावधानी बरतें और बाह…","Warning of thunderstorm and rain in Delhi in the next 48 hours. There is a possibility of thunderstorm and heavy rain with the arrival of monsoon in Delhi during the next 48 hours. According to the warning of the Meteorological Department, strong storm and heavy rain can cause loss of life and property. Therefore, the public has been advised to remain alert. During this time, everyone should be careful and…","Admonitio tonitrui et pluviae in Delhi in proximis 48 horis. Possibile est tonitrui et pluviae magnae cum adventu ETESIA in Delhi proximis 48 horis. Secundum documentum Department of Meteorologicum, tempestas valida et gravis pluvia causare potest detrimentum vitae et bonorum. Ideo consilium publicum est ut intenti maneant. Hoc tempore omnes solliciti sint et…",https://www.aajtak.in/short-videos/video/monsoon-to-hit-delhi-with-storm-and-heavy-rain-in-next-48-hours-ytvd-vdos-2591491-2026-07-01,https://akm-img-a-in.tosshub.com/aajtak/images/video/202607/01_jul_26_delhi_03_poster.0000000-original.jpg,,"Please rotate your device
 . .",,2026-07-13 08:30:48+00:00,random,,,
7d03d8e6d351f05d9e9f267cef9b5af8,2026-07-08T10:16:22Z,Precipitation,मूसलाधार बारिश,www.aajtak.in,hi,0.9,"Sintflutartiger Regen von Delhi bis Mumbai, sehen Sie die Verwüstung in Bildern. Der Regen- und Sturmprozess geht von Delhi bis Mumbai weiter. Unterdessen hat das Wetteramt eine Warnung herausgegeben, dass es in den nächsten 10 Stunden zu starkem Regen und Sturm in 15 Bundesstaaten kommen wird. In dieser Zeit können Winde mit einer Geschwindigkeit von bis zu 70 Kilometern pro Stunde wehen. Während des Regens der himmlische…","दिल्ली से लेकर मुंबई तक मूसलाधार बारिश, तस्वीरों में देखें तबाही",दिल्ली से लेकर मुंबई तक बारिश और आंधी-तूफान का सिलसिला जारी है. इस बीच मौसम विभाग ने अगले 10 घंटे में 15 राज्यों में भारी बारिश के साथ आंधी-तूफान को लेकर अलर्ट जारी किया है. इस दौरान 70 किलोमीटर प्रति घंटे की रफ्तार से हवाएं चल सकती हैं. बारिश के दौरान आकाशीय…,"Torrential rain from Delhi to Mumbai, see the devastation in pictures. The process of rain and storm continues from Delhi to Mumbai. Meanwhile, the Meteorological Department has issued an alert regarding heavy rain and storm in 15 states in the next 10 hours. During this period, winds can blow at a speed of 70 kilometers per hour. During the rain the celestial…","Imbres torrentes a Delhi usque ad Mumbai, vide vastitatem in picturis. Processus pluviae et tempestatis a Delhi usque ad Mumbai pergit. Interea Department Meteorologicum in 15 civitatibus proximis 10 horis in pluvia et tempestate intenti excitavit. Hoc tempore, venti celeritatem 70 chiliometrorum per horae flare possunt. Imber caelestis...",https://www.aajtak.in/india/news/video/torrential-rain-from-delhi-to-mumbai-watch-devastation-pictures-vdop-2596953-2026-07-08,https://akm-img-a-in.tosshub.com/aajtak/images/video/202607/6a4e234f26336-torrential-rain-from-delhi-to-mumbai-081537643-16x9.png,,"- . 10 15 - . 70 . , . ...",,2026-07-13 08:30:48+00:00,random,,,
46d318708b0d47c6eefc371c5d8a7b33,2026-07-06T01:58:39Z,Drought,भारत में वर्षा की कमी,hindi.moneycontrol.com,hi,0.3,"Mumbai-Regen: In Mumbai regnete eine Katastrophe vom Himmel! 6 Menschen starben, Schulen und Hochschulen bleiben heute geschlossen. Regenfälle in Mumbai: Mindestens sechs Menschen starben und einer wurde verletzt, als in der Nacht zum Sonntag (5. Juli) im Mumbaier Stadtteil Mankhurd bei starkem Regen ein dreistöckiges Gebäude einstürzte. Beamte sagten, es sei zu befürchten, dass eine Person unter den Trümmern eingeklemmt sei. Nationale AAP soll ihn finden ...","Mumbai Rains: मुंबई में आसमान से बरसी आफत! 6 लोगों की मौत, आज बंद रहेंगे स्कूल-कॉलेज",Mumbai Rains: मुंबई के मानखुर्द इलाके में रविवार (5 जुलाई) रात भारी बारिश के बीच तीन मंजिला चॉल ढह जाने से कम से कम छह लोगों की मौत हो गई और एक घायल हो गया। अधिकारियों ने बताया कि मलबे के नीचे एक व्यक्ति के फंसे होने की आशंका है। उसे खोजने के लिए राष्ट्रीय आप…,"Mumbai Rains: Disaster rained from the sky in Mumbai! 6 people died, schools and colleges will remain closed today. Mumbai Rains: At least six people died and one was injured when a three-storey chawl collapsed amid heavy rain in Mumbai's Mankhurd area on Sunday (July 5) night. Officials said that one person is feared trapped under the debris. National AAP to find him…","Mumbai pluit: malum de caelo in Mumbai pluit! VI homines mortui sunt, scholae et collegia hodie clausa manebunt. Mumbai imbres: Saltem sex homines mortui sunt et unus vulneratus est cum tres tabularii chaw inter graves pluvias in area Mankhurd Mumbai die Dominico (V Iulii) conciderunt. Magistratus dixerunt quod unus homo sub strages capi timetur. National AAP invenire eum…",https://hindi.moneycontrol.com/india/mumbai-rains-havoc-from-the-skies-in-maharashtra-6-dead-schools-and-colleges-to-remain-closed-today-saya-bmc-article-2417185.html,https://images.moneycontrol.com/static-hindinews/2026/07/skies-in-Maharashtra.jpg,,"Mumbai Rains: (5 ) (NDRF) (BMC) , 
 , -5 , - , (), , () 108 
(BJP) 
 -
, , 6 , (BMC) (IMD) ' , 
 3 
 - 30 
 , 
 - Monsoon Watch: ! , ' ', 4 9 
 , IMD",,2026-07-14 21:27:22+00:00,edo,India,SAS,Asia
5aa19b5a1a539b5cf1328f2ca8cc57be,2026-07-13T04:37:13Z,Landslide,कीचड़ का प्रवाह,hindi.moneycontrol.com,hi,0.3,"Stromausfall in Delhi, 14. Juli: In diesen Gebieten von Delhi wird es morgen zu einem Stromausfall kommen. Informieren Sie sich über die Uhrzeit und die vollständige Liste Ihrer Region. Stromausfall in Delhi, 14. Juli: Die Stromversorgung könnte am Dienstag (14. Juli) in vielen Gebieten der Landeshauptstadt Delhi beeinträchtigt sein. Diese Kürzung erfolgt aufgrund von Wartungsarbeiten durch BSES Rajdhani Power Limited (BRPL). Nach Angaben des Stromverteilungsunternehmens sind Wartung und Information…","Delhi Power Cut 14 July: दिल्ली के इन इलाकों में कल रहेगी बिजली कटौती, जानें आपके क्षेत्र का टाइम और पूरी लिस्ट","Delhi Power Cut 14 July: देश की राष्ट्रीय राजधानी दिल्ली के कई इलाकों में मंगलवार (14 जुलाई) को बिजली सप्लाई प्रभावित रह सकती है। यह कटौती BSES राजधनी पावर लिमिटेड (BRPL) द्वारा मेंटेनेंस काम के कारण की जा रही है। बिजली वितरण कंपनी के अनुसार, मेंटेनेंस और इंफ…","Delhi Power Cut 14 July: There will be power cut in these areas of Delhi tomorrow, know the time and complete list of your area. Delhi Power Cut 14 July: Power supply may be affected in many areas of the country's national capital Delhi on Tuesday (July 14). This cut is being made due to maintenance work by BSES Rajdhani Power Limited (BRPL). According to the electricity distribution company, maintenance and information…","Delhi Power Cut 14 Iulii: Cras potestas in his locis Delhi incisa erit, cognosce tempus et indicem completae areae tuae. Delhi Power Cut 14 Iulii: Copia potentiae in multis locis capitali patriae nationalis Delhi die Martis (die 14 Iulii). Haec concisio facta est propter sustentationem operis a BSES Rajdhani Power Limited (BRPL). Secundum distributionem societatis electricitatis, sustentationis et informationis…",https://hindi.moneycontrol.com/india/power-cuts-scheduled-for-these-delhi-areas-on-july-14-check-the-timings-for-your-locality-and-the-full-list-article-2419164.html,https://images.moneycontrol.com/static-hindinews/2026/07/delhi-power.jpg,,"Delhi Power Cut 14 July:   (14 ) BSES (BRPL) , - 
 :
:   11:00 12: 30 8, , P , A-1, , WZ 2 
: 10:00 12:00 CA , 
 : 11:00 13: 00 RWA 
: 11:00 14:00 
: 11:00 12:07 S.D.A 
: 11:00 15:00 
: 11:00… [+225 chars]",,2026-07-14 21:27:22+00:00,random,,,
6b76c04b3a1c233f201da56f5737f465,2026-07-10T12:01:54Z,Precipitation,आंधी तूफान,hindi.moneycontrol.com,hi,0.8,"Das Wetter von morgen, 11. Juli: IMD warnt vor starkem Regen in diesen 12 Staaten, Wolken werden im Nordosten regnen, einschließlich Bihar-Ost UP, hier Gewitter. Wetter-Update für Indien: Das Indische Meteorologische Amt (IMD) hat für den 11. Juli einen detaillierten Wetterbericht für das ganze Land veröffentlicht. Laut dem Evening Weather Bulletin des Meteorologischen Amtes herrscht derzeit über den nördlichen Teilen von Zentral-Uttar Pradesh ein Tiefdruckgebiet. Damit…","कल का मौसम 11 जुलाई: IMD ने इन 12 राज्यों में भारी बारिश का अलर्ट दिया, बिहार-पूर्वी यूपी समेत पूर्वोत्तर में बरसेंगे बादल, यहां आंधी-तूफान",India Weather Update: भारतीय मौसम विज्ञान विभाग (IMD) ने 11 जुलाई के लिए देश भर का विस्तृत मौसम बुलेटिन जारी कर दिया है। मौसम विभाग के इवनिंग वेदर बुलेटिन के मुताबिक इस समय मध्य उत्तर प्रदेश के उत्तरी हिस्सों पर कम दबाव का क्षेत्र लगातार बना हुआ है। इसके साथ …,"Tomorrow's weather, July 11: IMD gave alert of heavy rain in these 12 states, clouds will rain in Northeast including Bihar-East UP, thunderstorm here. India Weather Update: The Indian Meteorological Department (IMD) has released a detailed weather bulletin across the country for July 11. According to the Evening Weather Bulletin of the Meteorological Department, at present a low pressure area is persistent over the northern parts of Central Uttar Pradesh. With this…","Cras tempestas, Iulii 11: IMD pluviae graves in his 12 civitatibus excitavit, nubes pluviae in Orientem inter Bihar-East UP, hic tonitribus. Tempestas Renovatio Indiae: Indicum Meteorologicum Department (IMD) expressam tempestatum bulletin per regionem pro Iulio 11. dimisit secundum vespertinam Bulletin de Department meteorologico, nunc regio pressa humilis in partibus septentrionalibus Centralis Uttar Pradesh perseverat. Cum hoc…",https://hindi.moneycontrol.com/india/on-july-11-the-imd-issued-a-heavy-rainfall-alert-for-these-12-states-torrential-rain-is-expected-in-the-northeast-including-bihar-and-eastern-up-article-2418638.html,https://images.moneycontrol.com/static-hindinews/2026/07/दिल्ली-में-भारी-बारिश.jpg,,"India Weather Update: (IMD) 11 9.5 , , , , -- , 11 12 - 
 11 - -
7 
 11 7 -
 - 
- 9 
IMD 11 - :
-, 
 - 11 -, - IMD 11 , , - 40 50 , - , , , , , - 30 40 , , , , , - 11 , 
 : IMD : , 16 ! 16",,2026-07-14 21:27:22+00:00,random,,,
189d92ac7f5dd3bb923e2c12acfb3235,2026-07-12T09:27:59Z,Precipitation,आंधी तूफान,hindi.moneycontrol.com,hi,0.8,"Warnung des IMD: Extremes Wetter, starke Regenfälle und Stürme richten verheerende Schäden in diesen über 16 Bundesstaaten an, darunter Eastern UP und Bihar! Das Wetter bleibt bis zum 18. Juli so. Indien-Wetter-Update: Inmitten der Monsunaktivität im ganzen Land hat das Indische Wetteramt (IMD) am 12. Juli einen umfassenden Wetterbericht für viele Teile des Landes herausgegeben. Nach Angaben des Wetteramtes wird es in den nächsten zwei bis drei Tagen im Nordosten Indiens, in Westbengalen und in Bihar zu Gewittern kommen.","IMD की चेतावनी: पूर्वी यूपी, बिहार संग इन 16+ राज्यों में एक्ट्रीम वेदर, भारी बारिश और आंधी-तूफान का कहर! 18 जुलाई तक ऐसा रहेगा मौसम","India Weather Update: देश भर में मॉनसून की सक्रियता के बीच भारतीय मौसम विज्ञान विभाग (IMD) ने 12 जुलाई को देश के कई हिस्सों के लिए एक बड़ा वेदर बुलेटिन जारी किया है। मौसम विभाग के मुताबिक अगले 2 से 3 दिनों के दौरान उत्तर-पूर्वी भारत, पश्चिम बंगाल और बिहार में…","IMD's warning: Extreme weather, heavy rains and storms wreak havoc in these 16+ states including Eastern UP, Bihar! The weather will remain like this till 18th July. India Weather Update: Amidst the activity of monsoon across the country, the Indian Meteorological Department (IMD) has issued a major weather bulletin for many parts of the country on July 12. According to the Meteorological Department, during the next 2 to 3 days, there will be thunderstorms in North-East India, West Bengal and Bihar.","Monuit IMD: Extremae tempestatis, imbribus ac procellis gravia calamitates in his 16+ civitatibus inter quas Orientales UP, Bihar! Tempestas sic erit usque ad diem 18 Iulii. Tempestas Renovatio Indiae: Inter activitates ETESIAE per regionem, Department Meteorologicum Indicum (IMD) magnum bulletin tempestatis in multis patriae partibus edidit die mensis Iulii XII. Secundum Department Meteorologicum, proximis diebus 2 ad 3 dies, tonitrua erunt in India septentrionali, West Bengal et Bihar.",https://hindi.moneycontrol.com/india/imd-weather-update-12-to-18-july-heavy-rain-alert-bihar-east-up-these-states-monsoon-forecast-article-2419017.html,https://images.moneycontrol.com/static-hindinews/2026/06/India-Weather-Today_RAIN.jpg,,"India Weather Update: (IMD) 12 2 3 - , 4 5 
 6 7 - - - IMD 12 18 
 24 
24 (12 08:30 ) 21 12 20 , - 7 11 - , - 60 80 - , , , , , 40 60 / 
12 18 
 - 18 :
- 
-- 12 13 18 40-50 / 12 18 12-16 17-18… [+253 chars]",,2026-07-14 21:27:22+00:00,random,,,
80eed18f89156907cb18b8ad1e02eb02,2026-07-07T08:38:53Z,Precipitation,मूसलाधार बारिश,hindi.moneycontrol.com,hi,0.9,"Mumbai Rains Tracker: Es regnet in Mumbai, in Lonavala regnet es einen Monat lang in nur zwei Tagen! In Powai kam auch ein 7 Fuß langes Krokodil zum Vorschein. Update zu den Regenfällen in Mumbai: Heftige Monsunregen richten weiterhin verheerende Schäden in Maharashtra an. Die sintflutartigen Regenfälle am Montag brachten das Leben völlig zum Erliegen und legten das Verkehrssystem im ganzen Staat lahm. Aufgrund starker Regenfälle kam es in vielen Gebieten zu überschwemmungsähnlichen Situationen…","Mumbai Rains Tracker: मुंबई में बरस रही आफत, लोनावाला में 2 दिन में ही महीने भर की बारिश! पवई में 7 फीट का मगरमच्छ भी आया बाहर",Mumbai Rains Update: महाराष्ट्र में मॉनसून की भारी बारिश का कहर लगातार जारी है। सोमवार को हुई मूसलाधार बरसात ने जनजीवन को पूरी तरह से अस्त-व्यस्त कर दिया और राज्य भर में परिवहन व्यवस्था को ठप कर दिया। कई क्षेत्रों में भारी बारिश के कारण बाढ़ जैसे हालात पैदा ह…,"Mumbai Rains Tracker: It's raining in Mumbai, a month's worth of rain in Lonavala in just 2 days! A 7 feet crocodile also came out in Powai. Mumbai Rains Update: Heavy monsoon rains continue to wreak havoc in Maharashtra. The torrential rains on Monday completely disrupted life and paralyzed the transport system across the state. Due to heavy rains in many areas, flood like situations have arisen…","Mumbai Rains Tracker: Pluit in Mumbai, pluviae in Lonavala in mense iusto in diebus II! A 7 pedibus etiam crocodilus in Powai egressus est. Mumbai pluit Update: Gravis ETESIA pluviae pergunt ad perdat in Maharashtra. Imbres torrentes die Lunae vitam penitus dissipaverunt et systema onerariorum trans rem publicam paralytici sunt. Ob imbribus multis in locis, inundatio sicut condiciones ortae sunt…",https://hindi.moneycontrol.com/india/havoc-in-mumbai-lonavala-receives-a-month-worth-of-rain-in-just-two-days-a-7-foot-crocodile-also-emerged-in-powai-article-2417640.html,https://images.moneycontrol.com/static-hindinews/2026/07/mumbai-barish.jpg,,"Mumbai Rains Update: - (IMD) 
 2 1290 mm , 
 (IMD) 48 1290 5 670 6 620 
7 
 , 4 
 200 744.2 805.6 94 
 , 
 (MSRDC) - - '- ' (MMR) 
, 
 , (MMR) , , , , 
 :  7 : IMD 23 - , -",,2026-07-14 21:27:22+00:00,random,,,
4245b4f09b066f47b16859468b590bb2,2026-07-09T07:55:47Z,Precipitation,मूसलाधार बारिश,hindi.moneycontrol.com,hi,0.9,"Heftiger Regen richtet in Delhi-NCR verheerende Schäden an! Straßen wurden zu Flüssen, Menschen leiden unter Staunässe und Staus, Video ansehen. Regen in Delhi: Sintflutartige Regenfälle in Delhi und im gesamten NCR haben am Donnerstagmorgen das Leben schwer beeinträchtigt. Aufgrund starker Regenfälle standen die Straßen vielerorts unter Wasser, es kam zu langen Staus und tägliche Pendler hatten mit vielen Problemen zu kämpfen. Ein Video ist aufgetaucht…","दिल्ली-एनसीआर में भारी बारिश का कहर! सड़कें बनीं नदियां, जलभराव और ट्रैफिक जाम से लोग बेहाल, देखें वीडियो","Delhi Rain: गुरुवार सुबह दिल्ली और पूरे एनसीआर में हुई मूसलाधार बारिश ने जनजीवन को बुरी तरह प्रभावित कर दिया। तेज बारिश के कारण कई इलाकों की सड़कें डूब गईं, लंबा ट्रैफिक जाम लग गया और रोजाना आने-जाने वालों की भारी परेशानी का सामना करना पड़ा। सामने आए एक वीडिय…","Heavy rain wreaks havoc in Delhi-NCR! Roads became rivers, people are suffering due to waterlogging and traffic jams, watch video. Delhi Rain: Torrential rains in Delhi and entire NCR on Thursday morning severely affected life. Due to heavy rains, roads in many areas got submerged, there were long traffic jams and daily commuters had to face a lot of trouble. A video surfaced…","Imber gravis in Delhi-NCR vastat! Viae fluvii factae sunt, homines ob waterlogging et negotiationes jams laborantes, vigilare video. Delhi Pluvia: imbres torrentes in Delhi et integri NCR die Iovis mane vitam graviter affectaverunt. Ob imbribus, viae multis in locis demersae, negotiationes diutinae erant, et cotidiani commuters obviam multum negotii habebant. Video exsurrexerunt…",https://hindi.moneycontrol.com/india/heavy-rain-turns-roads-into-rivers-in-delhi-ncr-people-struggle-with-waterlogging-and-traffic-jams-watch-video-article-2418250.html,https://images.moneycontrol.com/static-hindinews/2026/07/Flood.jpg,,"#WATCH | Bulandshahr, Uttar Pradesh: Heavy rainfall triggered widespread waterlogging in parts of Bulandshahr. Water entered houses and shops, disrupting normal life. pic.twitter.com/HuNHINtRyW
 ANI… [+40 chars]",,2026-07-14 21:27:22+00:00,random,,,
2d9a4ea89fea45365149d1ab0186bd47,2026-07-12T05:00:49Z,Storm,बवंडर,hindi.moneycontrol.com,hi,0.9,"Heutiges Wetter, 12. Juli: IMD hat in diesen 18 Staaten vor starkem Regen gewarnt, zusammen mit UP wird es in diesen Gebieten zu einem Tornado-Sturm kommen. Indien Wetter heute: Die Auswirkungen des Monsuns sind im ganzen Land kontinuierlich zu beobachten. Das Indische Meteorologische Amt (IMD) hat den neuesten Morgenwetterbericht des Landes für heute, d. h. den 12. Juli, veröffentlicht. Laut diesem vom Meteorologischen Amt herausgegebenen Bulletin haben Nord-, Zentral- und Ostindien…","आज का मौसम 12 जुलाई: IMD ने यूपी संग इन 18 राज्यों में भारी बारिश का अलर्ट दिया, इन इलाकों में आएगी बवंडर वाली आंधी","India Weather today: देश भर में मानसून का असर लगातार देखने को मिल रहा है। भारतीय मौसम विज्ञान विभाग (IMD) ने आज यानी 12 जुलाई के लिए देश का ताजा मॉर्निंग वेदर बुलेटिन जारी कर दिया है। मौसम विभाग की ओर से जारी इस बुलेटिन के मुताबिक, उत्तर, मध्य और पूर्वी भारत …","Today's weather, July 12: IMD gave alert of heavy rain in these 18 states along with UP, tornado storm will come in these areas. India Weather today: The effect of monsoon is continuously being seen across the country. The Indian Meteorological Department (IMD) has released the country's latest morning weather bulletin for today i.e. July 12. According to this bulletin issued by the Meteorological Department, North, Central and Eastern India…","Tempestas hodiernae mensis Iulii XII: IMD pluviae graves in his 18 civitatibus vigilans dedit una cum UP, tempestas turbo in his locis veniet. Tempestas Indiae hodie: Effectus ETESIA trans regionem continue conspicitur. Indicum Meteorologicum Indicum (IMD) novissimam patriae tempestatem matutinam bulletin pro hodie i.e. Iulii dimisit. Secundum hanc bulletin edita est a Departmento Meteorologico, India Septentrionali, Media et Orientali.",https://hindi.moneycontrol.com/india/today-weather-forecast-july-12-imd-issues-heavy-rain-alert-in-up-bihar-delhi-and-these-18-states-tornado-like-storms-will-hit-these-areas-article-2418953.html,https://images.moneycontrol.com/static-hindinews/2026/07/rain_news.jpg,,"India Weather today: (IMD) 12 , , 18 
 - - - 
:-
- 
 - , 
 12 
IMD - :-
-, , - 
, , 
-, 
 - - :-
1. 40-50 / 
 -, , , - 40 50 - 
2. 30-40 / 
 , 30 40 
3. 
, , - , , , , - - 
 - , IMD … [+4 chars]",,2026-07-14 21:27:22+00:00,random,,,
630109403c1a5189beb81413bb6bc3c4,2026-07-01T06:30:20Z,Heat Wave,गर्मी,hindi.moneycontrol.com,hi,0.9,"El-Nino-Schock: Die Weltmeere kochen! Alle Hitzerekorde wurden im Juni gebrochen, Super El Niño gibt wetterbedingt gefährliche Signale. El-Nino-Schock: Wissenschaftler warnen, dass die Weltmeere den heißesten Juni-Monat in der Geschichte verzeichnet haben. Als Grund für diesen Temperaturanstieg wird El Niño und der Klimawandel vermutet. Wissenschaftler gehen davon aus, dass in den kommenden Monaten neue Hitzerekorde aufgestellt werden.","El Nino Shock: उबल रहे दुनिया के महासागर! जून में टूटा गर्मी का सारा रिकॉर्ड, सुपर अल नीनो मौसम को लेकर दे रहा खतरनाक संकेत",El Nino Shock: वैज्ञानिकों ने चेतावनी दी है कि दुनिया के महासागरों ने इतिहास का सबसे गर्म जून महीना दर्ज किया है। टेंप्रेचर मे इस उछाल के पीछे की वजह अल नीनो और जलवायु परिवर्तन को माना जा रहा है। वैज्ञानिकों का मानना है कि आने वाले महीनों में गर्मी के नए रिकॉ…,"El Nino Shock: The world's oceans are boiling! All heat records were broken in June, Super El Nino is giving dangerous signals regarding the weather. El Nino Shock: Scientists warn that the world's oceans have recorded the hottest June month in history. The reason behind this rise in temperature is believed to be El Nino and climate change. Scientists believe that new heat records will be set in the coming months.","El Nino Concursores: Aequora mundi fervent! Omnes caloris monumenta mense Iunio confracta sunt, Super El Nino signa periculosa de tempestate dat. El Nino Shock: Scientistae monent Oceanos mundi calidissimum esse mense Iunio in historia. Causa post hunc ortum in caliditate El Nino et mutatio climatis esse creditur. Physici putant novos aestus in mensibus proxime futuris collocari.",https://hindi.moneycontrol.com/india/el-nino-effect-world-oceans-are-boiling-heatwave-records-were-shattered-in-june-super-el-nino-is-sending-out-alarming-signals-regarding-imd-weather-article-2416062.html,https://images.moneycontrol.com/static-hindinews/2026/07/El-Nino-Shock.jpg,,"El Nino Shock: 20.98 °C 2023 2024 
 2026 
 , 2026 ( ) 20.04 °C 2024 2026 
?
 , , , 
 2024 
2026 
 2026 
 90 
82 
 82 2024 ( ) - 
 :-
 : 24.3°C , 2023 2025 98 , - 
 : (27.26°C) 2016 
 - … [+38 chars]",,2026-07-15 03:42:08+00:00,random,,,
d4f12db2684b8d6d21e5e31f8681eb4f,2026-07-02T04:56:03Z,Heat Wave,गर्मी,hindi.moneycontrol.com,hi,0.9,"Wetter in Delhi NCR: Monsun trifft Delhi-NCR mit einem Knall! Linderung der sengenden Hitze aufgrund heftiger Regenfälle, IMD gibt „Alarmstufe Rot“ aus. Wetter in Delhi NCR: Es gibt Erleichterungsnachrichten für die Bewohner von Delhi und der National Capital Region (NCR), die mit sengender Hitze und rekordverdächtiger Luftfeuchtigkeit zu kämpfen haben. Am Morgen des Donnerstags (2. Juli) kam es in vielen Teilen der Landeshauptstadt zu leichten bis mäßigen Regenfällen, die den Menschen erhebliche Erleichterung bei der Luftfeuchtigkeit verschafften.","Delhi NCR weather: दिल्ली-एनसीआर में मानसून ने दी धमाकेदार दस्तक! झमाझम बारिश से भीषण गर्मी से मिली राहत, IMD ने जारी किया 'रेड अलर्ट'",Delhi NCR weather: भीषण गर्मी और रिकॉर्ड तोड़ उमस की मार झेल रहे दिल्ली और राष्ट्रीय राजधानी क्षेत्र (NCR) के निवासियों के लिए राहत भरी खबर है। राष्ट्रीय राजधानी के कई हिस्सों में गुरुवार (2 जुलाई) सुबह हल्की से मध्यम बारिश हुई जिससे लोगों को उमस से काफी राहत…,"Delhi NCR weather: Monsoon hits Delhi-NCR with a bang! Relief from scorching heat due to heavy rains, IMD issues 'red alert'. Delhi NCR weather: There is relief news for the residents of Delhi and National Capital Region (NCR) who are facing the scorching heat and record breaking humidity. Light to moderate rain occurred in many parts of the national capital on Thursday (July 2) morning, providing considerable relief to the people from the humidity.","Delhi NCR tempestas: Monsoon pervenit Delhi-NCR cum bang! Relevium ab aestu ardore propter imbribus, IMD exit 'rubens erectus'. Tempestas Delhi NCR: Subvenientibus nuntiis habitantibus Delhi et Regionis Capitalis Nationalis (NCR) qui contra aestus aestus et humiditatem fractionis recordant. Lux pluviae moderatae in multis partibus capitalis nationalis die Iovis (die Iuliae 2) mane facta est, ut populo ex humiditate magna subsidia praeberet.",https://hindi.moneycontrol.com/india/delhi-ncr-weather-update-imd-issues-red-alert-for-storm-in-delhi-ncr-heavy-rain-and-thunderstorm-warning-article-2416302.html,https://images.moneycontrol.com/static-hindinews/2026/07/rain-in-delhi-ncr.jpg,,"Delhi NCR weather: (NCR) (2 ) (IMD) 28.6 
 - IMD , - -NCR     , (Heatwave) 
, 2.6 34.8 40.5 , 
'-' , 
 , 5:30 '-' ( ) 43.6 , , '-' 53.5 
 IMD 
 (IMD) - :-
 :
 :
, : , 
 ' ' , -NCR - 24 48 … [+89 chars]",,2026-07-15 03:42:08+00:00,random,,,
8647b4491800b8625c47d389c9c3f027,2026-07-10T07:49:35Z,Heat Wave,रिकॉर्ड गर्मी,www.aajtak.in,hi,0.9,"El-Nino: Das Wetter, das im Jahr 2035 passieren sollte, wird erst im Jahr 2026 sichtbar sein? Die Welt hat das Jahr 2035 noch nicht erreicht, aber Wissenschaftler sagen, dass immer noch beängstigende Einblicke in das Wetter von damals zu sehen sind.  In den kommenden Monaten könnten in vielen Ländern Vorfälle wie Rekordhitze, Dürre, Überschwemmungen und Waldbrände zunehmen.",अल-नीनो: जो 2035 में होना था...वो मौसम 2026 में ही दिखने लगेगा?,"दुनिया 2035 में नहीं पहुंची है, लेकिन वैज्ञानिकों का कहना है उस समय के मौसम की डरावनी झलक अभी दिख रही है.  आने वाले महीनों में कई देशों में रिकॉर्ड गर्मी, सूखा, बाढ़ और जंगलों में आग जैसी घटनाएं बढ़ सकती हैं.","El-Nino: The weather which was supposed to happen in 2035 will be visible only in 2026? The world has not reached 2035, but scientists say that scary glimpses of the weather of that time are still visible.  In the coming months, incidents like record heat, drought, floods and forest fires may increase in many countries.","El-Nino: Tempestas quae anno 2035 evenire putabatur, tantum anno 2026 visibiles erit? Mundus 2035 non pervenit, sed docti dicunt FORMIDULOSUS pro specula tempestatum illius temporis adhuc visibiles esse.  In mensibus venientibus incidents sicut calor, siccitas, diluvia et ignes silvae in multis regionibus augeri possunt.",https://www.aajtak.in/science/story/super-el-nino-2035-climate-change-danger-global-warming-warning-dskc-2598219-2026-07-10,https://akm-img-a-in.tosshub.com/aajtak/images/story/202607/6a50a1952d157-super-el-nino-2035-climate-change-103859305-16x9.jpg,,"-   . - , , , , . , . , 2035 .
 . , , 1.4 . - , . .
 : 50 , 66 ... 
 , - . , , . '2035 ' .
. 1877 - . . , , 5 . , . - .
 . , 8 , , . - , .
 : , ... ?
 - ?
- . . . , . . . .
, , . - . - , .
… [+346 chars]",,2026-07-15 03:42:08+00:00,random,,,
dfe66c2d7394073d3c1c2f619dd3d033,2026-07-01T10:57:24Z,Earthquake,भूकंप कारण,hindi.moneycontrol.com,hi,0.3,"Monsunwache 1. Juli: Monsun drang auch in Punjab und Haryana ein, aber nicht in Delhi! Jetzt hat IMD diese neue Schätzung veröffentlicht. Fortschritt des SW-Monsuns: Das Tempo des Südwest-Monsuns nimmt im Land kontinuierlich zu. Am 1. Juli hat der Monsun in vielen neuen Gebieten Nordindiens explosionsartig Einzug gehalten. Laut dem neuesten Bulletin des Indian Meteorological Department (IMD) hat der Monsun nun auch einige Teile von Punjab und Haryana erreicht.",Monsoon Watch 1 July: पंजाब और हरियाणा में भी हुई मानसून की एंट्री पर दिल्ली में नहीं! अब IMD ने जारी किया ये नया अनुमान,Progress of SW Monsoon: देश में दक्षिण-पश्चिम मानसून की रफ्तार लगातार तेज हो रही है। 1 जुलाई को मानसून ने उत्तर भारत के कई नए इलाकों में धमाकेदार एंट्री मार ली है। भारतीय मौसम विज्ञान विभाग (IMD) के ताजा बुलेटिन के मुताबिक मानसून अब पंजाब और हरियाणा के भी कुछ…,"Monsoon Watch 1 July: Monsoon entered Punjab and Haryana also but not in Delhi! Now IMD has released this new estimate. Progress of SW Monsoon: The pace of south-west monsoon is continuously increasing in the country. On July 1, monsoon has made a explosive entry in many new areas of North India. According to the latest bulletin of the Indian Meteorological Department (IMD), monsoon has now reached some parts of Punjab and Haryana as well.","Monsoon Watch 1 July: Monsoon in Punjab et Haryana etiam in Delhi non est! Nunc IMD hanc novam aestimationem dimisit. Progressus SW Monsoon: Gradus ETESIAE meridionalis-occidentalis continue crescit in regione. Die I mensis Iulii ETESIA ingressum explosivum in multis novis locis Indiae septentrionalis fecit. Secundum recentissimam bulletin Department of Indicum Meteorologicum (IMD), monsoon iam nonnullas partes Punjab et Haryana etiam attigit.",https://hindi.moneycontrol.com/india/monsoon-watch-1-july-southwest-monsoon-arrives-in-punjab-and-haryana-but-not-in-delhi-imd-issues-new-weather-forecast-article-2416143.html,https://images.moneycontrol.com/static-hindinews/2026/07/Monsoon-Watch-1-July.jpg,,"Progress of SW Monsoon: - 1 (IMD) - 
- , 
IMD - , , , , - , , , , , , , , , , 
? IMD 
 1 IMD 2 - , , , , --, 48 
 , 6 
 6 1 ( ), , , , - 
 , , , 2 - , 
 2026 
 - India Weather Today 1 July: … [+416 chars]",,2026-07-15 21:27:41+00:00,usgs,Guadeloupe,NAO,Atlantic Ocean
4f54f5febaca4d50090dd107cf9b1e03,2026-07-02T11:36:46Z,Heat Wave,हीटवेव विक्टोरिया,hindi.moneycontrol.com,hi,0.3,"UP-Monsun-Update: Der Monsun bedeckte am 2. Juli ganz UP, aber die Regenbedingungen in diesen 30 Bezirken geben Anlass zu großer Sorge. Monsun-Update in UP: Der Südwestmonsun in Uttar Pradesh hat endlich den gesamten Bundesstaat erfasst. Nach Angaben des Lucknow-Zonenzentrums des Indian Meteorological Department (IMD) war der Monsun am 2. Juli im gesamten Bundesstaat spürbar. Nach dem vollständigen Einsetzen des Monsuns…",UP Monsoon update: 2 जुलाई को पूरे यूपी पर छा गया मानसून लेकिन इन 30 जिलों में बारिश का हाल असली चिंता वाली बात!,Monsoon Update in UP: उत्तर प्रदेश में दक्षिण-पश्चिम मानसून ने आखिरकार पूरे राज्य को कवर कर लिया है। भारतीय मौसम विभाग (IMD) के लखनऊ आंचलिक केंद्र के अनुसार 2 जुलाई तक मानसून ने पूरे प्रदेश में अपनी मौजूदगी दर्ज करा दी है। हालांकि मानसून की पूर्ण एंट्री के बा…,"UP Monsoon update: Monsoon covered entire UP on July 2, but the condition of rain in these 30 districts is a matter of real concern. Monsoon Update in UP: The southwest monsoon in Uttar Pradesh has finally covered the entire state. According to the Lucknow zonal center of the Indian Meteorological Department (IMD), by July 2, monsoon has made its presence felt in the entire state. However, after the full entry of monsoon…","UP Monsoon renovatio: Monsoon totum UP die 2 mensis Iulii totum operuit, sed condicio pluviarum in his 30 regionibus ad realem sollicitudinem pertinet. Monsoon Renovatio in UP: Monsoon Africus in Uttar Pradesh tandem totam civitatem obtexit. Secundum Lucknow zonalis centrum Department meteoologicum Indicum (IMD), a July 2, monsoon in tota civitate suam praesentiam sensit. Tamen post plenam ingressum ETESIA...",https://hindi.moneycontrol.com/india/up-monsoon-rain-update-the-monsoon-covered-the-entire-state-on-july-2-but-the-rainfall-situation-in-these-30-districts-is-cause-for-real-concern-article-2416478.html,https://images.moneycontrol.com/static-hindinews/2026/07/UP-Monsoon-Rain-Update.jpg,,"Monsoon Update in UP: - (IMD) 2 30 60 99 
 - 
IMD - 
 30 
 60% 99% :-
 , , 
 28 
 28 20% 59% - , , , , , , , , , , , , , , , , , , , , , , , , , , 
 (+60% )
 (+20% +59%)
 : , , , , , , , , … [+45 chars]",,2026-07-15 21:27:41+00:00,acwe,Australia,SAU,Oceania
c4b774fac4703e92a7607fae39a5141d,2026-07-02T13:29:49Z,Wildfire,सेराटोव क्षेत्र की जंगल की आग,hindi.moneycontrol.com,hi,0.3,"Chaturmas 2026: Wissen Sie, wann Chaturmas gefeiert wird, was sind das genaue Datum, die Bedeutung und die Regeln? Verheißungsvolle Werke werden an diesem Tag eingestellt. Chaturmas 2026: Chaturmas hat in der hinduistischen Religion eine besondere religiöse und spirituelle Bedeutung. Verheißungsvolle Anlässe wie Hochzeit, Hauseinweihung, weltliche und heilige Fadenzeremonie werden in dieser Zeit nicht durchgeführt. Diese Zeit gilt jedoch als sehr gut für Gottesdienste, Gesänge und spirituelle Reinigung. Diese vier Monate…","Chaturmas 2026: जानें कब से लग रहा है चातुर्मास, सही तारीख, महत्व और नियम क्या हैं? इस दिन रुक जाएंगे मांगलिक कार्य","Chaturmas 2026: हिंदू धर्म में चातुर्मास का विशेष धार्मिक और आध्यात्मिक महत्व है। इस अवधि में शादी, गृह प्रवेश, मुंडन और जनेऊ संस्कार जैसे मांगलिक कार्य नहीं किए जाते हैं। लेकिन, इस समय को पूजा, जप और आत्मिक शुद्धि के लिए बहुत अच्छा माना जाता है। यह चार महीने…","Chaturmas 2026: Know when is Chaturmas being celebrated, what are the exact date, significance and rules? Auspicious works will stop on this day. Chaturmas 2026: Chaturmas has special religious and spiritual significance in Hindu religion. Auspicious functions like marriage, house warming, mundan and sacred thread ceremony are not performed during this period. But, this time is considered very good for worship, chanting and spiritual purification. These four months…","Chaturmas 2026: Scitote quando Chaturmas celebratur, quae sunt exacta dies, significatio et regulae? Sedes hodie fausta opera. Chaturmas 2026: Chaturmas peculiarem habet vim religiosam et spiritualem in religione Hinduistica. Munera laeta sicut matrimonium, domus calefactio, caerimonia mundana et sacra filo hoc tempore non peraguntur. Sed hoc tempus valde bonum censetur cultus, cantus et purificatio spiritualis. Hi quattuor menses...",https://hindi.moneycontrol.com/religion/chaturmas-2026-know-exact-date-significance-and-rules-auspicious-events-will-be-halted-on-this-day-article-2416511.html,https://images.moneycontrol.com/static-hindinews/2026/07/bhagwan-vishnu-chaturmas.jpg,,,,2026-07-15 21:27:41+00:00,wmo,Russia,ESB,Europe
b0c957ea71c46b48d4d94f8b16137b55,2026-07-03T09:10:48Z,Precipitation,वर्षा माली,hindi.moneycontrol.com,hi,0.3,"Warnung vor starkem Regen in Indien: Das IMD warnte vor starkem Regen und Gewitter in mehr als diesen 20 Bundesstaaten, der Monsun wurde aufgrund des Tiefdrucksystems aktiv. Wetternachrichten und Updates für Indien: Das Tempo des Südwestmonsuns hat im ganzen Land zugenommen. Laut dem neuesten Wetterbulletin des Indian Meteorological Department (IMD) bedeckte der Monsun am 3. Juli weitere Teile von Gujarat, alle übrigen Teile von Madhya Pradesh sowie Rajasthan und Haryana.","India Heavy Rain Alert: IMD ने इन 20 से ज्यादा राज्यों में भारी बारिश-अंधड़ का अलर्ट दिया, लो प्रेशर सिस्टम से मानसून हुआ एक्टिव","India Weather News and Updates: देश भर में दक्षिण-पश्चिम मानसून की रफ्तार तेज हो गई है। भारतीय मौसम विज्ञान विभाग (IMD) के ताजा मौसम बुलेटिन के मुताबिक मानसून ने 3 जुलाई को गुजरात के कुछ और हिस्सों, मध्य प्रदेश के बचे हुए सभी हिस्सों और राजस्थान व हरियाणा के …","India Heavy Rain Alert: IMD gave alert of heavy rain and thunderstorm in more than these 20 states, monsoon became active due to low pressure system. India Weather News and Updates: The pace of south-west monsoon has increased across the country. According to the latest weather bulletin of the Indian Meteorological Department (IMD), the monsoon covered some more parts of Gujarat, all the remaining parts of Madhya Pradesh and Rajasthan and Haryana on July 3.","India Gravis Pluviae erecti: IMD pluviae et tonitrui intentus in plus quam viginti his civitatibus dedit, ETESIA propter rationem pressionis humilis activae facta est. Indiae Tempestas Nuntii et Renovationes: Gradus Eeses meridionalis-occidentalis trans regionem crevit. Secundum recentissimam tempestatem bulletin Department Meteorologicum Indicum (IMD), monsoon nonnullas partes Gujarat operuit, reliquas omnes partes Madhya Pradesh et Rajasthan et Haryana die 3 Iulii.",https://hindi.moneycontrol.com/india/the-imd-has-issued-an-alert-for-heavy-rain-and-thunderstorms-across-more-than-20-states-article-2416717.html,https://images.moneycontrol.com/static-hindinews/2026/07/IMD-update.jpg,,"India Weather News and Updates: - (IMD) 3 , 20 4-5 - 
 - 2 - 21°N - 
- : - 
- - -
-, , : 3 9 - 3 3-9 40-50 3-9 
 : 3 5-9 4 6 7 - 
, , : 6 8 3-5 9 (3-9 ) 40-50 6-9 
 : 3 8-9 4-7 7-9 3-6 7-9 
:… [+351 chars]",,2026-07-15 21:27:41+00:00,wmo,Mali,SAH,Africa
8ed2ad3c6db2daea9066c589858c9286,2026-07-08T09:22:00Z,Heat Wave,सबसे तेज़ गर्मी,hindi.moneycontrol.com,hi,0.3,"IMD-Warnung: In diesen über 20 Bundesstaaten besteht starke Regen- und Sturmgefahr. Bis zum 14. Juli wird es an vielen Orten, darunter UP, Uttarakhand, MP-Gujarat, Wolken regnen. India Weather Bulletin: Der Südwestmonsun schreitet im ganzen Land mit voller Geschwindigkeit voran. Laut dem neuesten Bulletin des Indian Meteorological Department (IMD) verläuft die nördliche Grenze des Monsuns (NLM) derzeit durch Barmer, Jodhpur, Rajgarh (Distrikt Churu) und Bathinda. Jahreszeit …","IMD का अलर्ट: इन 20+ राज्यों में भारी बारिश-आंधी का खतरा, यूपी, उत्तराखंड, MP-गुजरात समेत कई जगहों पर 14 जुलाई तक बरसेंगे बादल","India Weather Bulletin: देश भर में दक्षिण-पश्चिम मानसून अपनी पूरी रफ्तार से आगे बढ़ रहा है। भारतीय मौसम विज्ञान विभाग (IMD) के ताजा बुलेटिन के मुताबिक, मानसून की उत्तरी सीमा (NLM) फिलहाल बाड़मेर, जोधपुर, राजगढ़ (चूरू जिला) और बठिंडा से होकर गुजर रही है। मौसम …","IMD's alert: Danger of heavy rain and storm in these 20+ states, clouds will rain in many places including UP, Uttarakhand, MP-Gujarat till July 14. India Weather Bulletin: South-west monsoon is advancing at its full speed across the country. According to the latest bulletin of the Indian Meteorological Department (IMD), the Northern Limit of Monsoon (NLM) is currently passing through Barmer, Jodhpur, Rajgarh (Churu district) and Bathinda. Season …","Intenti IMD: Periculum pluviae et tempestatis in his 20+ civitatibus, nubes pluent multis locis in quibus possidet UP, Uttarakhand, MP-Gujarat usque ad Iulium 14. Tempestas Bulletin Indiae: Monsoon Australi-occidentalis sua plena celeritate per regionem proficiscitur. Secundum recentissimum bulletin Department of Indicum Meteorologicum (IMD), terminus septentrionalis Monsoon (NLM) nunc per Barmer, Jodhpur, Rajgarh (Churu regio) et Bathinda transit. Temporum ...",https://hindi.moneycontrol.com/india/imd-alert-of-heavy-rain-and-thunderstorms-in-20-states-rainfall-expected-until-july-14-including-up-delhi-gurugram-uttarakhand-mp-and-gujarat-article-2417936.html,https://images.moneycontrol.com/static-hindinews/2026/07/IMD_2.jpg,,"India Weather Bulletin: - (IMD) , (NLM) , , ( ) 2 3 , , 
 , , 20 14 - 
, :-
 (8 )
- (8 )
 (8 )
 (8 )
 (8 )
 (8 14 )
- : 70 
 : 8 10 8 50-60 ( 70 ) - 8-9 10-11 8 13 10 12 8-9 13 
 : 8 14 10… [+369 chars]",,2026-07-15 21:27:41+00:00,random,,,
3280f8a29f1f45a10b88f8bab0ca9f09,2026-07-10T09:38:55Z,Thunderstorm,गंभीर मौसम रोमानिया,hindi.moneycontrol.com,hi,0.3,"Starkregenwarnung des IMD: Gefahr von sehr starkem Regen von Delhi bis UP, Warnung für diese 16 Staaten! Das Wetter bleibt bis zum 16. Juli so. Wetter-Update für Indien: Da der Monsun im ganzen Land seine volle Aktivität entfaltet, hat das Meteorological Department (IMD) ein umfangreiches und aktuelles Update zum Thema Regen herausgegeben. Nach Angaben des Weather Bulletin des Indian Meteorological Department herrscht derzeit über den nördlichen Teilen von Zentral-Uttar Pradesh ein Tiefdruck.","IMD का हैवी रेन अलर्ट: दिल्ली से यूपी तक बहुत भारी बारिश का खतरा, इन 16 राज्यों के लिए जारी हुई चेतावनी! 16 जुलाई तक ऐसा रहेगा मौसम",India Weather Update: देश भर में मानसून के पूरी तरह सक्रिय होने के साथ ही मौसम विभाग (IMD) ने बारिश को लेकर एक बड़ा और ताजा अपडेट जारी किया है। भारतीय मौसम विज्ञान विभाग की वेदर बुलेटिन के मुताबिक मध्य उत्तर प्रदेश के उत्तरी हिस्सों के ऊपर इस समय एक कम दबाव क…,"IMD's Heavy Rain Alert: Danger of very heavy rain from Delhi to UP, warning issued for these 16 states! The weather will remain like this till 16th July. India Weather Update: With monsoon becoming fully active across the country, the Meteorological Department (IMD) has issued a big and latest update regarding rain. According to the Weather Bulletin of the Indian Meteorological Department, a low pressure is currently present over the northern parts of Central Uttar Pradesh.","Gravis Pluviae IMD erecti: Periculum pluviae gravissimae a Delhi usque ad UP, monitum pro his 16 civitatibus denuntiatum est! Tempestas sic erit usque ad diem 16 mensis Iulii. Tempestas Renovatio Indiae: Cum ETESIA per regionem plene activum, Department Meteorologicum (IMD) magnum et recentem renovationem de pluvia edixit. Secundum Bulletin Tempestas Department of Indicum Meteorologicum, humilis pressionis nunc in partibus septentrionalibus Centralis Uttar Pradesh adest.",https://hindi.moneycontrol.com/india/imd-heavy-rain-alert-risk-of-very-heavy-rainfall-from-delhi-to-up-warnings-issued-for-16-states-weather-forecast-until-july-16-article-2418588.html,https://images.moneycontrol.com/static-hindinews/2026/07/UP_DELHI_IMD.jpg,,"India Weather Update: (IMD) -, , 16 
 16 - , 6-7 
 16 - :-
24 
 10 08:30 24 - :-
 : , (221 ) 
 : , , , , - , 12 20 
 : , , , , , 7 11 
- : 60-80 / -, , , , , , , , , , , , , , , , 40-60 / 
1… [+330 chars]",,2026-07-15 21:27:41+00:00,wmo,Romania,WCE,Europe
4e3ac34d6457beb8a4c9128cac44cee7,2026-07-09T09:20:12Z,Precipitation,मूसलाधार बारिश,hindi.moneycontrol.com,hi,0.9,"IMDs große Regenwarnung: UP-Uttarakhand, Warnung vor extrem starkem Regen in mehr als zwei Dutzend Bundesstaaten, das Wetter wird bis zum 15. Juli so bleiben. Wetter-Update für Indien: Aufgrund der Wirkung des Monsuns regnet es derzeit in verschiedenen Teilen des Landes stark. Sintflutartige Regenfälle haben an vielen Orten zu überschwemmungsähnlichen Bedingungen geführt und es kam zu zahlreichen Erdrutschen. Unterdessen nimmt der Südwestmonsun heute um 21 Uhr an Fahrt auf.","IMD का बारिश पर बड़ा अलर्ट: यूपी-उत्तराखंड 2 दर्जन से ज्यादा राज्यों में बेहद भारी बारिश की चेतावनी, 15 जुलाई तक ऐसा रहेगा मौसम",India Weather Update: इस समय देश के अलग-अलग हिस्सों में मानसून के असर की वजह से जबर्दस्त बारिश हो रही है। मूसलाधार बारिश ने कई जगहों पर बाढ़ जैसे हालात पैदा कर दिए हैं और कई लैंडस्लाइड देखने को मिली हैं। इस बीच दक्षिण-पश्चिम मानसून ने रफ्तार पकड़ते हुए आज 9 ज…,"IMD's big alert on rain: UP-Uttarakhand, warning of extremely heavy rain in more than 2 dozen states, weather will remain like this till July 15. India Weather Update: At present, due to the effect of monsoon, it is raining heavily in different parts of the country. Torrential rains have created flood-like conditions at many places and many landslides have been seen. Meanwhile, the south-west monsoon is gaining momentum today by 9 pm.","IMD magnus intentus in pluviam: UP-Uttarakhand, monitum pluviae gravissimae in plusquam 2 duodecim civitatibus, tempestas manebit sicut hoc usque ad Iulium 15. Tempestas Renovatio Indiae: Nunc, ob effectum monsoon, graviter pluit in diversis nationis partibus. Imbres torrentes similes condiciones in multis locis et multis prolapsionibus creaverunt visae sunt. Interim momentum meridianum et occidentale ETESIA hodie hora 9 post meridiem consequitur.",https://hindi.moneycontrol.com/india/imd-rain-alert-uttar-pradesh-uttarakhand-heavy-rain-warning-india-weather-update-15-july-article-2418287.html,https://images.moneycontrol.com/static-hindinews/2026/05/IMD-Rainfall-Alert.jpg,,"India Weather Update: - - 9 , , (8 ) 1 9 (IMD) 15 - 
 48 - :
: 9 11 9 13 9 10 11 9 11 12-13 9 
<ul><li> : 9 15 9-10 11 15 9 </li><li>, : , 9-10 9 10 13 9 9 11-12 </li><li>- : - 9-12 , (11-12 ) 15 … [+322 chars]",,2026-07-15 21:27:41+00:00,random,,,
ce54d4ea72f02ced5f06c0526b9f4190,2026-07-03T07:34:25Z,Drought,मिट्टी की नमी,www.aajtak.in,hi,0.8,"Spinat und Salat wachsen auf Lehmboden schneller! Selbst wenn Sie Lehmboden haben, können Sie problemlos einen guten Gemüseertrag erzielen. Dieser Boden speichert Feuchtigkeit und Nährstoffe lange, was das Wachstum vieler Nutzpflanzen verbessert.",पालक और लेट्यूस चिकनी मिट्टी में तेजी से बढ़ते हैं!,"अगर आपके पास चिकनी मिट्टी यानि  क्ले सॉयल) है, तो भी आप आसानी से सब्जियों की अच्छी पैदावार ले सकते हैं। यह मिट्टी नमी और पोषक तत्वों को लंबे समय तक संजोकर रखती है, जिससे कई फसलों की वृद्धि बेहतर होती है।","Spinach and lettuce grow faster in clay soil! Even if you have clay soil, you can easily get good yield of vegetables. This soil stores moisture and nutrients for a long time, which improves the growth of many crops.","Spinach et lactuca in argilla humo citius crescant! Etiamsi argillam solum habes, facile olera cede. Hoc solum umorem et nutrimentum diu recondit, quod incrementum multorum fructuum melius est.",https://www.aajtak.in/short-videos/video/clayey-soil-vegetables-leaves-letcus-cabbage-cauliflower-and-broccoli-peas-beans-and-sweet-corn-agriculture-mmtc-2592995-2026-07-03,https://akm-img-a-in.tosshub.com/aajtak/images/video/202607/6a4765e9d6402-clay-soil-033356483-16x9.jpg,,"Please rotate your device
 . .",,2026-07-16 03:45:23+00:00,random,,,
c5c33fc610e13bf6b276a804eed739eb,2026-07-05T13:47:14Z,Precipitation,आंधी तूफान,hindi.moneycontrol.com,hi,0.8,"Das Wetter von morgen, 6. Juli: Rot-Orange-Alarm von Gujarat an MP, IMD gab Warnung vor starkem Regen und Gewitter in diesen über 22 Bundesstaaten heraus. Die heftige Form des Südwestmonsuns (Südwestmonsun 2026) ist im ganzen Land zu beobachten. Die nördliche Grenze des Monsuns (NLM) verläuft derzeit durch Jamnagar, Udaipur, Ajmer, Jhunjhunu, Hisar und Bathinda. Nach Angaben des Indian Meteorological Department (IMD) wird innerhalb der nächsten 3 Tage…","कल का मौसम 6 जुलाई: गुजरात से MP तक रेड-ऑरेंज अलर्ट, IMD ने इन 22+ राज्यों में धुआंधार बारिश, आंधी-तूफान का अलर्ट जारी किया","देश भर में दक्षिण-पश्चिम मानसून (Southwest Monsoon 2026) का रौद्र रूप देखने को मिल रहा है। मानसून की उत्तरी सीमा (NLM) इस समय जामनगर, उदयपुर, अजमेर, झुंझुनू, हिसार और बठिंडा से होकर गुजर रही है। भारतीय मौसम विज्ञान विभाग (IMD) के मुताबिक अगले 3 दिनों के भीतर …","Tomorrow's weather, July 6: Red-orange alert from Gujarat to MP, IMD issued alert of heavy rain, thunderstorm in these 22+ states. The fierce form of South-West Monsoon (Southwest Monsoon 2026) is being seen across the country. The Northern Limit of Monsoon (NLM) is currently passing through Jamnagar, Udaipur, Ajmer, Jhunjhunu, Hisar and Bathinda. According to the Indian Meteorological Department (IMD), within the next 3 days…","Tempestas crastina die mensis Iulii VI: Rubrum-aurantiacum a Gujarat ad MP vigilatum est, IMD imbres graves, in his 22+ civitatibus tonitrui erecti sunt. Forma ferox Meridionalis-West Monsoon (Southwest Monsoon 2026) trans regionem videtur. Septentrionalis limitis Monsoon (NLM) nunc per Jamnagar, Udaipur, Ajmer, Jhunjhunu, Hisar et Bathinda transit. Secundum Indian Meteorologicum Department (IMD), in proximos III dies ...",https://hindi.moneycontrol.com/india/kal-ka-mausam-6-july-imd-rain-alert-red-orange-alert-gujarat-mp-delhi-up-bihar-weather-update-article-2417155.html,https://images.moneycontrol.com/static-hindinews/2026/07/wethar-rain-alert.jpg,,"- (Southwest Monsoon 2026) (NLM) , , , , (IMD) 3 , , 
IMD - - 7 -- 40 , 50 -- 70 - 12 
 - , - 6 22 - 
4 
 6 / :
, 
 , 6 -
, , 
<ul><li> 6 :</li><li> : , , , --, </li><li> : , </li><li> : </li… [+265 chars]",,2026-07-16 11:57:11+00:00,random,,,
64d417baaf7d3fc1a65cfef86cf76c04,2026-07-09T05:36:00Z,Precipitation,आंधी तूफान,hindi.moneycontrol.com,hi,0.8,"Regenwarnung für Delhi: Starker Regen im gesamten NCR, einschließlich Delhi-Noida, IMD gab Alarmstufe Rot aus, überprüfen Sie die Wetteraktualisierung. Regenwarnung für Delhi: Aufgrund des anhaltenden Regens in Delhi nach Dienstag und Mittwoch am Donnerstag hat das India Meteorological Department (IMD) eine rote Warnung für die Hauptstadt herausgegeben. Außerdem wird vor starkem Sturm, starkem Wind mit bis zu 60 km/h und starkem Regen gewarnt. Sag mir…","Delhi Rain Alert: दिल्ली-नोएडा समेत पूरे NCR में भारी बारिश, IMD ने जारी किया रेड अलर्ट, चेक करें वेदर अपडेट","Delhi Rain Alert: दिल्ली में मंगलवार, बुधवार के बाद गुरुवार को भी बारिश का दौर जारी रहने के कारण भारत मौसम विज्ञान विभाग (IMD) ने राजधानी के लिए रेड अलर्ट जारी किया है। साथ ही तेज आंधी-तूफान, 60 किमी/घंटा तक की तेज हवाओं और भारी बारिश की चेतावनी दी है। बता दे…","Delhi Rain Alert: Heavy rain in entire NCR including Delhi-Noida, IMD issued red alert, check weather update. Delhi Rain Alert: Due to the continuation of rain in Delhi after Tuesday and Wednesday on Thursday, India Meteorological Department (IMD) has issued a red alert for the capital. Also warned of strong storm, strong winds up to 60 km/hour and heavy rain. Tell me…","Delhi Pluvia erecti: Imber gravis in NCR integris incluso Delhi-Noida, IMD erectus rubens editus, renovatio tempestatum inspiciebat. Delhi Rain erecti: Ob continuationem pluviae in Delhi post Martis et Mercurii die Iovis, Indiae Department Meteorologicum (IMD) rubrum intentum pro capitali edidit. Monuit etiam tempestates validas, ventos fortes usque ad 60 km/horam et pluviam gravem. Dic mihi…",https://hindi.moneycontrol.com/india/heavy-rain-across-the-entire-ncr-including-delhi-and-noida-imd-issues-red-alert-check-weather-updates-article-2418194.html,https://images.moneycontrol.com/static-hindinews/2026/07/दिल्ली-रेन-अलर्.jpg,,"Delhi Rain Alert:  , (IMD) -, 60 / 2:30 5:30 34.9 
 - , 180 230 
 ?
2:30 25.8 IMD ( , ) - -, 60 ' ' 
 ?
IMD , , , 10 - , - , 13 - 
 , , 
 ?
 , - , , 
 IMD ( ) , , - , - 
 ?
 , , , IMD - 
… [+36 chars]",,2026-07-16 11:57:11+00:00,random,,,
095495c39fe68b9bce9fdadbcb0a820c,2026-07-12T13:51:06Z,Precipitation,मूसलाधार बारिश मि,hindi.moneycontrol.com,hi,0.8,"Wetter von morgen, 13. Juli: Starker Regen bis Ost-UP, Bihar-Bengalen, IMD warnte vor starkem Regen in diesen 11 Bundesstaaten. Wetter-Update für Indien: Der Monsun ist in vielen Teilen des Landes mit voller Wucht zu beobachten. Das indische Meteorologieamt hat den neuesten Wetterbericht des Landes für den 13. Juli veröffentlicht. Nach Angaben des Meteorologieamtes verläuft die axiale Linie des Monsuns derzeit durch Sri Ganganagar, Hisar, Meerut, Shahjahanpur,…","कल का मौसम 13 जुलाई: पूर्वी यूपी, बिहार-बंगाल तक मूसलाधार बरसात, IMD ने इन 11 राज्यों में भारी बारिश का अलर्ट दिया","India Weather Update: देश के कई हिस्सों में मानसून का रौद्र रूप देखने को मिल रहा है। भारतीय मौसम विज्ञान विभाग 13 जुलाई के लिए देश का ताजा वेदर बुलेटिन जारी कर दिया है। मौसम विभाग के मुताबिक मानसून की अक्षीय रेखा इस समय श्री गंगानगर, हिसार, मेरठ, शाहजहाँपुर, …","Tomorrow's weather, July 13: Heavy rain till eastern UP, Bihar-Bengal, IMD gave alert of heavy rain in these 11 states. India Weather Update: Monsoon is being seen in full force in many parts of the country. The Indian Meteorological Department has released the country's latest weather bulletin for July 13. According to the Meteorological Department, the axial line of monsoon is currently passing through Sri Ganganagar, Hisar, Meerut, Shahjahanpur,…","Cras tempestas, Iulii 13: Imber gravis usque ad orientem UP, Bihar-Bengal, IMD pluviae in his 11 civitatibus vigilabat. Tempestas Renovatio Indiae: Monsoon in multis partibus regionis in plena vi conspicitur. Indicum Meteorologicum Indicum recentissimas patriae tempestatum bulletin dimisit ad Iulium 13. Secundum Department Meteorologicum, linea axialis monsoon hodie per Sri Ganganagar, Hisar, Meerut, Sahjahanpur,…",https://hindi.moneycontrol.com/india/imd-weather-update-13-july-heavy-rain-alert-east-up-bihar-west-bengal-11-states-monsoon-forecast-article-2419065.html,https://images.moneycontrol.com/static-hindinews/2026/07/delhi-weather1.jpg,,"India Weather Update: 13 , , , , , -- - , - - , 11 
 13 - :
13 - :
 8 
 :
-, 
 - -- 40 50 , , , - 30 40 / - 
, , , , , , , , - 
 - 
 , - , 
 - -, - , - 45-55 / 65 / 40-50 / , 60 /",,2026-07-16 11:57:11+00:00,wmo,Mexico,NCA,North-America
3c5da54568f224fedcab734094b3781e,2026-07-07T16:11:33Z,Storm,बवंडर,www.aajtak.in,hi,0.9,"20 Menschen starben bei der Flutkatastrophe in China, 900 Schlangen kamen aus einer Schlangenfarm heraus. Tornado, starker Sturm und schwerer Sturm verursachten in der Nacht zum Montag auch große Verwüstungen im östlichen Teil der chinesischen Provinz Hubei. Nach Angaben der Katastrophenschutzbehörde der Provinz kamen bei diesen Vorfällen elf Menschen ums Leben, eine Person wird vermisst.","चीन में बाढ़ के कहर में 20 लोगों की मौत, स्नेक फार्म से निकले 900 सांप","चीन के हुबेई प्रांत के पूर्वी हिस्से में सोमवार रात को आए बवंडर, तेज आंधी और भीषण तूफान ने भी भारी तबाही मचाई. प्रांतीय आपदा प्रबंधन विभाग के अनुसार, इन घटनाओं में 11 लोगों की मौत हो गई जबकि एक व्यक्ति लापता है.","20 people died in flood havoc in China, 900 snakes came out from snake farm. Tornado, strong storm and severe storm also caused huge devastation in the eastern part of Hubei province of China on Monday night. According to the Provincial Disaster Management Department, 11 people died in these incidents while one person is missing.","XX homines in Sinis stragem inundaverunt, 900 angues e fundo colubri exierunt. Turbo, tempestas valida et saeva tempestas etiam ingentem devastationem attulit in parte orientali Hubei provinciae Sinarum die Lunae nocte. Secundum Calamitas provincialis Management Department, 11 homines in his casibus mortui sunt dum unus homo deest.",https://www.aajtak.in/world/story/china-heavy-flood-20-killed-900-snakes-escape-from-reptile-farm-ntc-rttm-dskc-2596257-2026-07-07,https://akm-img-a-in.tosshub.com/aajtak/images/story/202607/6a4d23fe6496b-china-070616916-16x9.png,,". 20 331 . ,   900 , .
 , - . .
 , , . , .
 , . , .
 . 10 , . .
 , 62 . .
 , . , 11 . 331 . 400 . 22 , 4,855 .
 , . , 93,300 54,460 .
 24  . . - . .
 33 . 21 , . 12 .",,2026-07-16 11:57:11+00:00,random,,,
1e6cff0c6a38827c92e5942023202206,2026-07-11T04:25:05Z,Storm,बवंडर,hindi.moneycontrol.com,hi,0.9,"Heutiges Wetter, 11. Juli: IMD gibt Warnung vor starkem Regen in 15 Bundesstaaten heraus, darunter Delhi, UP-Bihar; Tornados werden diese Orte treffen. Wetter in Indien heute: Das Tempo des Monsuns nimmt im ganzen Land kontinuierlich zu. Das Indian Meteorological Department (IMD) hat die neueste Wettermeldung des Landes für heute, den 11. Juli, veröffentlicht. Laut IMD hat sich das Tiefdruckgebiet, das sich über nördlichen Teilen von Zentral-Uttar Pradesh gebildet hat, inzwischen abgeschwächt …","आज का मौसम 11 जुलाई: दिल्ली, यूपी-बिहार संग 15 राज्यों में IMD ने जारी किया भारी बारिश का अलर्ट, इन जगहों पर आएगा बवंडर",India Weather Today: देश भर में मानसून की रफ्तार लगातार तेज होती जा रही है। भारतीय मौसम विज्ञान विभाग (IMD) ने आज यानी 11 जुलाई के लिए देश का ताजा वेदर बुलेटिन जारी कर दिया है। IMD के मुताबिक मध्य उत्तर प्रदेश के उत्तरी हिस्सों पर बना कम दबाव का क्षेत्र अब कम…,"Today's weather, July 11: IMD issues alert of heavy rain in 15 states including Delhi, UP-Bihar, tornadoes will hit these places. India Weather Today: The pace of monsoon is continuously increasing across the country. The Indian Meteorological Department (IMD) has released the country's latest weather bulletin for today i.e. July 11. According to IMD, the low pressure area formed over northern parts of Central Uttar Pradesh has now subsided…","Tempestas hodiernae Iulii XI: IMD quaestiones pluviae graves in 15 civitatibus inclusae Delhi, UP-Bihar vigilantes agit, haec loca tornadoae ferient. Tempestas Indiae Hodie: Gradus ETESIAE per regionem continenter augescit. Indicum Meteorologicum Department (IMD) novissimam regionem caeli bulletin dimisit quia hodie i.e. Iulii 11. Secundum IMD, area pressionis humilis in partibus septentrionalibus Centralis Uttar Pradesh formata nunc consedit.",https://hindi.moneycontrol.com/india/weather-forecast-for-july-11-imd-issues-heavy-rain-alert-for-15-states-including-delhi-ncr-up-and-bihar-mp-squalls-expected-in-these-areas-article-2418713.html,https://images.moneycontrol.com/static-hindinews/2026/07/Weather-Forecast-for-July-11.jpg,,"India Weather Today: (IMD) 11 IMD 3.1 5.8 
 , , , , -- -, 15 - 
 , - :-
:-
- 
, , 
 - 
- - 
- :-
, 
-, , - 
-, 
 - , , , - 40 50 - 
 , , , , , 30 40 
 - Post Office Hit Scheme: 15 , 9,2… [+19 chars]",,2026-07-16 11:57:11+00:00,random,,,
e7ab6e72e05f571fd51c800d97ff9d90,2026-07-01T07:03:13Z,Heat Wave,गर्मी,www.aajtak.in,hi,0.9,"Wie wurden Europa und die USA, die beiden kältesten Orte der Welt, plötzlich zu heißen Orten? Aufgrund von El Niño geraten kalte Gebiete wie Europa und Amerika plötzlich in den Griff extremer Hitze. Das warme Wasser des Pazifischen Ozeans veränderte die Winde und verstärkte Hitzewellen. Der Klimawandel machte es gefährlicher.",दुनिया के 2 सबसे ठंडे जगह यूरोप और US अचानक गर्म तवा कैसे बन गए?,"अल-नीनो से यूरोप और अमेरिका जैसे ठंडे इलाके अचानक भीषण गर्मी की चपेट में आ गए हैं. प्रशांत महासागर के गर्म पानी ने हवाओं को बदला, जिससे हीटवेव बढ़ गईं. जलवायु परिवर्तन ने इसे और खतरनाक बना दिया.","How did Europe and US, the two coldest places in the world, suddenly become hot pans? Due to El Nino, cold areas like Europe and America have suddenly become in the grip of extreme heat. Warm waters of the Pacific Ocean changed the winds, increasing heatwaves. Climate change made it more dangerous.","Quomodo Europa et US, duo loca frigidissima in mundo, subito caldaria facta sunt? Ob El Nino, locis frigidis sicut Europa et America, subito in calore maximo facti sunt. Aquae calidae Oceani Pacifici ventos mutaverunt, aestus augentes. Clima mutatio periculosiorem fecit.",https://www.aajtak.in/science/story/how-el-nino-warms-europe-and-america-climate-change-dskc-2591525-2026-07-01,https://akm-img-a-in.tosshub.com/aajtak/images/story/202607/6a44b9edc377c-el-nino-america-europe-heatwave-015535957-16x9.jpg,,"- . 2026 . ? 
 -  , - . 
- . - (ENSO) . . - . . 
 : - ? , 
2026 NOAA - . . 0.5 . .
, . - . . - - , .  
 - , . 0.2 . . 
 : - , 2032 94 
2026 40 . . . . - , - .
, - . - . .- , . 2026 - . , . .… [+133 chars]",,2026-07-17 07:32:26+00:00,random,,,
c2b0c7e292b3af87b06ccc0f85c08344,2026-07-01T08:10:51Z,Heat Wave,गर्मी,www.aajtak.in,hi,0.9,"Delhi-NCR wird zum größten Hotspot der Ozonverschmutzung. Eine Untersuchung von Daten aus sechs Jahren ergab, dass die Ozonverschmutzung nicht nur auf einige wenige Städte beschränkt ist. Mit zunehmender Hitze nimmt seine Wirkung in vielen Teilen des Landes zu. Delhi-NCR ist ein Hotspot.",दिल्ली-NCR बना ओजोन प्रदूषण का सबसे बड़ा हॉटस्पॉट,6 साल के आंकड़ों की जांच में सामने आया कि ओजोन प्रदूषण सिर्फ कुछ शहरों तक सीमित नहीं है. बढ़ती गर्मी के साथ इसका असर देश के कई हिस्सों में बढ़ रहा है. दिल्ली-NCR तो हॉटस्पॉट है.,Delhi-NCR becomes the biggest hotspot of ozone pollution. An investigation of 6 years of data revealed that ozone pollution is not limited to just a few cities. With increasing heat its effect is increasing in many parts of the country. Delhi-NCR is a hotspot.,Delhi-NCR maximus fit hotspot pollutio ozonis. Investigatio per 6 annos datae manifestavit pollutionem ozonum non paucis civitatibus circumscriptam esse. Crescente calore eius effectus in multis regionibus augetur. Dellium-NCR hotspot est.,https://www.aajtak.in/science/story/india-cities-ground-level-ozone-pollution-delhi-ncr-cse-report-health-risk-dskc-2591596-2026-07-01,https://akm-img-a-in.tosshub.com/aajtak/images/story/202607/6a44c9b649a89-delhi-ncr-ozone-pollution-010256429-16x9.jpg,,"- . -NCR . , , , , . , .
 (CSE) 2021 2026 . , 1 10 2026 25 . 15 , - .
 : - ... ?
 . , . , . , .
- . . , , , . , .
-NCR 
-NCR - . 71 . , . , NCR .
 : B-2 - , 
 . . , . 17 . 16.3 . 15.9 .
 , .… [+139 chars]",,2026-07-17 07:32:26+00:00,random,,,
ec98b51e13005ddc0fbe26359e3d95d2,2026-07-05T16:16:01Z,Heat Wave,गर्मी,www.aajtak.in,hi,0.9,"Ihr Gesicht wird ohne Make-up strahlen, übernehmen Sie diese 5 Geheimnisse der Rajputana-Königinnen. Anstelle teurer Hautpflegeprodukte pflegten die Königinnen von Rajputana vor Jahrhunderten ihre Schönheit mit natürlichen Mitteln zu unterstreichen. Durch die Verwendung natürlicher, zu Hause erhältlicher Inhaltsstoffe gelang es ihr, selbst in der Hitze Rajasthans makellose und strahlende Haut zu bekommen. Kennen Sie diese 5 effektiven traditionellen Schönheitstipps von ihr …","बिना मेकअप चमकेगा चेहरा, अपनाएं राजपूताना रानियों के ये 5 सीक्रेट्स",महंगे स्किनकेयर प्रोडक्ट्स के बजाय सदियों पहले राजपूताना की रानियां प्राकृतिक चीजों से अपनी खूबसूरती निखारती थीं. घर में ही मौजूद नेचुरल चीजों के इस्तेमाल से वे राजस्थान की गर्मी में भी बेदाग और दमकती त्वचा पाती थीं. जानिए उनके ये 5 असरदार पारंपरिक ब्यूटी सीक…,"Your face will shine without makeup, adopt these 5 secrets of Rajputana queens. Instead of expensive skincare products, centuries ago the queens of Rajputana used to enhance their beauty with natural things. By using natural ingredients available at home, she was able to get flawless and glowing skin even in the heat of Rajasthan. Know these 5 effective traditional beauty tips of hers…","Facies tua sine fuco fulgebit, 5 Haec rajputana reginarum secreta cape. Pro pretiosa skincare producta, ante saecula reginae Rajputana pulchritudinem suam cum rebus naturalibus augere solebant. Cum medicamentis naturalibus domi praesto utendo, cutis perfecta et candens etiam in aestu Rajasthani obtinere poterat. Scitote haec 5 efficax traditionalis pulchritudinis apices eius…",https://www.aajtak.in/lifestyle/news/story/rajputana-queen-beauty-secrets-traditional-skin-care-tips-besan-haldi-saffron-multani-mitti-face-pack-for-naturally-glowing-pink-face-tvisx-dskc-2589849-2026-07-05,https://akm-img-a-in.tosshub.com/aajtak/images/story/202606/6a423db9e0218-rajputana-queen-beauty-secrets-294108617-16x9.jpg,,"Rajputana Queen Beauty Secrets: , .    , - - .
 .     . 5 , .
 . . . 
   .  , .   .  , , .
 . , . -   . 
 , , .  , .   .
   ,   , . 
     . .  , . .
   .   . ,     . 
 ?
 , - . .  , .   , .… [+10 chars]",,2026-07-17 07:32:26+00:00,random,,,
b5f4144287b184c6330d6caeeb551307,2026-07-06T11:47:53Z,Heat Wave,गर्मी,www.aajtak.in,hi,0.9,"Warum bekam der Delhi-Monsun eine Pause? Dieses Mal scheint sich das Muster des Monsuns in Delhi zu ändern, wo es trotz aufziehender Wolken nicht regnet. Experten gehen davon aus, dass El Nino, eine Änderung der Windrichtung und andere Wettergründe die Hauptgründe dafür sind. Dadurch haben die Luftfeuchtigkeit und die Hitze zugenommen und die Menschen bekommen keine Linderung.",Delhi Monsoon पर ब्रेक क्यों लग गया?,"दिल्ली में इस बार मॉनसून का पैटर्न बदलता नजर आ रहा है, जहां बादल दिखने के बावजूद बारिश नहीं हो रही है. विशेषज्ञ मानते हैं कि अल नीनो, हवा के रुख में बदलाव और अन्य मौसमीय कारण इसकी बड़ी वजह हैं. इससे उमस और गर्मी बढ़ गई है और लोगों को राहत नहीं मिल पा रही है.","Why did Delhi Monsoon get a break? This time the pattern of monsoon seems to be changing in Delhi, where despite clouds appearing, it is not raining. Experts believe that El Nino, change in wind direction and other weather reasons are the main reasons for this. Due to this the humidity and heat has increased and people are not getting relief.","Cur Delhi Monsoon continuas accipere? Hoc tempore exemplum ETESIA in Delhi mutari videtur, ubi, quamvis nubes apparentes, non pluit. Periti credunt El Nino, mutationem in directionem venti et rationes tempestatum alias esse praecipuas causas. Ob hoc humiditas et calor augentur et homines non sublevantur.",https://www.aajtak.in/short-videos/video/delhi-monsoon-break-reason-el-nino-impact-weather-dry-spell-india-weather-mmtg-2595213-2026-07-06,https://akm-img-a-in.tosshub.com/aajtak/images/video/202607/6a4b94ec9f67b-delhi-monsoon-064335184-16x9.jpg,,"Please rotate your device
 . .",,2026-07-17 07:32:26+00:00,random,,,
40a61ea59a748b32256d710f5f562825,2026-07-11T01:30:09Z,Heat Wave,गर्मी,www.aajtak.in,hi,0.9,"Wie pflegt man die Haut bei Regen? Der Arzt sagte 3 Schritte. Hautpflege: Auch wenn die Regenzeit für Linderung bei der Hitze sorgt, bringt diese Jahreszeit auch viele Herausforderungen für die Haut mit sich. Due to increased moisture, the skin becomes oily, pores start getting clogged and problems like pimples, fungal infections and rashes can increase.",बारिश में Skin Care कैसे करें? Doctor ने बताए 3 Steps,"Skin Care बारिश का मौसम भले ही गर्मी से राहत देता हो, लेकिन यही मौसम स्किन के लिए कई चुनौतियां भी लेकर आता है. बढ़ी हुई नमी के कारण त्वचा ऑयली हो जाती है, पोर्स बंद होने लगते हैं और पिंपल्स, फंगल इंफेक्शन व रैशेज जैसी समस्याएं बढ़ सकती हैं.","How to take skin care in rain? Doctor told 3 steps. Skin Care: Even though the rainy season provides relief from the heat, this season also brings many challenges for the skin. Due to increased moisture, the skin becomes oily, pores start getting clogged and problems like pimples, fungal infections and rashes can increase.","Quomodo in pluviis cutem curare? 3 vestigia doctor indicavit. Cura cutis: Etsi tempus pluviae caloris levamen praebet, hoc tempus etiam multas provocationes ad cutem affert. Ob umorem auctum, cutis oleum fit, poris incipiunt haesitare et problemata sicut pustulis, infectiones fungal et epinyctidas augere possunt.",https://www.aajtak.in/short-videos/video/monsoon-skin-care-tips-dermatologist-facewash-moisturizer-sunscreen-steps-to-follow-mmt-2598598-2026-07-11,https://akm-img-a-in.tosshub.com/aajtak/images/video/202607/6a51046293490-monsoon-skincare-tips-104029112-16x9.jpg,,"Please rotate your device
 . .",,2026-07-17 07:32:26+00:00,random,,,
80553cf58af6201c432aa6d12386715e,2026-07-15T03:56:37Z,Precipitation,मूसलाधार बारिश,hindi.moneycontrol.com,hi,0.9,"Mausam Update 15. Juli: Warnung vor sintflutartigen Regenfällen in Bihar, Bengalen und Odisha, diese 3 Zyklonsysteme sind aktiv! Das IMD hat für diese 14 Staaten eine Warnung herausgegeben. Mausam-Update vom 15. Juli: Der Monsun hat in vielen Teilen des Landes wieder seine volle Geschwindigkeit erreicht. Das India Meteorological Department (IMD) hat ein neues Wetterbulletin für den 15. Juli herausgegeben und eine Warnung vor starkem bis extrem starkem Regen in 14 Bundesstaaten des Landes herausgegeben, darunter Bihar, Westbengalen und Odisha.…","Mausam Update 15 July: बिहार, बंगाल और ओडिशा में मूसलाधार बारिश की चेतावनी, ये 3 चक्रवाती सिस्टम एक्टिव! IMD ने इन 14 राज्यों के लिए जारी किया अलर्ट","Mausam Update 15 July: देश के कई हिस्सों में मानसून एक बार फिर पूरी रफ्तार पकड़ चुका है। भारत मौसम विज्ञान विभाग (IMD) ने 15 जुलाई के लिए एक नया वेदर बुलेटिन जारी कर बिहार, पश्चिम बंगाल और ओडिशा समेत देश के 14 राज्यों में भारी से अत्यंत भारी बारिश का अलर्ट जा…","Mausam Update 15 July: Warning of torrential rain in Bihar, Bengal and Odisha, these 3 cyclonic systems active! IMD issued alert for these 14 states. Mausam Update 15 July: Monsoon has once again gained full speed in many parts of the country. The India Meteorological Department (IMD) has issued a new weather bulletin for July 15 and issued an alert of heavy to extremely heavy rain in 14 states of the country including Bihar, West Bengal and Odisha.…","Mausam Renovatio 15 Iulii: Admonitio pluviae torrentis in Bihar, Bengal et Odisha, hae 3 systemata cyclonica activa! IMD edicta intenti harum civitatum XIV. Mausam Renovatio 15 Iulii: Monsoon iterum plenam celeritatem in multis regionibus vicit. In India Meteorologico Department (IMD) novam tempestatem bulletin pro Iulio XV edidit et in quattuor statibus patriae pluviae gravissimae in 14 statibus, in quibus Bihar, West Bengal et Odisha.",https://hindi.moneycontrol.com/india/weather-update-july-15-heavy-rain-warning-for-bihar-bengal-odisha-cyclonic-systems-active-imd-issues-alerts-for-14-states-article-2419787.html,https://images.moneycontrol.com/static-hindinews/2026/07/Weather-Update-July-15.jpg,,"Mausam Update 15 July: (IMD) 15 , 14 - - 
 15 
 : 
: - , 7.6 - 2 -- 
 : - 5.8 (Cyclonic Circulation) 
 : - 5.8 
 : 5.8 
 : , , , , , - ( - ) - - 
 , 
 - - 15 , 
 11 
 15 - :-
- 
-, 
 , … [+181 chars]",,2026-07-17 11:47:01+00:00,random,,,
ab1e836941b660b65c2c882abff5a0f4,2026-07-03T12:40:18Z,Flood,भारत में बाढ़,www.aajtak.in,hi,0.9,"ISRO zeigte LIVE-Bild von Regen, Warnung vor starkem Regen. Auf ISRO-Satellitenbildern sind dichte Wolken über Westindien zu sehen. In vielen Teilen von Gujarat, Rajasthan, Maharashtra und Madhya Pradesh besteht eine Warnung vor starkem Regen. Die Gefahr von Staunässe und Überschwemmungen nahm in vielen Gebieten zu. Die Satellitenüberwachung von ISRO überwachte kontinuierlich die Wetterbedingungen.","ISRO ने दिखाई बारिश की LIVE तस्वीर, भारी बारिश का अलर्ट","ISRO की सैटेलाइट तस्वीरों में पश्चिम भारत पर घने बादल दिखाई दिए हैं. गुजरात, राजस्थान, महाराष्ट्र और मध्य प्रदेश के कई हिस्सों में भारी बारिश का अलर्ट है. कई इलाकों में जलभराव और बाढ़ का खतरा बढ़ा. ISRO की सैटेलाइट निगरानी से मौसम की स्थिति पर लगातार नजर रखी …","ISRO showed LIVE picture of rain, alert of heavy rain. Dense clouds have been seen over western India in ISRO satellite images. There is an alert of heavy rain in many parts of Gujarat, Rajasthan, Maharashtra and Madhya Pradesh. The risk of waterlogging and floods increased in many areas. ISRO's satellite monitoring continuously monitored the weather conditions.","ISRO VIVERE imaginem pluviae ostendit, pluviae intentus. Nubes densae visae sunt in imaginibus satellite ISRO in India occidentali. Pluribus partibus Gujarat, Rajasthan, Maharashtra et Madhya Pradesh acris pluviae est. Periculum waterlogging et inundationes in multis locis auctae sunt. Satellites ISRO tempestatum vigilantia continenter moniti sunt.",https://www.aajtak.in/short-videos/video/heavy-rain-gujarat-rajasthan-maharashtra-isro-satellite-image-explained-mmtm-2593294-2026-07-03,https://akm-img-a-in.tosshub.com/aajtak/images/video/202607/6a47a4e02d6cb-isro-on-monsoon-satellite-images-030234640-16x9.jpg,,"Please rotate your device
 . .",,2026-07-18 07:13:04+00:00,wmo,India,SAS,Asia
547a04d8fdf7d0dc28a7650330f80012,2026-07-06T09:28:38Z,Heat Wave,गर्मी,hindi.moneycontrol.com,hi,0.9,"Die Satellitenbilder von ISRO zeigen die wilde Form des Monsuns! Warnung vor starkem Regen in diesen Bundesstaaten. ISRO-Satellitenbilder: In vielen Teilen des Landes warten die Menschen immer noch auf Regen. Aufgrund des späten Monsuneinbruchs in diesem Jahr konnten sich die Menschen noch nicht von der Hitze erholen. Gleichzeitig gibt es Erleichterungsnachrichten für die Bauern, die unter der sengenden Hitze leiden und auf Regen für ihre Ernte warten.",ISRO की सैटेलाइट तस्वीरों में दिखा मानसून का रौद्र रूप! इन राज्यों में भारी बारिश का अलर्ट,ISRO Satellite Images: देश के कई हिस्सों में अभी लोग बारिश का इंतजार कर रहे हैं। इस साल मनसून के देरी से आने की वजह से लोगों को गर्मी से अभी तक राहत नहीं मिल पाई है। वहीं भीषण गर्मी से परेशान और फसलों के लिए बारिश की राह देख रहे किसानों के लिए राहत भरी खबर सा…,"ISRO's satellite images show the ferocious form of monsoon! Alert of heavy rain in these states. ISRO Satellite Images: People are still waiting for rain in many parts of the country. Due to late arrival of monsoon this year, people have not yet got respite from the heat. At the same time, there is relief news for the farmers troubled by the scorching heat and waiting for rain for their crops.","Satellitium ISRO imagines monstrant ferociam ETESIAE formam! Imbres in his civitatibus erecti. ISRO Imagines Satellitae: Homines pluviam in multis regionibus adhuc exspectant. Nuper hoc anno ob ETESIA adventus, homines nondum ab aestu quies ceperunt. Sub idem tempus nuntium agricolae aestu aestu vexato et fruges suas pluvias exspectans.",https://hindi.moneycontrol.com/india/isro-satellite-images-show-monsoon-in-full-force-maharashtra-and-west-bengal-brace-for-heavy-rain-article-2417361.html,https://images.moneycontrol.com/static-hindinews/2026/07/up-mansoon-mnby.jpg,,"ISRO Satellite Images: (ISRO) - 
 ISRO  
 INSAT-3DR , - , , , - 
(IMD) , , , , - 
 , , - 
 , , , , - ,",,2026-07-18 07:13:04+00:00,random,,,
f16247c07395f74f6c0c4cbf10fdeb40,2026-07-09T03:48:12Z,ice jam,बाढ़,hindi.moneycontrol.com,hi,0.9,"IMD-Warnung vor starkem Regen 9. Juli: Wetterchaos in Delhi-UP, Rajasthan, MP und Bihar, Warnung vor starkem Regen mit Tornado in über 23 Bundesstaaten. Wetter- und Regenbeobachtung in Indien heute, 9. Juli: Der Südwestmonsun ist mittlerweile im ganzen Land heftig geworden. Derzeit regnet es in den meisten Teilen des Landes stark und es besteht vielerorts Überschwemmungsgefahr. Laut dem neuesten Update des Indian Meteorological Department (IMD)…","भारी बारिश का IMD अलर्ट 9 जुलाई: दिल्ली-यूपी, राजस्थान, एमपी और बिहार में मौसम का तांडव, 23+ राज्यों में बवंडर संग हैवी रेन का Alert",India Weather and Rain Watch Today 9 July: देश भर में दक्षिण-पश्चिम मानसून अब प्रचंड रूप धारण कर चुका है। इस समय देश के ज्यादातार इलाकों में भारी बारिश पड़ रही है और कई जगहों पर बाढ़ का खतरा मंडरा रहा है। भारतीय मौसम विज्ञान विभाग (IMD) के ताजा अपडेट के मुताब…,"IMD alert of heavy rain 9th July: Weather chaos in Delhi-UP, Rajasthan, MP and Bihar, Alert of heavy rain with tornado in 23+ states. India Weather and Rain Watch Today 9 July: The south-west monsoon has now become severe across the country. At present, there is heavy rain in most areas of the country and there is a danger of flood in many places. According to the latest update of Indian Meteorological Department (IMD)…","IMD pluviae pluviae erecti VIIII Iulii: Tempestas chaos in Delhi-UP, Rajasthan, MP et Bihar, pluviae graves cum turbine in 23+ civitatibus erecti. India Tempestas et Pluvia Vigilo Hodie 9 Iulii: ETESIA meridiem-occidentalem nunc per patriam severa facta est. Nunc in plerisque regionibus multae pluviae sunt et periculum diluvii in multis locis est. Secundum recentissimam renovationem Indicum Meteorologicum Department (IMD)…",https://hindi.moneycontrol.com/india/severe-weather-havoc-in-delhi-up-and-other-states-on-july-9-alert-issued-for-heavy-rain-and-squalls-across-more-than-23-states-article-2418147.html,https://images.moneycontrol.com/static-hindinews/2026/07/Monsoon-Update.jpg,,"India Weather and Rain Watch Today 9 July: - (IMD) (NLM) , , ( ) 2 3 , , 
 - - - -- - , - (9 ) -, , , 23 (-) 
 , , , , , , , - , , 
8 
 8 - :
-NCR 15 
9 , -
23+ , 
 - - - 23 :
50 60 / : , , … [+136 chars]",,2026-07-18 07:13:04+00:00,random,,,
5b51f0014c64b0c63f5b3093b271c06e,2026-07-09T15:43:18Z,ice jam,बाढ़,www.aajtak.in,hi,0.9,"Viele Städte standen aufgrund von Überschwemmungen in Maharashtra-Gujarat unter Wasser, siehe Bilder der Verwüstung. Der Monsun hat das ganze Land verschlungen... dann zeichnete sich auch das Bild der Unruhe ab. Nach einer regnerischen Nacht fand heute die erste Prüfung des Delhi-NCR statt. An vielen Stellen kam es zu Staunässe...so dass auch die Regierung von der Leitwarte aus aktiv wurde. Ghaziabad und Noida hatten im ersten Regen größere Probleme als Delhi. Meerut Express…","महाराष्ट्र-गुजरात में बाढ़ के कारण कई शहर डूबे, देखें तबाही की तस्वारें",मानसून पूरे देश पर छाया है...तो मुसीबत की तस्वीर भी आने लगी. बरसात की एक रात के बाद दिल्ली-NCR की आज पहली परीक्षा हो गई. कई जगह जल-जमाव रहे...तो सरकार भी कंट्रोल रूम से एक्शन में आई. पहली बारिश में दिल्ली से ज्यादा गाजियाबाद और नोएडा परेशान रहा. मेरठ एक्सप्रे…,"Many cities submerged due to floods in Maharashtra-Gujarat, see pictures of the devastation. Monsoon has engulfed the entire country... then the picture of trouble also started appearing. After a rainy night, Delhi-NCR's first exam took place today. There was water logging at many places...so the government also came into action from the control room. Ghaziabad and Noida were more troubled than Delhi in the first rain. Meerut Express…","Multae urbes ob inundationes in Maharashtra-Gujarat demersae, picturas devastationis vident. Monsoon totam regionem submersit... deinde imago tribulationis etiam incepit adventum. Post noctem pluviam, primum examen Delhi-NCR hodie factum est. Multis locis aqua logging erat... sic etiam imperium venit in actum de cella potestate. Ghaziabad et Noida plus quam Delhi in primo pluvia turbati sunt. Meerut Express…",https://www.aajtak.in/india/news/video/maharashtra-gujarat-several-cities-submerged-due-to-flood-watch-report-vdop-2597842-2026-07-09,https://akm-img-a-in.tosshub.com/aajtak/images/video/202607/6a4fc1766d171-cities-submerged-due-to-floods-094240988-16x9.jpg,,... . -NCR . - ... . . - ... . - . ...,,2026-07-18 07:13:04+00:00,random,,,
314f9c37d278aba031103a20f07cd275,2026-07-11T07:17:02Z,Flood,बाढ़ भारत,www.aajtak.in,hi,0.9,"Flut privater Universitäten! Wer wird davon profitieren? Statistiken zeigen, dass in Indien im letzten Jahrzehnt (2013-14 bis 2023-24) mehr als 550 neue Universitäten eröffnet wurden, von denen die meisten privat sind, also von privater Leitung gegründet wurden. Die Situation ist, dass das Wachstumstempo der privaten Universitäten im Land schneller ist als das der staatlichen Universitäten.",प्राइवेट यूनिवर्सिटीज की लगी बाढ़! इससे किसे फायदा होने वाला है?,"आंकड़े बताते हैं कि भारत में पिछले एक दशक (2013-14 से 2023-24) में 550 से अधिक नई यूनिवर्सिटीज खोली गई हैं, जिनमें से ज्यादातर निजी यानी प्राइवेट मैनेजमेंट द्वारा शुरू की गई हैं. स्थिति यह है कि देश में प्राइवेट यूनिवर्सिटीज के बढ़ने की रफ्तार सरकारी यूनिवर्स…","Flood of private universities! Who is going to benefit from this? Statistics show that more than 550 new universities have been opened in India in the last decade (2013-14 to 2023-24), most of which are private, i.e. started by private management. The situation is that the pace of growth of private universities in the country is faster than that of government universities.","Diluvium privatarum universitatum! Quis hoc tibi proderit? Statistics demonstrant plusquam 550 novas universitates in India proximo decennio apertas esse (2013-14 ad 2023-24), quarum pleraeque sunt privatae, i.e., administratione privata inceperunt. Ita se res habet ut gradus incrementi universitatum privatarum in patria velocior sit quam universitatum regimen.",https://www.aajtak.in/education/news/story/growth-of-private-universities-in-india-impact-on-students-edmm-dskc-2598318-2026-07-11,https://akm-img-a-in.tosshub.com/aajtak/images/story/202607/6a50aeb248e9c-private-universities-in-india-090328610-16x9.jpeg,,"? ? ' ' (AISHE) 10 .
 (2013-14 2023-24) 550 , . .
 .
 10  
<table><tr><td></td><td> 2013-14</td><td> 2023-24</td><td></td></tr><tr><td></td><td>504</td><td>733</td><td>+45.4%</td></tr><tr><td></t… [+447 chars]",,2026-07-18 07:13:04+00:00,wmo,India,SAS,Asia
836761912a63470bd179b5c3693fef5e,2026-07-16T12:40:16Z,Precipitation,आंधी तूफान,hindi.moneycontrol.com,hi,0.8,"Warnung vor starkem Regen, 17. Juli: Von UP-Bihar bis Bengalen warnte das IMD vor starkem Regen in diesen über 16 Bundesstaaten, außerdem besteht die Gefahr eines Gewitters. Wetter-Update für Indien: Aufgrund der Monsunaktivität hat sich das Wettergeschehen in weiten Teilen des Landes völlig verändert. Das India Meteorological Department (IMD) hat für den 17. Juli eine große Warnung vor starkem bis extrem starkem Regen und Gewitter in mehr als 16 Bundesstaaten des Landes herausgegeben. Banga…","हैवी रेन वॉर्निंग 17 जुलाई: यूपी-बिहार से बंगाल तक IMD ने इन 16+ राज्यों में भारी बारिश का अलर्ट दिया, अंधड़ का भी खतरा",India Weather Update: मानसून की सक्रियता के चलते देश के बड़े हिस्से में मौसम का मिजाज पूरी तरह बदल चुका है। भारत मौसम विज्ञान विभाग (IMD) ने 17 जुलाई के लिए देश के 16 से अधिक राज्यों में भारी से अत्यंत भारी बारिश और आंधी-तूफान का बड़ा अलर्ट जारी किया है। बंगा…,"Heavy Rain Warning 17 July: From UP-Bihar to Bengal, IMD gave alert of heavy rain in these 16+ states, danger of thunderstorm also. India Weather Update: Due to the activity of monsoon, the weather pattern has completely changed in large parts of the country. India Meteorological Department (IMD) has issued a major alert of heavy to extremely heavy rain and thunderstorm in more than 16 states of the country for July 17. Banga…","Gravis Pluviae Admonitio 17 Iulii: Ab UP-Bihar ad Bengalam IMD pluviae gravissimae in his 16+ civitatibus erectae sunt, periculum etiam tonitrui. Tempestas Renovatio Indiae: Ob activitate ETESIAE, exemplar tempestatum in magnas regiones partes omnino mutavit. Indiae Department Meteorologicum (IMD) plus quam 16 statibus patriae gravibus in pluviam et tonitribus praegravem in Banga ...",https://hindi.moneycontrol.com/india/heavy-rain-alert-for-july-17-imd-has-issued-heavy-rain-warning-for-over-16-states-from-up-and-bihar-to-bengal-article-2420398.html,https://images.moneycontrol.com/static-hindinews/2026/07/Heavy-Rain-Alert-for-July-17.jpg,,"India Weather Update: (IMD) 17 16 - - 
 , , , 17 17 
17 - 
 17 , - , - - 
 17 - - , , 
-, (40-50 kmph) 
 - - , -, , , , , - 40-50 , , , - 30-40 
 , , , , , , , , - , , , , , , , - - 
 , , 17 … [+111 chars]",,2026-07-18 16:16:10+00:00,random,,,
67ed020a3889bd86fd5e01b300baca77,2026-07-03T03:20:34Z,Precipitation,आंधी तूफान,hindi.moneycontrol.com,hi,0.8,IMD-Wettervorhersage-Update: Wetterchaos von UP nach Bihar! Warnung vor starkem Regen und Sturm in mehr als 20 Bundesstaaten. Heutiges Wetter 3. Juli: Mit dem Beginn des Monsuns im ganzen Land hat sich die Wetterstimmung völlig verändert. Das Indian Meteorological Department (IMD) hat sein morgendliches Wetterbulletin für den 3. Juli veröffentlicht. Nach Angaben des Meteorological Department sind im Nordwesten des Golfs von Bengalen und darüber hinaus…,IMD Weather Forecast Update: यूपी से बिहार तक मौसम का तांडव! इन 20 से ज्यादा राज्यों में भारी बारिश और आंधी-तूफान का अलर्ट,Aaj Ka Mausam 3 July: देश भर में मानसून की रफ्तार तेज होने के साथ ही मौसम का मिजाज पूरी तरह बदल गया है। भारतीय मौसम विज्ञान विभाग (IMD) ने 3 जुलाई के लिए अपना मॉर्निंग वेदर बुलेटिन जारी कर दिया है। मौसम विभाग के मुताबिक बंगाल की खाड़ी के उत्तर-पश्चिम और उससे …,"IMD Weather Forecast Update: Weather chaos from UP to Bihar! Alert of heavy rain and storm in more than 20 states. Today's Weather 3 July: With the onset of monsoon across the country, the mood of the weather has completely changed. The Indian Meteorological Department (IMD) has released its morning weather bulletin for July 3. According to the Meteorological Department, in the north-west of the Bay of Bengal and beyond…","IMD Weather Weather Update: Weather chaos from UP to Bihar! Intenti sunt pluviae et procellae in civitatibus XX plus. Tempestas hodiernae diei 3 Iulii: Ingruente ETESIA per regionem, modus tempestatum omnino mutatur. Indicum Meteorologicum Indicum (IMD) tempestatis matutinae bulletin pro Iulio III dimisit. Secundum Department Meteorologicum, in occidente septentrionali Sinus Bengalicae et ultra ...",https://hindi.moneycontrol.com/india/weather-havoc-from-up-to-bihar-heavy-rain-and-thunderstorm-alert-for-over-20-states-article-2416592.html,https://images.moneycontrol.com/static-hindinews/2026/07/imd-weather.jpg,,"Aaj Ka Mausam 3 July: (IMD) 3 - - 2-3 20 , - 5 8 
 5 
 / :
, 
 : , 
- : 3 6 - 
 :
 :
 : ( ) - 3-4 5 7 
- : -- , , (3-4 ) , 5 8 
 : , (4 8 )
 : , , , , 
 : , , , , ( 3-4 )
- : 50 / 
 - -… [+253 chars]",,2026-07-19 11:35:29+00:00,random,,,
f3e84f81cbc30be88ab83e9475b15e07,2026-07-01T03:08:37Z,Heat Wave,गर्मी,hindi.moneycontrol.com,hi,0.9,"Delhi NCR Mausam Heute: IMD gibt Alarmstufe Gelb für Delhi, Noida, Ghaziabad aus, in diesen Gebieten wird es zu starkem Regen und Sturm kommen. Wetter in Delhi NCR heute, 1. Juli: Es gibt Nachrichten über Erleichterung für die Menschen, die in Delhi-NCR unter der sengenden und erdrückenden feuchten Hitze leiden. Das Indian Meteorological Department (IMD) hat eine gelbe Warnung für Delhi, Noida, Ghaziabad und die umliegenden Gebiete herausgegeben. Nach Angaben der Wetterbehörde heute Nachmittag…","Delhi NCR Mausam Today: IMD ने दिल्ली, नोएडा, गाजियाबाद के लिए जारी किया येलो अलर्ट, इन इलाकों में आएगी तेज बारिश और आंधी","Delhi NCR Weather Today 1 July: दिल्ली-एनसीआर में भीषण और दमघोंटू उमस भरी गर्मी झेल रहे लोगों के लिए राहत की खबर है। भारतीय मौसम विज्ञान विभाग (IMD) ने दिल्ली, नोएडा, गाजियाबाद और आस-पास के इलाकों के लिए येलो अलर्ट जारी किया है। मौसम विभाग के मुताबिक आज दोपहर…","Delhi NCR Mausam Today: IMD issues yellow alert for Delhi, Noida, Ghaziabad, heavy rain and storm will come in these areas. Delhi NCR Weather Today 1 July: There is news of relief for the people facing the scorching and suffocating humid heat in Delhi-NCR. The Indian Meteorological Department (IMD) has issued a yellow alert for Delhi, Noida, Ghaziabad and surrounding areas. According to the weather department this afternoon…","Delhi NCR Mausam Hodie: IMD exit flavum vigilans ad Delhi, Noida, Ghaziabad, pluviae et procellae graves in his locis venient. Delhi NCR Tempestas Hodie 1 Iulii: Nuntia est subsidii pro populo contra ustionem et umorem calorem suffocantem in Delhi-NCR. Indicum Meteorologicum (IMD) flavo intentum Delhi, Noida, Ghaziabad et locis circumiacentibus edidit. Secundum tempestas department hoc post meridiem ...",https://hindi.moneycontrol.com/india/delhi-ncr-weather-today-imd-issues-yellow-alert-for-delhi-noida-ghaziabad-heavy-rain-and-thunderstorms-likely-here-article-2416015.html,https://images.moneycontrol.com/static-hindinews/2026/07/delhi-weather1.jpg,,"Delhi NCR Weather Today 1 July: - (IMD) , , - - - '-' ( ) 53.4 - 2 3 
: , 40 50 - 60 / 22 / , 25 / 22 / 
01 
 36°C 38°C ( 40°C ) 27°C 29°C",,2026-07-20 04:12:41+00:00,random,,,
3cbd6d2aba21c980040c10078b6f9e0a,2026-07-03T02:44:23Z,Heat Wave,गर्मी,hindi.moneycontrol.com,hi,0.9,"Wetter in Delhi: Nach der Hitzewelle in Delhi kam der Monsun mit fünf Tagen Verspätung, das IMD gab eine Regenwarnung bis zum 5. Juli heraus. Wetter in Delhi: Nach mehreren Tagen sengender Hitze, Feuchtigkeit und Hitze erreichte der Südwestmonsun am Donnerstag endlich Delhi und brachte den Menschen große Erleichterung von dieser schwülen Hitze. Wir sagen Ihnen, dass der Monsun dieses Mal fünf Tage zu spät als geplant eingetroffen ist. Während in der Landeshauptstadt…","Delhi Weather: दिल्ली में हीटवेव के बाद 5 दिन देरी से पहुंचा मानसून, IMD ने 5 जुलाई तक जारी किया बारिश का अलर्ट","Delhi Weather: कई दिनों की भीषण गर्मी, उमस और लू के बाद, दक्षिण-पश्चिम मानसून आखिरकार गुरुवार को दिल्ली पहुंच ही गया, जिससे लोगों को इस उमस भरी गर्मी से बड़ी राहत मिली। बता दें कि इस बार मानसून अपने तय समय से 5 दिन देर से पहुंचा है। वहीं, राष्ट्रीय राजधानी मे…","Delhi Weather: After the heatwave in Delhi, monsoon arrived 5 days late, IMD issued rain alert till July 5. Delhi Weather: After several days of scorching heat, humidity and heat, the south-west monsoon finally reached Delhi on Thursday, bringing great relief to the people from this sultry heat. Let us tell you that this time the monsoon has arrived 5 days late than its scheduled time. Whereas in the national capital…","Tempestas Delhi: Post aestus in Delhi, ETESIA V dies tarde advenit, IMD imbres intenti usque ad Iulium 5. Tempestas Delhi: Post aliquot dies aestus, humiditas et calor, Eeses meridiem-occidentalem tandem ad Delhi in Iovis, magnum auxilium afferens ab hoc aestu aestuoso populo. Dicamus tibi hoc tempus hora V dierum sero quam horarium horarium advenit. Cum in nationalibus caput…",https://hindi.moneycontrol.com/india/monsoon-arrives-in-delhi-with-a-5-day-delay-following-a-heatwave-imd-issues-rainfall-alert-until-july-5-article-2416561.html,https://images.moneycontrol.com/static-hindinews/2026/07/दिल्ली-वेदर.jpg,,"Delhi Weather: , , - , 5 , , (IMD) 
 22 32 
 , 
5 
 , "" , "" , , , - ""
 5 , - 
2021 
2021 2021 , 13 IMD , - 2025 29 , 2024 28 , 2023 25 2022 30 
 125 15 , 2008 , 26 , 1987 
2020 , 25 2021 , 2… [+233 chars]",,2026-07-20 04:12:41+00:00,random,,,
8e952ddc02ccdf507a52421345a1886d,2026-07-19T07:01:48Z,Precipitation,अर्जेंटीना में मूसलाधार बारिश,www.aajtak.in,hi,0.9,"FIFA: Himmelskatastrophe vor dem Finale, Stadion in strömendem Regen versunken. Vor dem Finale der FIFA Fußball-Weltmeisterschaft 2026 zwischen Spanien und Argentinien ließ das Wetter die Herzen der Organisatoren deutlich höher schlagen. Am Samstag füllten ein starker Sturm und sintflutartige Regenfälle in New Jersey das Stadion in East Rutherford mit Wasser.","FIFA: फाइनल से पहले आसमानी आफत, मूसलाधार बारिश में डूबा स्टेडियम",स्पेन और अर्जेंटीना के बीच होने वाले फीफा वर्ल्ड कप 2026 के फाइनल से पहले मौसम ने आयोजकों की धड़कनें जरूर बढ़ा दीं. शनिवार को न्यू जर्सी में आए तेज तूफान और मूसलाधार बारिश ने ईस्ट रदरफोर्ड स्थित स्टेडियम को पानी से भर दिया.,"FIFA: Sky disaster before the final, stadium submerged in torrential rain. Before the final of the FIFA World Cup 2026 to be held between Spain and Argentina, the weather definitely increased the heartbeat of the organizers. On Saturday, a strong storm and torrential rains in New Jersey filled the stadium in East Rutherford with water.","FIFA: Caelum malum ante extremum, stadium in pluvia torrenti demergitur. Ante finalem FIFA World Cup 2026 inter Hispaniam et Argentinam habendi, tempestas cordis pulsationem ordinantium definite auxit. Die Sabbati valida tempestas et imbres torrentes in Nova Jersey stadium in East Rutherford aquis impleverunt.",https://www.aajtak.in/sports/football/story/fifa-world-cup-2026-final-weather-heavy-rain-new-york-new-jersey-spain-vs-argentina-tspoa-dskc-2604580-2026-07-19,https://akm-img-a-in.tosshub.com/aajtak/images/story/202607/6a5c7558da962-metlife-stadium-195723326-16x9.jpg,,"2026 . (18 ) - .     , 20 12.30     .
 . , .
 . . 80 .
 - . , .
 . accuweather.com  , . , .
 . . ,   .",,2026-07-20 16:49:21+00:00,wmo,Argentina,SES,South-America
2b3fabca22773cd9783b861b86cb623e,2026-07-01T02:44:57Z,Heat Wave,हीट वेव कनाडा,www.aajtak.in,hi,0.8,"Nachdem auch Europa, die USA, Kanada und Mexiko von der Hitzewelle heimgesucht werden, werden Kühlzentren eröffnet. Für mehr als 6 Millionen Menschen in Amerika wurde Hitzealarm ausgegeben. In Großstädten wie New York und Chicago wurden Kühlzentren eröffnet, um den Menschen Linderung zu verschaffen, während Gesundheitsbehörden vor Hitzschlag und Dehydrierung warnten. Mittlerweile amerikanisch…","यूरोप के बाद हीट वेव से US-कनाडा-मैक्सिको भी परेशान, खोले जा रहे कूलिंग सेंटर","अमेरिका में 6 करोड़ से ज्यादा लोगों के लिए हीट अलर्ट जारी किया गया है. न्यूयॉर्क और शिकागो जैसे बड़े शहरों में लोगों को राहत देने के लिए कूलिंग सेंटर खोले गए हैं, जबकि स्वास्थ्य एजेंसियों ने हीट स्ट्रोक और डिहाइड्रेशन को लेकर चेतावनी जारी की है. इस बीच अमेरिक…","After Europe, US, Canada and Mexico are also troubled by heat wave, cooling centers are being opened. Heat alert has been issued for more than 6 crore people in America. In big cities like New York and Chicago, cooling centers have been opened to provide relief to people, while health agencies have issued warnings regarding heat stroke and dehydration. Meanwhile American…","Post Europam, US, Canada et Mexicum etiam fluctus aestus vexantur, centra refrigerationis aperiuntur. Aestus erectus plus quam 6 crore populo in America edita est. In magnis urbibus, sicut Novi Eboraci et Chicago, sedium refrigerationis apertae sunt ad subveniendum hominibus, dum instituta sanitatis monuerunt de ictu et siccitate caloris. Interea American…",https://www.aajtak.in/world/story/heatwave-in-new-york-america-canada-temperature-mexico-heat-alert-ntc-dskc-2591300-2026-07-01,https://akm-img-a-in.tosshub.com/aajtak/images/story/202607/6a447eef8974e-beachgoers-sit-in-the-water-at-alouette-lake-to-cool-off-during-the-scorching-weather-of-a-heatwave-014352406-16x9.jpg,,". . (NWS) , 38 , 46 .
 : Europe Heatwave 2026: , ! 
 6 . . 4 .
 . .
-   
 . . - , .
 38 . 250 .
 , 
 , . . 9 .
 : ... AC 
 . , . , . .",,2026-07-20 21:37:55+00:00,wmo,Canada,NEN,North-America
faca509adce255989d1786d0f9e9b4dd,2026-07-17T04:22:47Z,Tropical Cyclone,चक्रवात,hindi.moneycontrol.com,hi,0.9,"Regenalarm: 4 Zyklonsysteme aktiv! Warnung vor starkem Regen heute von UP bis Bihar und Bengalen! Das IMD warnte vor starkem Regen in diesen 17 Bundesstaaten. Wetter in Indien heute, 17. Juli: Das Tempo des Monsuns hat im ganzen Land sehr schnell zugenommen. Das India Meteorological Department (IMD) hat heute, am 17. Juli, eine Warnung vor starkem bis sehr starkem Regen in 17 Bundesstaaten des Landes herausgegeben, darunter Uttar Pradesh, Bihar und Westbengalen. Laut Meteorologen…",Rain Alert: 4 चक्रवाती सिस्टम एक्टिव! यूपी से लेकर बिहार और बंगाल तक आज भारी बारिश की चेतावनी! IMD ने इन 17 राज्यों में हैवी बारिश का अलर्ट दिया,"India Weather Today 17 July: देश भर में मानसून की रफ्तार बेहद तेज हो गई है। भारत मौसम विज्ञान विभाग (IMD) ने आज 17 जुलाई उत्तर प्रदेश, बिहार और पश्चिम बंगाल समेत देश के 17 राज्यों में भारी से बहुत भारी बारिश का अलर्ट जारी किया है। मौसम वैज्ञानिकों के मुताबिक …","Rain Alert: 4 cyclonic systems active! Warning of heavy rain today from UP to Bihar and Bengal! IMD gave alert of heavy rain in these 17 states. India Weather Today 17 July: The pace of monsoon has increased very fast across the country. India Meteorological Department (IMD) today, July 17, has issued an alert of heavy to very heavy rain in 17 states of the country including Uttar Pradesh, Bihar and West Bengal. According to meteorologists…","Pluviae erecti: 4 systemata cyclonica activa! Admonitio pluviae gravis hodie ab UP ad Bihar et Bengal! IMD intenti pluviae in his 17 civitatibus. India Tempestas Hodie 17 Iulii: Gradus ETESIA per regionem velocissimo auctus est. Indiae dolor Meteorologicus (IMD) hodie, die 17 mensis Iulii, in 17 statibus locorum gravissimarum pluviarum gravissimarum, in quibus possidet Uttar Pradesh, Bihar et West Bengal, dedit. Secundum astrologi ...",https://hindi.moneycontrol.com/india/imd-rain-alert-4-cyclonic-systems-active-heavy-rains-warning-for-today-up-bihar-bengal-for-these-17-states-article-2420536.html,https://images.moneycontrol.com/static-hindinews/2026/07/IMD-Rain-Alert-for-17-July.jpg,,"India Weather Today 17 July: (IMD) 17 , 17 - 4 (Cyclonic Circulations / ) , 
 -, 
 4 ?
, '- - ' 7.6 , , - 
4 : - - - 19 - 
 - , 
, , 
 11 - 
 - - - 
 () - , , 
-, (40-50 kmph) 
 - - , -, ,… [+117 chars]",,2026-07-21 03:53:00+00:00,random,,,
065f830b273bbba1a7317403aa83d5d0,2026-07-07T18:29:08Z,Flood,जलीय बाढ़,www.aajtak.in,hi,0.3,"Von Norden nach Süden ... der Monsunsturm hat begonnen, sehen Sie das Klopfen. Denn sobald der Monsun das Land erreicht, bringt er schreckliche Probleme mit sich. Warum beginnt der Regen, auf den wir warten, unser Leben anzugreifen? Warum bricht das System des Landes vor dem Monsunregen zusammen? Der Monsun tritt in Indien durchschnittlich an 2.000 bis 3.000 Tagen im Jahr auf.","उत्तर से दक्षिण तक... शुरू हो गया माॅनसून का महाप्रहार, देखें दस्तक","क्यों देश में मानसून आते ही, भयंकर मुसीबतों की दस्तक देता है. क्यों जिस बारिश का हम इंतज़ार करते हैं, क्यों वही बारिश, ज़िंदगी पर धावा बोलने लगती है? क्यों देश का सिस्टम मानसून वाली बरसात के आगे, ध्वस्त हो जाता है? भारत में मानसून हर साल औसतन 2,000 से 3,000 ल…","From north to south... the monsoon's onslaught has begun, see the knock. Why, as soon as monsoon arrives in the country, it brings terrible troubles. Why does the rain we wait for start attacking our lives? Why does the country's system collapse before the monsoon rains? Monsoon in India occurs on an average 2,000 to 3,000 days every year.","Ab aquilone ad austrum... Incoepit impetus ETESIA, vide pulset. Quare, cum primum ETESIA in villam venit, magnas molestias affert. Cur pluviam exspectamus ut vitam nostram oppugnare incipiamus? Cur patriae ratio antequam lunae imbres labuntur? Monsoon in India occurrit in mediocris 2,000 ad 3,000 dies quotannis.",https://www.aajtak.in/programmes/das-tak/video/monsoon-massive-onslaught-begun-conditions-worsened-from-north-to-south-vdop-2596322-2026-07-07,https://akm-img-a-in.tosshub.com/aajtak/images/video/202607/6a4d4145dc793-monsoon-massive-onslaught-begun-071112318-16x9.png,,", . , , ? , ? 2,000 3,000 . , , , . .",,2026-07-21 12:04:15+00:00,random,,,
d407a31a166e566ca300693fe20de5ec,2026-07-11T10:58:09Z,Storm,तूफ़ान अमेज़ोनिया वाई नॉर्टे डे लिटोरल,www.aajtak.in,hi,0.3,"Der verheerende Regen wird bis zum 15. Juli andauern, in vielen Bundesstaaten herrscht Starkregenalarm. Der Monsun hat in vielen Teilen des Landes heftige Formen angenommen. Das Indian Meteorological Department (IMD) hat bis zum 15. Juli eine Warnung vor starkem bis sehr starkem Regen in den Hügel- und Flachlandstaaten Nordindiens herausgegeben. Aufgrund anhaltender Regenfälle sind mehr als 250 Straßen in Himachal Pradesh…","15 जुलाई तक जारी रहेगा बारिश का कहर, कई राज्यों में भारी बारिश का अलर्ट",देश के कई हिस्सों में मानसून ने रौद्र रूप धारण कर लिया है. भारतीय मौसम विज्ञान विभाग (IMD) ने 15 जुलाई तक उत्तर भारत के पहाड़ी और मैदानी राज्यों में भारी से बहुत भारी बारिश की चेतावनी जारी की है. लगातार हो रही बारिश के कारण हिमाचल प्रदेश में 250 से अधिक सड़के…,"The havoc of rain will continue till July 15, heavy rain alert in many states. Monsoon has taken a fierce form in many parts of the country. The Indian Meteorological Department (IMD) has issued a warning of heavy to very heavy rain in the hilly and plain states of North India till July 15. Due to continuous rains, more than 250 roads in Himachal Pradesh…","Strages pluviae usque ad XV kalendas augusti perseveret, pluviae graves in multis civitatibus erectae. ETESIA forma ferox multis in partibus regionis sumpsit. Department Meteorologicum Indicum (IMD) monuerit de gravibus pluviis valde gravibus in civitatibus montanis et campestribus Indiae septentrionalis usque ad Iulium XV. Ob pluvias continuas plus quam 250 itinera in Himachal Pradesh…",https://www.aajtak.in/india/news/video/imd-rain-alert-heavy-rainfall-monsoon-update-vdom-2599062-2026-07-11,https://akm-img-a-in.tosshub.com/aajtak/images/video/202607/6a52218fbe898-monsoon-update-115714413-16x9.jpg,,". (IMD) 15 . 250 , , , , , . , , .",,2026-07-21 12:04:15+00:00,wmo,Ecuador,NWS,South-America
698369446fad7ed7e926297a2e28d3ee,2026-07-20T08:19:52Z,Precipitation,आंधी तूफान,hindi.moneycontrol.com,hi,0.8,"IMD-Regenwarnung: Der Monsun hat wieder an Fahrt gewonnen, Warnung vor starkem Regen in diesen Bundesstaaten, einschließlich Delhi-Mumbai. IMD-Regenwarnung: Das Meteorological Department (IMD) hat für die nächsten sechs bis sieben Tage einen aktiven Monsun über Nord-, Ost- und Nordostindien vorhergesagt. Außerdem besteht am Dienstag in vielen Bundesstaaten die Möglichkeit von starkem Regen und Gewittern sowie Gewittern. Während Delhi, Mumbai, West…","IMD Rain Alert: मानसून ने फिर पकड़ी रफ्तार, दिल्ली-मुंबई समेत इन राज्यों में भारी बारिश का अलर्ट","IMD Rain Alert: मौसम विज्ञान विभाग (IMD) ने अगले छह से सात दिनों तक उत्तर, पूर्व और पूर्वोत्तर भारत में सक्रिय मानसून का अनुमान लगाया है। साथ ही मंगलवार को कई राज्यों में आंधी-तूफान के साथ भारी बारिश और गरज-चमक की संभावना जताई है। वहीं, दिल्ली, मुंबई, पश्चिम …","IMD Rain Alert: Monsoon again gained momentum, alert of heavy rain in these states including Delhi-Mumbai. IMD Rain Alert: The Meteorological Department (IMD) has predicted active monsoon over North, East and Northeast India for the next six to seven days. Also, there is a possibility of heavy rain and thunderstorm along with thunderstorm in many states on Tuesday. Whereas Delhi, Mumbai, West…","IMD Pluviae erecti: Monsoon iterum momentum consecutus est, pluviae gravis in his civitatibus incluso Delhi-Mumbai. IMD Pluviae erecti: In Department Meteorologico (IMD) monstrum activae supra septentrionem, Orientem et Orientem et aquilonem in Indiam proximos sex ad septem dies praedixit. Item, possibilitas pluviae et tonitrui una cum tonitribus in multis civitatibus die Martis. Cum Delhi, Mumbai, Occidentalis…",https://hindi.moneycontrol.com/india/imd-rain-alert-monsoon-picks-up-pace-again-heavy-rain-alert-for-delhi-mumbai-and-other-states-article-2421314.html,https://images.moneycontrol.com/static-hindinews/2026/07/heavy-rain-alert.jpg,,"IMD Rain Alert: (IMD) , - -    , , , , , - 
IMD : 
IMD , , , , , , - 
IMD , , - , 
 (MMR) , 
 , , , , 
IMD - 
, , 21 23 24 , , , , , 30-40 / - 
 - 
 , 4 5 
IMD 24 , - 
 21 , 25 
IMD , - -… [+57 chars]",,2026-07-21 12:04:15+00:00,random,,,
3e926d45a6d58d664ed8210860e7d530,2026-07-07T18:10:58Z,Tropical Cyclone,भूस्खलन,www.aajtak.in,hi,0.9,"Verwüstung von Keralam, Gujarat bis Maharashtra ... Aufschrei wegen des Monsuns im ganzen Land. Heftige Monsunregen haben im ganzen Land verheerende Schäden angerichtet. Drei Menschen starben bei einem Erdrutsch in Wayanad, Kerala. Auch in Palghar und Ratnagiri in Maharashtra kam es durch Erdrutsche und Überschwemmungen zu Todesfällen und Sachschäden. In Surat, Gujarat, gab es fünf Todesfälle, während es in Nordindien regnete …","केरलम, गुजरात से महाराष्ट्र तक तबाही... देशभर में मॉनसून से हाहाकार","देशभर में मॉनसून की भारी बारिश से तबाही मची है. केरलम के वायनाड में हुए भूस्खलन में तीन लोगों की मौत हो गई. महाराष्ट्र के पालघर और रत्नागिरी में भी भूस्खलन और बाढ़ से जान-माल का नुकसान हुआ है. गुजरात के सूरत में पांच मौतें हुईं हैं, जबकि उत्तर भारत में बारिश …","Devastation from Keralam, Gujarat to Maharashtra...outcry due to monsoon across the country. Heavy monsoon rains have caused devastation across the country. Three people died in a landslide in Wayanad, Kerala. There has also been loss of life and property due to landslides and floods in Palghar and Ratnagiri in Maharashtra. There have been five deaths in Surat, Gujarat, while rains in North India…","Devastatio a Keralam, Gujarat ad Maharashtra ... clamor ob monsoon trans regionem. Imbres graves per regionem ETESIA vastitatem fecerunt. Tres homines mortui sunt in Lappa in Wayanad, Kerala. Etiam vitae et rerum iactura ob proruit et inundationes in Palghar et Ratnagiri in Maharashtra. Quinque mortes in Suratte, Gujarat, cum pluviae in India septentrionali fuerunt.",https://www.aajtak.in/india/news/story/monsoon-heavy-rainfall-landslide-floods-keralam-maharashtra-gujarat-delhi-ncr-ntc-drmt-dskc-2596310-2026-07-07,https://akm-img-a-in.tosshub.com/aajtak/images/story/202607/6a4d3da23432f-monsoon-heavy-rainfall-landslide-floods-075540715-16x9.png,,". , . . , . 
 , . .
 - . . , 10 .
 . . , 18 . . .
 ..  . - . , .
 : 49 ?
 : 10 
 . , 10 .
 . . 75 , .
 '' . 24 . 
 . , 428 , 28 .
 5 , 2100 
 . , . 2,100 .
 . , . , , , - .
 . 26 94,000… [+224 chars]",,2026-07-21 12:04:15+00:00,random,,,
7818d92e5ac0b383ebad0bbb62832f7d,2026-07-17T12:06:47Z,Precipitation,मूसलाधार बारिश की चेतावनी,hindi.moneycontrol.com,hi,0.9,"Das Wetter von morgen, 18. Juli: Das IMD hat in diesen 17 Bundesstaaten vor starkem Regen gewarnt und warnt vor sintflutartigen Regenfällen und Stürmen in vielen Gebieten aufgrund von 5 aktiven Zyklonsystemen. Wetter-Update für Indien: Das Tempo des Monsuns ist mittlerweile im ganzen Land sehr aggressiv geworden. Das India Meteorological Department (IMD) hat für den 18. Juli eine große Warnung bezüglich starker bis extrem starker Regenfälle, Gewitter und Blitze in vielen Teilen des Landes herausgegeben. Laut Meteorologen…","कल का मौसम 18 जुलाई: IMD ने इन 17 राज्यों में हैवी रेन का अलर्ट दिया, 5 एक्टिव चक्रवाती सिस्टम से कई इलाकों में मूसलाधार बारिश और आंधी-तूफान की चेतावनी","India Weather Update: देश भर में मानसून की रफ्तार अब बेहद आक्रामक हो चुकी है। भारत मौसम विज्ञान विभाग (IMD) ने 18 जुलाई के लिए देश के कई हिस्सों में भारी से अत्यंत भारी बारिश, आंधी-तूफान और तेज बिजली गिरने का बड़ा अलर्ट जारी किया है। मौसम वैज्ञानिकों के मुताब…","Tomorrow's weather, July 18: IMD has given alert of heavy rain in these 17 states, warning of torrential rain and storm in many areas due to 5 active cyclonic systems. India Weather Update: The pace of monsoon has now become very aggressive across the country. The India Meteorological Department (IMD) has issued a major alert for July 18 regarding heavy to extremely heavy rain, thunderstorm and lightning in many parts of the country. According to meteorologists…","Cras tempestas, Iulii 18: IMD pluviae in his 17 civitatibus vigilare dedit, monens pluviam et tempestatem in multis locis propter 5 systemata cyclonica activa. Tempestas Renovatio Indiae: Gradus ETESIA per regionem valde infestantibus nunc factus est. In India Meteorologico Dicasterii (IMD) maiorem vigilantem pro mense Iulio XVIII de gravissima in pluviam, tonitribus et fulguribus in multis partibus terrae gravissimis dedit. Secundum astrologi ...",https://hindi.moneycontrol.com/india/weather-forecast-for-july-18-imd-has-issued-heavy-rain-alert-for-17-states-5-active-cyclonic-systems-thunderstorms-to-several-regions-article-2420720.html,https://images.moneycontrol.com/static-hindinews/2026/07/RAIN_NEWS_.jpg,,"India Weather Update: (IMD) 18 , - 5 ( , , ) 17 
 18 :-
 - 
18 - - - 
 4 
IMD 5 :-
: 18 
:
 :
 :
, 11 
18 11 - :-
 ():
 :
 :
 :
: - 
 :
: - 
, , :
 - 
 - - - 50 60 
-, , , , , ,… [+96 chars]",,2026-07-21 12:04:15+00:00,wmo,India,SAS,Asia
4bc4cefed5cedb81deb1e7e3f8b27b6e,2026-07-19T09:40:24Z,ice jam,बाढ़,hindi.moneycontrol.com,hi,0.9,"Wenn es in Delhi-NCR zu starken Regenfällen kommt, werden diese Staaten von der sengenden Hitze entlastet, teilte IMD mit, sobald sich das Wetter ändert. Mit der Wiederaktivierung des Südwestmonsuns in dieser Woche werden viele Teile des Landes wahrscheinlich gute Niederschläge erhalten. Das India Meteorological Department (IMD) hat in vielen Bundesstaaten vor starken bis sehr starken Regenfällen, Sturzfluten in sensiblen Gebieten und Erdrutschen in hügeligen Gebieten gewarnt.","दिल्ली-NCR में झमाझम बारिश की होगी एंट्री तो इन राज्यों को भीषण गर्मी से मिलेगी राहत, IMD ने बताया कब बदलेगा मौसम","इस सप्ताह दक्षिण-पश्चिम मानसून के फिर से सक्रिय होने के साथ देश के कई हिस्सों में अच्छी बारिश होने की संभावना है। भारत मौसम विज्ञान विभाग (IMD) ने कई राज्यों में भारी से बहुत भारी बारिश, संवेदनशील इलाकों में अचानक बाढ़ (फ्लैश फ्लड) और पहाड़ी क्षेत्रों में भूस…","If heavy rains enter Delhi-NCR, then these states will get relief from the scorching heat, IMD told when the weather will change. With the re-activation of the south-west monsoon this week, many parts of the country are likely to receive good rainfall. The India Meteorological Department (IMD) has warned of heavy to very heavy rainfall in many states, flash floods in sensitive areas and landslides in hilly areas.","Si pluviae graves Delhi-NCR intrabunt, hae civitates ex aestu ardore levabuntur, IMD nuntiatum est quando tempestas mutabitur. Cum re-activatione monsoon meridiei-occidentalis hac septimana, multae patriae partes pluviam bonam accepturi sunt. In India Meteorologico Dicasterii (IMD) monuit gravissimas pluvias gravissimas in multis civitatibus, diluvia in locis sensitivis emicare et in locis montanis procidere.",https://hindi.moneycontrol.com/india/delhi-weather-update-imd-rain-alert-temperature-drop-monsoon-delhi-ncr-article-2421070.html,https://images.moneycontrol.com/static-hindinews/2026/06/delhi-weather-3.jpg,,"- (IMD) , ( ) , -, , , - 
IMD , , 
 , 
  (IMD) , 40 30 30 35 
IMD , , - - , 20 30 
 (IMD) , - , , 40°C, 37°C, 30°C, 33°C, 35°C, 36°C 32°C 
 (NCR) 34°C 39°C, 34°C 40°C 29°C 32°C , , , , , , 
 (… [+46 chars]",,2026-07-21 12:04:15+00:00,random,,,
2872f29b485c4d977bd732453b749111,2026-07-19T13:32:51Z,Precipitation,मूसलाधार बारिश,hindi.moneycontrol.com,hi,0.9,"Starkregenwarnung 20. Juli: Warnung vor sintflutartigen Regenfällen in diesen 22 Bundesstaaten, darunter Delhi, UP, Bihar, auch die Gefahr eines Halbsturms. Der Monsun ist in vielen Teilen des Landes wieder voll aktiv. Das India Meteorological Department (IMD) hat für den 20. Juli in 22 Bundesstaaten, darunter Delhi, Uttar Pradesh und Bihar, eine Warnung vor starkem Regen herausgegeben. Nach Angaben des Meteorological Department wird in vielen Gebieten mit starkem bis sehr starkem Regen gerechnet,…","हैवी रेन अलर्ट 20 जुलाई: दिल्ली, यूपी, बिहार समेत इन 22 राज्यों में मूसलाधार बारिश का अलर्ट, आधी तूफान का भी खतरा","देश के कई हिस्सों में एक बार फिर मानसून पूरी तरह सक्रिय हो गया है। भारत मौसम विज्ञान विभाग (IMD) ने 20 जुलाई के लिए दिल्ली, उत्तर प्रदेश, बिहार समेत 22 राज्यों में भारी बारिश का अलर्ट जारी किया है। मौसम विभाग के मुताबिक, कई इलाकों में भारी से बहुत भारी बारिश,…","Heavy Rain Alert 20 July: Alert of torrential rain in these 22 states including Delhi, UP, Bihar, danger of half storm also. Monsoon has once again become fully active in many parts of the country. India Meteorological Department (IMD) has issued an alert of heavy rain in 22 states including Delhi, Uttar Pradesh, Bihar for July 20. According to the Meteorological Department, heavy to very heavy rain is expected in many areas,…","Gravis Pluviae erecti 20 Iulii: Imbres torrentes erecti in his 22 civitatibus in quibus Delhi, UP, Bihar, periculum etiam dimidiae procellae. Monsoon iterum in multis regionibus plene active factus est. Indiae Department Meteorologicum (IMD) acris pluviae in 22 civitatibus, in quibus Delhi, Uttar Pradesh, Bihar in Iulii 20. Delhi, Uttar Pradesh, Bihar, in mense Iulio XX evigilavit, secundum Meteorologicum Department, gravis valde gravis pluvia multis in locis expectatur,…",https://hindi.moneycontrol.com/india/imd-heavy-rain-alert-20-july-delhi-up-bihar-weather-update-risk-of-storms-as-well-article-2421093.html,https://images.moneycontrol.com/static-hindinews/2026/07/IMD-Heavy-Rain-Alert_16.jpg,,"(IMD) 20 , , 22 , , , ( ) 
IMD , - , 
, 
 , , , , , , , , - - - 
 , , , , , , , -, , , , , , 
- 
<ul><li>IMD - </li><li>-, , 40 50 </li><li> , , , , , - 30 40 </li><li> , -, , , , - - </li></ul… [+82 chars]",,2026-07-21 12:04:15+00:00,random,,,
0aa8e0172ee8794a4986acd81ad0f222,2026-07-20T03:31:34Z,Landslide,भारत में भूस्खलन,hindi.moneycontrol.com,hi,0.9,"IMD-Warnung zu starkem Regen: Monsun verwüstet das ganze Land! Warnung vor starkem Regen in vielen Bundesstaaten, darunter Delhi, Mumbai und Kaschmir, Gefahr von Überschwemmungen und Erdrutschen. IMD-Warnung zu starkem Regen: Der Südwestmonsun ist im ganzen Land wieder vollständig aktiv. Das India Meteorological Department (IMD) hat für die nächsten Tage in vielen Bundesstaaten Nord-, Ost-, Nordost- und Westindiens vor starkem bis sehr starkem Regen gewarnt. Wetterabteilung…","IMD Heavy Rain Alert: देशभर में मानसून का कहर! दिल्ली-मुंबई और कश्मीर समेत कई राज्यों में भारी बारिश का अलर्ट, बाढ़-भूस्खलन का भी खतरा","IMD Heavy Rain Alert: देशभर में दक्षिण-पश्चिम मानसून एक बार फिर पूरी तरह से एक्टिव हो गया है। भारत मौसम विज्ञान विभाग (IMD) ने अगले कुछ दिनों तक उत्तर, पूर्व, उत्तर-पूर्व और पश्चिम भारत के कई राज्यों में भारी से अति भारी बारिश की चेतावनी जारी की है। मौसम विभा…","IMD Heavy Rain Alert: Monsoon wreaks havoc across the country! Alert of heavy rain in many states including Delhi, Mumbai and Kashmir, danger of floods and landslides. IMD Heavy Rain Alert: South-west monsoon has once again become fully active across the country. The India Meteorological Department (IMD) has issued a warning of heavy to very heavy rain in many states of North, East, North-East and West India for the next few days. Weather department…","IMD Gravis Pluviae erecti: Monsoon vastat per patriam! Imbres pluviae erecti in multis civitatibus in quibus Delhi, Mumbai et Kashmir, periculorum inundationum et proruit. IMD Gravis Pluviae erecti: Eeses Australis-occidentalis iterum per patriam plene activae facta est. In India Meteorologico Dicasterii (IMD) admonitionem gravissimae pluviae gravissimae in multis civitatibus Septentrionis, East, North-Orientis et Indiae occidentalis paucis diebus proximis denuntiavit. Tempestas department…",https://hindi.moneycontrol.com/india/imd-heavy-rain-alert-monsoon-rainfall-alert-for-several-states-including-delhi-mumbai-gurugram-kashmir-risk-of-floods-and-landslides-article-2421157.html,https://images.moneycontrol.com/static-hindinews/2026/07/IMD-Heavy-Rain-Alert_MANSOON.jpg,,"IMD Heavy Rain Alert: -   (IMD) , , - , , , ,   
-, , , 
IMD , , , , , , , , , 
 , , , , - , 
- , 
- , , 
 ' ' , 
 , , , IMD  
 , , , 
- , 
- -   , 40 30 , - 
 24 - - , 
 , , 
 , , , 21 … [+37 chars]",,2026-07-21 12:04:15+00:00,wmo,India,SAS,Asia
b71e9093a9d77f8bcb6fb17ca4a43ced,2026-07-13T13:54:35Z,Tropical Cyclone,तूफान मकाओ,hindi.moneycontrol.com,hi,0.3,"Wetter-Update vom 14. Juli: Sehr starker Regen in Bihar-Odisha, IMD warnte vor starkem Regen in diesen 10 Bundesstaaten. Der Monsun ist in vielen Teilen des Landes voll aktiv und die nächsten 24 Stunden könnten für viele Staaten heftig sein. Das Indian Meteorological Department (IMD) hat für den 14. Juli ein neues Wetterbulletin herausgegeben, das vor sehr starkem Regen in Bihar und Odisha warnt. Abgesehen davon ist Arunachal Pradesh…","14 जुलाई Weather Update: बिहार-ओडिशा में बहुत भारी बारिश, IMD ने इन 10 राज्यों में दिया हैवी रेन का अलर्ट",देश के कई हिस्सों में मानसून पूरी तरह सक्रिय है और अगले 24 घंटे कई राज्यों के लिए भारी पड़ सकते हैं। भारतीय मौसम विज्ञान विभाग (IMD) ने 14 जुलाई के लिए ताजा मौसम बुलेटिन जारी करते हुए बिहार और ओडिशा में बहुत भारी बारिश की चेतावनी दी है। इसके अलावा अरुणाचल प्र…,"July 14 Weather Update: Very heavy rain in Bihar-Odisha, IMD gave alert of heavy rain in these 10 states. Monsoon is fully active in many parts of the country and the next 24 hours may be heavy for many states. The Indian Meteorological Department (IMD) has issued a fresh weather bulletin for July 14, warning of very heavy rain in Bihar and Odisha. Apart from this, Arunachal Pradesh…","Iuliae XIV Tempestas Renovatio: Imber valde gravis in Bihar-Odisha, IMD pluviae in his 10 civitatibus vigilabat. Monsoon plene activum est in multis partibus regionis et 24 horis proximis multis civitatibus gravis esse potest. Indicum Meteorologicum Indicum (IMD) nova tempestas bulletin mensis Iulii anno edixit, monitum pluviae gravissimae in Bihar et Odisha. Praeter haec, Arunachal Pradesh...",https://hindi.moneycontrol.com/india/imd-weather-update-14-july-heavy-rain-alert-bihar-odisha-10-states-monsoon-forecast-article-2419368.html,https://images.moneycontrol.com/static-hindinews/2026/04/IMD-Heavy-Rain-Alert_mc.jpg,,,,2026-07-21 16:51:04+00:00,wmo,Macao,EAS,Asia
cbd175da9fc1293360517933cd23a493,2026-07-20T12:05:35Z,Storm,तूफ़ान उछाल भारत,hindi.moneycontrol.com,hi,0.3,"Das Wetter von morgen, 21. Juli: Rote Warnung des IMD für Jammu und Kashmir, Himachal! Warnung vor starkem Regen in diesen 21 Bundesstaaten, einschließlich UP. Wetter-Update für Indien: Der Monsun hat im ganzen Land seine heftigste und aggressivste Form angenommen. Das India Meteorological Department (IMD) hat für den 21. Juli einen wichtigen Wetterbericht herausgegeben. Das Meteorological Department hat eine rote Warnung vor extrem starkem Regen für Jammu und Kashmir sowie Himachal Pradesh herausgegeben …","कल का मौसम 21 जुलाई: जम्मू कश्मीर, हिमाचल के लिए IMD की रेड वॉर्निंग! यूपी संग इन 21 राज्यों में भयंकर बारिश का अलर्ट",India Weather Update: देश भर में मानसून ने अपना सबसे विकराल और आक्रामक रूप धारण कर लिया है। भारत मौसम विज्ञान विभाग (IMD) ने 21 जुलाई के लिए मौसम का बड़ा बुलेटिन जारी किया है। मौसम विभाग ने जम्मू-कश्मीर और हिमाचल प्रदेश के लिए अत्यंत भारी बारिश की रेड कलर वॉर…,"Tomorrow's weather, July 21: IMD's red warning for Jammu and Kashmir, Himachal! Alert of severe rain in these 21 states including UP. India Weather Update: Monsoon has taken its most severe and aggressive form across the country. India Meteorological Department (IMD) has issued a major weather bulletin for July 21. The Meteorological Department has issued a red color warning of extremely heavy rain for Jammu and Kashmir and Himachal Pradesh…","Cras tempestas, July 21: IMD monitum rubrum pro Jammu et Kashmir, Himachal! Imbres graves in his 21 civitatibus incluso UP. India Tempestas Renovatio: Monsoon formam suam gravissimam et infestam per regionem accepit. Indiae Department Meteorologicum (IMD) maiorem tempestatem bulletin proposuit pro July 21. Department meteorologicum montionem pluviae rubrae produxit pluviae valde gravis pro Jammu et Kashmir et Himachal Pradesh…",https://hindi.moneycontrol.com/india/weather-forecast-for-july-21-imd-issues-red-warning-for-jammu-kashmir-and-himachal-alert-for-heavy-rainfall-in-up-and-21-other-indian-states-article-2421424.html,https://images.moneycontrol.com/static-hindinews/2026/07/Weather-Forecast-for-July-21.jpg,,"India Weather Update: (IMD) 21 - , , - 21 - 
 , 8 , 
 2 IMD 
21 , - -- 
, - 11 
 , 21 11 / - 21 , , - 
 - 21 , , 
 21 
, 8 
 8 - 21 21 
 21 - 
-, 
 - , - , - 40 50 , , , , , , - 30 40 
 … [+50 chars]",,2026-07-21 16:51:04+00:00,wmo,India,SAS,Asia
3e518d9b96b9f85a85f0b078165409e5,2026-07-17T14:48:02Z,Snow&Ice,जमना,www.aajtak.in,hi,0.9,"Auf Eimer und Becher hat sich eine weiße Schicht gebildet? Mit diesen beiden Dingen erhalten Sie Glanz, ohne zu reiben. Tipps zur Reinigung von Plastikeimern und -bechern: Auf den im Badezimmer verwendeten Plastikeimern und -bechern bilden sich häufig weiße Schichten und gelbe Salzwasserflecken. Anstatt sie wegzuwerfen und neue zu kaufen, können Sie sie ganz einfach mit Dingen wie Backpulver, Essig und Zitrone zum Leuchten bringen, die in der Küche vorhanden sind.",बाल्टी-मग्गे पर जम गई सफेद परत? इन 2 चीजों से बिना घिसे चमकाएं,"Plastic Bucket-Mug Cleaning Tips: बाथरूम में इस्तेमाल होने वाली प्लास्टिक की बाल्टी और मग्गे पर खारे पानी की सफेद परत और पीले दाग जमना आम बात है. इन्हें फेंककर नया खरीदने के बजाय आप किचन में मौजूद बेकिंग सोडा, सिरका और नींबू जैसी चीजों से इन्हें आसानी से चमका…","White layer accumulated on bucket and mug? Get shine without rubbing with these 2 things. Plastic Bucket-Mug Cleaning Tips: It is common for white layer and yellow stains of salt water to accumulate on the plastic buckets and mugs used in the bathroom. Instead of throwing them away and buying new ones, you can easily make them shine with things like baking soda, vinegar and lemon present in the kitchen.","Alba iacuit congesta in situla et mug? Luce sine frictione cum his rebus 2 Get. Plastic Situla-Mug Purgatio Apicibus: Commune est pro lavacro albo et flavo maculas aquae salsae accumulare in situlis plasticis et mugs in balneo adhibitis. Pro his abiectis et novis emendis, facillime lucere potes his rebus sicut nitro, aceti et citri quae in coquina sunt.",https://www.aajtak.in/lifestyle/news/story/how-to-clean-plastic-bucket-and-mug-remove-hard-water-stains-with-baking-soda-vinegar-tips-tricks-tvist-dskc-2603043-2026-07-17,https://akm-img-a-in.tosshub.com/aajtak/images/story/202607/6a59ac3c7b2d4-plastic-bucket-mug-cleaning-tips-photo-itg-171446328-16x9.jpg,,"Plastic Bucket-Mug Cleaning Tips:  ,     .    ,  .   ,   ,    . -   . - .    .
, . . ,       ,   .  
1. :    , .
 ?:
2. :  ,   .
 ?,   .   .
3. , . , . - . 
,   . -   , .",,2026-07-22 07:45:11+00:00,random,,,
e63d36e0af99a26142238d8bec584c90,2026-07-13T03:13:16Z,Drought,भारत में सूखा,www.aajtak.in,hi,0.8,"Die Wolkenzone verschiebt sich nach Ostindien, Regen in Bihar-Odisha, Dürre in Delhi-NCR. Monsun 2026: Der Monat Juli geht weiter, aber in vielen Teilen Indiens reicht der Monsunregen immer noch nicht aus. Trotz des aktiven Monsunsystems sind in den meisten Gebieten Nordindiens keine Wolken sichtbar. Während die Staaten Ostindiens wie Westbengalen, Bihar, Odisha und…","क्लाउड जोन ईस्ट इंडिया शिफ्ट, बिहार-ओडिशा में बारिश, दिल्ली-NCR सूखा","Monsoon 2026: जुलाई का महीना चल रहा है, लेकिन भारत के कई हिस्सों में मॉनसून की बारिश अब भी नाकाफी है. एक्टिव मॉनसून सिस्टम के बावजूद नॉर्थ इंडिया के ज्यादातर इलाकों में बादल नजर नहीं आ रहे हैं. जबकि पूर्वी भारत के राज्यों जैसे पश्चिम बंगाल, बिहार, ओडिशा और पू…","Cloud zone shifts to East India, rain in Bihar-Odisha, drought in Delhi-NCR. Monsoon 2026: The month of July is going on, but monsoon rains are still insufficient in many parts of India. Despite active monsoon system, clouds are not visible in most areas of North India. While the states of Eastern India like West Bengal, Bihar, Odisha and…","Zona nubis in Indiam orientalem variatur, pluvia in Bihar-Odisha, siccitas in Delhi-NCR. Monsoon 2026: Mensis Iulii agitur, sed pluviae ETESIAE in multis Indiae partibus adhuc insufficientes sunt. Quamvis systema essis activum, nubes non apparent in pluribus locis Indiae septentrionalis. Dum status Indiae orientalis sicut Bengalam Occidentalem, Bihar, Odisha et…",https://www.aajtak.in/india/news/story/imd-weather-warning-heavy-rainfall-alert-northeast-india-monsoon-system-clouds-remain-absent-from-north-india-delhi-ncr-weather-update-szlbs-dskc-2599924-2026-07-13,https://akm-img-a-in.tosshub.com/aajtak/images/story/202607/6a54574949dc7-satellite-image-of-clouds-photo-mausamimdgovin-131059571-16x9.jpg,,"(IMD) , . () . , , 2-3 . , -NCR .
 ( ) . . . , , .
 (IMD) , , 40 24 . , . - .
 , 
-NCR ?, , , NCR . . IMD , - , .
. IMD . , . - . , , , . , , .
-, , , - ( , , , ), (, ), ( , ) (, , , ) . .
 ( … [+12 chars]",,2026-07-23 03:51:50+00:00,edo,India,SAS,Asia
66a0119f7a03a37e2ca2cccc90fb61e1,2026-07-16T03:24:03Z,Heat Wave,गर्मी,hindi.moneycontrol.com,hi,0.9,"Wetter in Delhi: Hitze und Feuchtigkeit werden während des Monsuns erneut herrschen, IMD gibt Alarmstufe Gelb aus, Quecksilber wird 39°C erreichen. Wetter in Delhi: Nach der Linderung des Monsuns können die Hitze und die Luftfeuchtigkeit in Delhi den Menschen nun erneut zu schaffen machen. Angesichts der starken Sonneneinstrahlung und der steigenden Temperaturen hat das Meteorologische Amt für die Hauptstadt eine gelbe Warnung ausgesprochen. Laut IMD wird am Donnerstag in vielen Gebieten heißes und feuchtes Wetter herrschen.","Delhi Weather: मानसून के बीच फिर सताएगी गर्मी-उमस, IMD ने जारी किया येलो अलर्ट, 39°C तक पहुंचेगा पारा","Delhi Weather: मानसून की राहत के बाद अब दिल्ली में एक बार फिर गर्मी और उमस लोगों को परेशान कर सकती है। तेज धूप और बढ़ते तापमान को देखते हुए मौसम विभाग ने राजधानी के लिए येलो अलर्ट जारी किया है। IMD के मुताबिक, गुरुवार को कई इलाकों में गर्म और उमस भरा मौसम रहन…","Delhi Weather: Heat and humidity will haunt again during monsoon, IMD issues yellow alert, mercury will reach 39°C. Delhi Weather: After the relief of monsoon, now once again the heat and humidity in Delhi can trouble people. In view of the strong sunlight and rising temperature, the Meteorological Department has issued a yellow alert for the capital. According to IMD, hot and humid weather will prevail in many areas on Thursday.","Tempestas Delhi: Calor et humiditas iterum in ETESIA, IMD exit flavum erectum, hydrargyrum perveniet 39°C. Tempestas Delhi: Post levationem ETESIAE, nunc iterum calor et humiditas in Delhi homines turbare possunt. Respectu solis vehementis et caliditatis ortu, dolor Meteorologicus fulvum pro capitali intentum edidit. Secundum IMD, tempestas calida et humida in multis locis Iovis die praevalebit.",https://hindi.moneycontrol.com/india/heat-and-humidity-to-trouble-delhi-again-imd-issues-yellow-alert-as-mercury-set-to-reach-39-degree-celsius-article-2420147.html,https://images.moneycontrol.com/static-hindinews/2026/07/delhi-temp.jpg,,"Delhi Weather:  IMD , 39 
IMD , 39°C , 28°C 
, , 18 19 - , 20 21 , 36°C 
 , , , , , , - - 
 ""20 - (- ) , - - ""
 38.4°C , 3.2 , 29.1°C , 1.9 2:30 5:30 
 , """" (Moderate) (CPCB) , 4 24 (AQI) 159 ,… [+47 chars]",,2026-07-23 03:51:50+00:00,random,,,
ec6361dedbecc4964f7fe60b36612d03,2026-07-22T12:51:23Z,Precipitation,मूसलाधार बारिश,hindi.moneycontrol.com,hi,0.8,"Die morgige Regenorgie: Das IMD hat für 2 Bundesstaaten eine rote Farbwarnung ausgegeben, in diesen 21 Bundesstaaten wird es starken Regen geben, außerdem Warnung vor Gewitter. Wetter-Update vom 23. Juli: Der Monsun hält mit voller Wucht an und in vielen Teilen des Landes regnet es katastrophal. Unterdessen hat das India Meteorological Department (IMD) das National Weather Bulletin für den 23. Juli veröffentlicht. Das Meteorological Department hat zwei große Bundesstaaten Westindiens (Region Gujarat) gewarnt…","कल बारिश का तांडव: IMD ने 2 राज्यों के लिए रेड कलर वॉर्निंग दी, इन 21 राज्यों में भी मूसलाधार बरसेंगे मेघ, आंधी-तूफान का भी अलर्ट",Weather Update 23 July: मानसून का प्रचंड रूप जारी है और देश के कई हिस्सों में बादल आफत बनकर बरस रहे हैं। इस बीच भारत मौसम विज्ञान विभाग (IMD) ने 23 जुलाई के लिए राष्ट्रीय मौसम बुलेटिन जारी कर दिया है। मौसम विभाग ने पश्चिम भारत के 2 प्रमुख राज्यों (गुजरात क्षे…,"Tomorrow's orgy of rain: IMD gave red color warning for 2 states, there will be heavy rain in these 21 states, alert of thunderstorm also. Weather Update 23 July: Monsoon continues in full force and clouds are raining like a disaster in many parts of the country. Meanwhile, the India Meteorological Department (IMD) has released the National Weather Bulletin for July 23. The Meteorological Department has warned 2 major states of Western India (Gujarat region…","Cras pluviae orgia: IMD rubrum colorem monuerit 2 civitates, pluviae in his 21 civitatibus erunt, etiam intenti tonitrui. Tempestas Renovatio 23 Iulii: Monsoon vi plena pergit et nubes pluunt sicut clades in multis regionibus. Interea Department Meteorologicum India (IMD) Tempestas Nationalis Bulletin pro July 23. In Department Meteorologica monuit 2 maiores status Indiae occidentalis (regionem Gujarat...",https://hindi.moneycontrol.com/india/the-imd-issued-a-red-warning-for-two-states-yesterday-torrential-rains-are-also-expected-in-21-other-states-alongside-alerts-for-thunderstorms-and-squalls-article-2422117.html,https://images.moneycontrol.com/static-hindinews/2026/07/IMD-Alert.jpg,,"Weather Update 23 July: (IMD) 23 2 ( ) 21 
23 
2 , 
 23 - / 
 4 / 
 4 23 (, , ) - 
 17 / 
IMD 17 - -
- : , , , -- 
 : , , , , 
 :
 : , , , 
-, (30-50 kmph) 
 - , , - 40 50 , , , --, , , … [+59 chars]",,2026-07-25 03:45:31+00:00,random,,,
95b90b4920bd35a4232329bc8b7f08d8,2026-07-23T15:45:54Z,ice jam,बाढ़,www.aajtak.in,hi,0.9,"Autos verwandelten sich in „Boote“, Häuser und Geschäfte ertranken... Der Monsun ist heftig in Gujarat, J-K und Maharashtra sind ebenfalls in einem schlechten Zustand. Aufgrund heftiger Regenfälle in den indischen Bundesstaaten Gujarat, Maharashtra und Jammu und Kaschmir kommt es zu ernsten Überschwemmungen und Staunässe. Die höchsten Niederschläge wurden im Bezirk Valsad in Süd-Gujarat registriert, wo mehr als 1.200 Menschen gerettet wurden.","'नाव' बनीं कारें, घर-दुकानें डूबीं... गुजरात में मॉनसून का रौद्र रूप, J-K और महाराष्ट्र का भी बुरा हाल","भारत के गुजरात, महाराष्ट्र और जम्मू-कश्मीर में मूसलाधार बारिश के कारण बाढ़ और जलभराव की गंभीर स्थिति बनी हुई है. साउथ गुजरात के वलसाड जिले में सबसे ज्यादा बारिश दर्ज हुई है, जहां 1,200 से अधिक लोगों को बचाया गया है.","Cars turned into 'boats', houses and shops drowned... Monsoon is fierce in Gujarat, J-K and Maharashtra are also in bad condition. Due to torrential rains in India's Gujarat, Maharashtra and Jammu and Kashmir, there is a serious situation of floods and waterlogging. The highest rainfall has been recorded in Valsad district of South Gujarat, where more than 1,200 people have been rescued.","Cars in naves conversus, domos et tabernas submersas... Monsoon ferox est in Gujarat, J-K et Maharashtra etiam in mala conditione. Ob imbres torrentes in Gujarat, Maharashtra et Jammu et Kashmir in India, gravis condicio inundationum et aquationum est. Imbribus supremis notatus est in regione Valsad Gujarat Meridionalis, ubi plus quam 1.200 homines erepti sunt.",https://www.aajtak.in/india/news/story/heavy-rainfall-floods-gujarat-maharashtra-jammu-kashmir-relief-operations-ntcpvp-dskc-2607936-2026-07-23,https://akm-img-a-in.tosshub.com/aajtak/images/story/202607/6a623613e5e35-gujrat-vapi-234102546-16x9.jpg,,". , - , .
 , 1,200 . . - .
 . , . . .
 . 1,100 . 600 . , , , . . . , , .
 . . 22 243 . - . . , .
1,200 . 1,500 , 11 200 . . , , . .
 . - , - . , , , , . 40 . , .
 . , . 17 . . .
 . . . .
 . … [+126 chars]",,2026-07-25 03:45:31+00:00,random,,,
7be964b51cad7bc8b4ce664d64a8a12b,2026-07-05T15:01:42Z,Snow&Ice,पाला,www.aajtak.in,hi,0.9,"Hauptquartier eingenommen, Abgeordnete und Abgeordnete wechselten die Seiten ... Wird nun auch Mamatas 28 Jahre altes Parteisymbol entrissen? Der Kampf zwischen Mamata Banerjee und der Rebellengruppe um die Kontrolle über den Namen, das Wahlsymbol und die Organisation des Trinamool Congress (TMC) hat eine entscheidende Phase erreicht. Beide Parteien werden ihre Ansprüche am Montag der Wahlkommission vorlegen. Dies ist der größte interne Konflikt in der 28-jährigen Geschichte der Partei.","मुख्यालय पर कब्जा, सांसद-विधायकों ने बदला पाला... अब ममता से 28 साल पुराना पार्टी सिंबल भी छिन जाएगा?","तृणमूल कांग्रेस (TMC) के नाम, चुनाव चिह्न और संगठन पर नियंत्रण को लेकर ममता बनर्जी और बागी गुट के बीच लड़ाई निर्णायक दौर में पहुंच गई है. दोनों पक्ष सोमवार को चुनाव आयोग के सामने अपने-अपने दावे पेश करेंगे. यह पार्टी के 28 साल के इतिहास का सबसे बड़ा आंतरिक संक…","Headquarters captured, MPs and MLAs changed sides... Now will Mamata's 28 year old party symbol also be snatched away? The fight between Mamata Banerjee and the rebel group over control over the name, election symbol and organization of Trinamool Congress (TMC) has reached a decisive phase. Both the parties will present their claims before the Election Commission on Monday. This is the biggest internal conflict in the 28-year history of the party.","Praetorium captum, MPs et MLAs transmutata latera... Nunc erit signum factionis Maatae 28 annorum etiam auferenda? Pugna inter Mamata Banerjee et coetus rebellis in potestatem nominis, electionis symbolum et ordinationem Congressus Trinamool (TMC) ad tempus decretorium pervenit. Ambae partes suas petitiones coram electione Commissionis die Lunae reddent. Hic est maximus conflictus internus in historia factionis 28 annorum.",https://www.aajtak.in/india/news/story/trinamool-congress-tmc-election-symbol-mamata-banerjee-and-rebel-mla-ntc-mnrd-dskc-2594597-2026-07-05,https://akm-img-a-in.tosshub.com/aajtak/images/story/202607/6a4a716082f8b-mamata-banerjee-055938800-16x9.jpg,,"(TMC) , . - . 28 "" "" . .
 5:30 , . . - , , , , ' ' .
 : TMC , 
 , . , .   .
 vs 
 . , . .
 ,  80 65 . 21 , .
 . , .
 : , TMC 
 . , "" . . ."" .
 , . , , .",,2026-07-25 16:16:14+00:00,random,,,
acee1f34619316002601c8e9e0cfad24,2026-07-18T17:10:24Z,Drought,बारिश की कमी चेकिया,hindi.moneycontrol.com,hi,0.3,Finale der FIFA Fußball-Weltmeisterschaft 2026: Alarm vor dem Finale der FIFA Fußball-Weltmeisterschaft! Schwarzer Rauch verhüllt den Himmel von New York. Finale der FIFA-Weltmeisterschaft: Die FIFA-Weltmeisterschaft 2026 befindet sich nun in ihrer letzten Phase. Das letzte Spiel der FIFA Fußball-Weltmeisterschaft 2026 wird zwischen Spanien und Argentinien ausgetragen. Fußballfans auf der ganzen Welt warten sehnsüchtig auf das Finale. Das letzte Spiel zwischen Spanien und Argentinien in New Jersey…,FIFA World Cup 2026 Final: फीफा वर्ल्ड कप फाइनल से पहले अलर्ट! न्यूयॉर्क के आसमान पर छाया काला धुआं,FIFA World Cup Final: फीफा वर्ल्ड कप 2026 अब अपने आखिरी पड़ाव पर है। स्पेन और अर्जेंटीना के बीच फीफा वर्ल्ड कप 2026 का फाइनल मुकाबला खेला जाएगा। दुनियाभर के फुटबॉल फैंस बेसब्री से फाइनल का इंतजार कर रहे हैं। फाइनल मुकाबला स्पेन और अर्जेंटीना के बीच न्यू जर्सी…,FIFA World Cup 2026 Final: Alert before the FIFA World Cup Final! Black smoke clouds the sky of New York. FIFA World Cup Final: FIFA World Cup 2026 is now at its last stage. The final match of FIFA World Cup 2026 will be played between Spain and Argentina. Football fans around the world are eagerly waiting for the final. The final match between Spain and Argentina in New Jersey…,FIFA World Cup 2026 Final: Alert before FIFA World Cup Final! Fumus niger nubes caelum New York. FIFA World Cup Final: FIFA World Cup 2026 nunc ultimo gradu est. Ultima compositus FIFA World Cup 2026 inter Hispaniam et Argentinam erit. Eu fans circum orbem terrarum ultimam exspectant. Ultima par inter Hispaniam et Argentinam in Nova Jersey…,https://hindi.moneycontrol.com/sports/fifa-world-cup-final-2026-spain-and-argentina-new-york-air-quality-canada-wildfire-smoke-health-risk-article-2420986.html,https://images.moneycontrol.com/static-hindinews/2026/07/FIFA-World-Cup-2026-2-1.jpg,,"FIFA World Cup Final: 2026 2026 2026 - 
 , , 
80 
- - - - 80 , 50 
 , "" , , "" , "" , , ""
 , ,",,2026-07-25 21:13:32+00:00,edo,Czechia,WCE,Europe
a02985a679fde0f799e9e3569b1d2528,2026-07-24T06:27:31Z,Wildfire,जंगल की आग,www.aajtak.in,hi,0.9,"Erste Hitzewelle... jetzt Feuer, 10.000 Menschen in Frankreich mussten ihre Häuser verlassen. Nach der Hitzewelle stellen nun Waldbrände eine neue Herausforderung dar. Die sich schnell ausbreitenden Flammen zwangen Tausende Menschen, sich an sichere Orte zu begeben.","पहले हीटवेव... अब आग, फ्रांस में 10 हजार लोगों को छोड़ना पड़ा घर",हीटवेव के बाद अब जंगल की आग नई चुनौती बनकर सामने आई है. तेजी से फैलती लपटों ने हजारों लोगों को सुरक्षित जगहों पर जाने के लिए मजबूर कर दिया.,"First heatwave... now fire, 10 thousand people in France had to leave their homes. After the heatwave, now forest fire has emerged as a new challenge. The rapidly spreading flames forced thousands of people to move to safe places.","Primum heatwave... nunc incendium, X milia hominum in Gallia domicilia relinquere oportuit. Post heatwave, nunc silva silvarum nova provocatio emersit. Quod flammae rapidae millia hominum in loca tuta movere coegit.",https://www.aajtak.in/science/photo/france-wildfire-10000-people-evacuated-bordeaux-heatwave-forest-fire-2608139-2026-07-24,https://akm-img-a-in.tosshub.com/aajtak/images/photo_gallery/202607/6a63044d6974b-france-wildfire-24205781-16x9.jpg,,"- . 10,000 . 2,000 . Photo: AFP
, . . . . Photo: AFP
. . . Photo: AFP
500 . . , . . Photo: AFP
. . , . , . . Photo: AFP
, 2026 , 20 . . Photo: Reuters
. . . - . . Photo: Reuters
. . . Photo: R… [+29 chars]",,2026-07-25 21:13:32+00:00,random,,,
858d6fe7f4648a953e6561a757edda55,2026-07-24T11:56:18Z,Wildfire,जंगल की आग,www.aajtak.in,hi,0.9,"Ein Waldbrand veränderte die Situation, in Spanien kam es zum ersten Mal zu einem nationalen Notstand. Die sengende Hitze verstärkte die Waldbrände derart, dass Spanien zum ersten Mal in der Geschichte den nationalen Notstand ausrufen musste. Die Situation ist so ernst, dass selbst in Frankreich Tausende Menschen ihre Häuser verlassen und sich an sichere Orte begeben mussten.","जंगल की आग ने बदले हालात, स्पेन में पहली बार लगी नेशनल इमरजेंसी",भीषण गर्मी ने जंगलों की आग को ऐसा बढ़ाया कि स्पेन को इतिहास में पहली बार नेशनल इमरजेंसी घोषित करना पड़ा. हालात इतने गंभीर हैं कि फ्रांस में भी हजारों लोगों को घर छोड़कर सुरक्षित जगहों पर जाना पड़ा.,"Forest fire changed the situation, national emergency occurred for the first time in Spain. The scorching heat increased the forest fires to such an extent that Spain had to declare a national emergency for the first time in history. The situation is so serious that even in France thousands of people had to leave their homes and go to safe places.","Incendia silvae condicionem mutaverunt, tumultus nationalis primum in Hispania factum est. Aestus aestus augebat incendia silvarum usque adeo ut Hispaniae necessitatem nationalem primum in historia declararent. Res tam gravis est ut etiam in Gallia milia hominum domos suas relinquere et in loca tuta ire debebant.",https://www.aajtak.in/science/photo/spain-wildfire-national-emergency-first-time-40000-people-evacuated-2608372-2026-07-24,https://akm-img-a-in.tosshub.com/aajtak/images/photo_gallery/202607/6a63517cc3496-spain-wildfire-245015186-16x9.jpg,,".   . 10 . , 40 . , . Photo: AFP
.   . . . Photo: AP
10 . 270 , 40 (UME) . . Photo: AFP
. . 40 . . 8,700 . . . Photo: AP
(EFFIS) , 350 . 2025 . , . Photo: Reuters
. . . Photo: Reuters
. , . , .… [+10 chars]",,2026-07-25 21:13:32+00:00,random,,,
5ef530498d3ab9a3afcc0b4b6514707c,2026-07-23T03:50:52Z,Precipitation,मूसलाधार बारिश,hindi.moneycontrol.com,hi,0.9,"Starke Regenwarnung heute: Rote Farbwarnung in 2 Bundesstaaten, IMD warnte vor starkem Regen und Gewitter in mehr als 21 Bundesstaaten. Wetter in Indien heute, 23. Juli: Der Monsun hält im ganzen Land an. In vielen Bundesstaaten regnet es Katastrophen vom Himmel. Das India Meteorological Department (IMD) hat in den frühen Morgenstunden des 23. Juli das National Weather Bulletin herausgegeben. Das IMD hat in zwei Bundesstaaten des Landes (Region Gujarat und Zentral-Maharashtra) eine Warnung herausgegeben.","आज मूसलाधार बारिश की चेतावनी: 2 राज्यों में रेड कलर वॉर्निंग, IMD ने इन 21 से अधिक राज्यों में भारी बारिश और आंधी-तूफान का अलर्ट दिया",India Weather Today 23 July: देश भर में मानसून का प्रकोप जारी है। कई राज्यों में आसमान से आफत बरस रही है। भारत मौसम विज्ञान विभाग (IMD) ने 23 जुलाई के लिए तड़के राष्ट्रीय मौसम बुलेटिन जारी कर दिया है। IMD ने देश के दो राज्यों (गुजरात क्षेत्र और मध्य महाराष्ट्…,"Heavy rain warning today: Red color warning in 2 states, IMD gave alert of heavy rain and thunderstorm in more than 21 states. India Weather Today 23 July: Monsoon continues across the country. Disaster is raining from the sky in many states. India Meteorological Department (IMD) has issued the National Weather Bulletin in the early hours of July 23. IMD has issued a warning in two states of the country (Gujarat region and Central Maharashtra).","Pluviis gravis hodie admonitio: Color ruber monitus in 2 civitatibus, IMD pluviae et tonitrui plus quam 21 civitates excitant. India Tempestas Hodie 23 Iulii: Monsoon trans regionem pergit. Clades pluit de caelo in multis civitatibus. Indiae Department Meteorologicum (IMD) Tempestas Nationalis Bulletin in primis horis mensis Iulii edidit 23. IMD monuisse in duobus statibus regionis (regionis Gujarat et Maharashtrae Centralis).",https://hindi.moneycontrol.com/india/heavy-rain-alert-for-today-23-july-red-alert-issued-for-2-states-imd-warns-of-heavy-rain-and-thunderstorms-in-21-states-article-2422309.html,https://images.moneycontrol.com/static-hindinews/2026/07/imd_21_23.jpg,,"India Weather Today 23 July: (IMD) 23 IMD ( ) 
 , , 21 , 50 
 23 
' ', 
 23 - - 
IMD :-
 : - 
 :
 :
 (, , ): 
 21 
 - (Heavy Rainfall) - , , , -- , , 
 , , , , , - 
-, 50 / 
 - IMD - , … [+57 chars]",,2026-07-26 04:04:13+00:00,random,,,
34397b17979b11d1385adb9ccd175b7c,2026-07-13T09:24:35Z,Storm,चैनल और दक्षिणी जल में तूफान।,www.aajtak.in,hi,0.3,"Kolonien wurden von Überschwemmungen überschwemmt, Wohngebiete verwandelten sich in Flüsse ... Regen richtet in Arunachal verheerende Schäden an. Aufgrund der anhaltenden Regenfälle in Arunachal Pradesh überschreitet der Fluss Kumeya die Gefahrengrenze. Dadurch ist die Grenzstadt Parsi-Parlo Circle überflutet. Aufgrund des anhaltenden Regens wurden Schulen, Büros und Häuser überflutet. Die Straßen vieler Kolonien und Dörfer der Gegend sind völlig überschwemmt. …","बाढ़ में डूबीं कॉलोनियां, रिहायशी इलाके बने दरिया...अरुणाचल में बारिश का कहर","अरुणाचल प्रदेश में लगातार बारिश के कारण कुमेय नदी खतरे के निशान से ऊपर बह रही है. जिससे सीमावर्ती शहर पारसी-पारलो सर्कल जलमग्न है. लगातार बारिश के कारण स्कूलों,दफ्तरों और घरों में पानी भर गया है. इलाके की कई कॉलोनियों और गांवों की सड़कें पूरी तरह जलमग्न हैं. …","Colonies submerged in floods, residential areas turned into rivers...rain wreaks havoc in Arunachal. Due to continuous rains in Arunachal Pradesh, Kumeya River is flowing above the danger mark. Due to which the border town Parsi-Parlo Circle is submerged. Due to continuous rain, schools, offices and houses have been flooded. The roads of many colonies and villages of the area are completely submerged. …","Coloniae in diluviis demersae, areas residentiales in fluvios versae... pluviae in Arunachal vastationes. Ob continuas pluvias in Arunachal Pradesh, flumen Kumeya fluit supra signum periculi. Ob quam oppidum terminus Parsi-Parlo Circuli demergitur. Ob continuas pluvias, scholae, officia, domus inundata sunt. Viae multarum coloniarum et pagorum areae totaliter demerguntur. ...",https://www.aajtak.in/india/news/story/fresh-floods-landslides-triggered-arunachal-pradesh-disrupt-normal-life-97-thousand-people-affected-arunachal-imd-monsoon-heavy-rains-havoc-szlbs-dskc-2600309-2026-07-13,https://akm-img-a-in.tosshub.com/aajtak/images/story/202607/6a54aebb77ce3-floods-and-landslides-triggered-arunachal-pradesh-photo--pti-132403911-16x9.jpg,,". , - . (SEOC) 7 , 29 . 26 425 97,182 . .
 . - . - , .
- . , . . . -13 . 2 3 . 
?541.75 . 1,010 . . , 150 , 19 , 221 , 58 , 156 , 224 , 10 , 2 3 .
, . . .",,2026-07-26 07:52:19+00:00,wmo,Vanuatu,SPO,Oceania
aef166a84bfa792498c02cebb84b2ddb,2026-07-22T04:57:50Z,Tropical Cyclone,उष्णकटिबंधीय चक्रवात फिलीपींस,www.aajtak.in,hi,0.3,"Wolkenbruch verursacht Verwüstung in Himachal, viele Schulen und Gebäude werden beschädigt. Regenfälle und Sturzfluten richten weiterhin verheerende Schäden in Himachal Pradesh an. Ein Wolkenbruch hat im Boh-Tal von Shahpur, Kangra, große Verwüstungen angerichtet. Bei der plötzlichen Überschwemmung wurden etwa 18 Häuser, Schulen und viele Gebäude beschädigt, außerdem waren viele Kuhställe und Rinder betroffen. Verwaltung, Polizei und SDRF…","हिमाचल में बादल फटने से तबाही, कई स्कूल और इमारतें क्षतिग्रस्त","हिमाचल प्रदेश में बारिश और फ्लैश फ्लड का कहर जारी है. कांगड़ा के शाहपुर की बोह घाटी में बादल फटने से भारी तबाही हुई है. अचानक आए सैलाब में करीब 18 घर, स्कूल और कई इमारतें क्षतिग्रस्त हो गई, जबकि कई गौशालाएं और मवेशी भी प्रभावित हुए हैं. प्रशासन, पुलिस और SDRF…","Cloud burst causes devastation in Himachal, many schools and buildings damaged. Rain and flash floods continue to wreak havoc in Himachal Pradesh. Cloud burst has caused huge devastation in Boh valley of Shahpur, Kangra. About 18 houses, schools and many buildings were damaged in the sudden flood, while many cow sheds and cattle were also affected. Administration, police and SDRF…","Nubes erupit vastitatem in Himachal, multae scholae et aedificia laedantur. Pluviis et micare diluvia pergunt in Himachal Pradesh vastare. Clouds erupit vastitatem in Boh valle Shahpur, Kangra intulit. Circa XVIII domos, scholae et multa aedificia sub diluvio laesa sunt, cum multae vaccae et boum affectus. Administratio, magistratus et SDRF…",https://www.aajtak.in/india/himachal-pradesh/video/himachal-pradesh-kangra-flash-flood-schools-buildings-damaged-vdos-2606502-2026-07-22,https://akm-img-a-in.tosshub.com/aajtak/images/video/202607/6a604d748cf69-himachal-pradesh-flood-in-kangra-225614901-16x9.png,,". . 18 , , . , SDRF - . .",,2026-07-26 07:52:19+00:00,wmo,Philippines,SEA,Asia
375afea3b74e54dcb2539cbc78318bcd,2026-07-22T17:08:15Z,Precipitation,वर्षा कोरोमंडल प्रायद्वीप,www.aajtak.in,hi,0.3,"Die Situation ist aufgrund des Regens von Assam bis Jammu sehr schlecht, siehe das neueste Update von IMD. Die Zahl der Todesopfer bei dem Erdrutsch im Bezirk Namchi in Sikkim hat 20 erreicht. Es gibt Nachrichten von fünf Arbeitern, die immer noch im Tunnel eingeschlossen sind. Es werden Anstrengungen unternommen, sie zu retten. Dieser Unfall ereignete sich am Tor des im Bau befindlichen Samardung-Tunnels. Das Teesta-Wasserkraftprojekt von NHPC ...","असम से जम्मू तक बारिश से हाल-बेहाल, जानें IMD का ताजा अपडेट",सिक्किम के नामची जिले में हुए लैंडस्लाइड में मरने वालों की संख्या 20 पहुंच गई है. टनल के अंदर अभी भी 5 मजदूरों के  फंसे होने की खबर है..जिनको निकालने की कोशिशें जारी है..  निर्माणाधीन समरदुंग टनल के गेट पर ये हादसा हुआ. NHPC के तीस्ता हाईड्रो पावर प्रोजेक्ट स…,"Situation is very bad due to rain from Assam to Jammu, know the latest update from IMD. The death toll in the landslide in Namchi district of Sikkim has reached 20. There is news of 5 laborers still trapped inside the tunnel.. Efforts are on to rescue them.. This accident happened at the gate of Samardung Tunnel under construction. NHPC's Teesta Hydro Power Project...","Pessima res est propter pluviam ab Assam ad Jammu, novissime renovatio ab IMD. Theloneum mortis in prolapsione in Namchi agro Sikkim pervenit 20. Nuntiatur de 5 operariis adhuc in cuniculo decepti.. Conatus ad eos redimendos. Accidit hoc casu ad portam Samardung cuniculum sub constructione. NHPC Teesta Hydro Power Project...",https://www.aajtak.in/india/news/video/rain-wreaks-havoc-from-assam-to-jammu-what-imd-update-said-vdop-2607158-2026-07-22,https://akm-img-a-in.tosshub.com/aajtak/images/video/202607/6a60f8dfab56e-rain-wreaks-havoc-from-assam-to-jammu-220737815-16x9.png,,20 . 5 .. .. . NHPC 25 . . ...,,2026-07-26 07:52:19+00:00,wmo,New Zealand,NZ,Oceania
90a7c6040ca8539aa5c2bd4704f9826b,2026-07-23T05:28:35Z,Flood,बाढ़ कोसी बलतारा खगड़िया बिहार,hindi.moneycontrol.com,hi,0.3,"Achtung entfernt, Unfall passiert! Ein kleiner Fehler beim Fahren in den Bergen kann die Reise verderben. Von Delhi-NCR aus in die Berge zu reisen ist sicherlich aufregend, aber das Fahren auf hügeligen Straßen unterscheidet sich deutlich vom Fahren in der Stadt. Kurven, steile Anstiege und wechselndes Wetter können die Reise zu einer Herausforderung machen. In einer solchen Situation ist ein wenig Nachlässigkeit…","सावधानी हटी, दुर्घटना घटी! पहाड़ों पर गाड़ी चलाने की छोटी सी गलती कर देगी ट्रिप खराब","दिल्ली-एनसीआर (Delhi-NCR) से पहाड़ों की ट्रेवलिंग करना रोमांचक जरूर होता है, लेकिन पहाड़ी रास्तों पर ड्राइविंग शहर (city driving) की सड़कों से काफी अलग होती है। घुमावदार मोड़, खड़ी चढ़ाई और बदलता मौसम सफर को चुनौतीपूर्ण बना सकते हैं। ऐसे में थोड़ी-सी लापरवाही…","Caution removed, accident occurred! A small mistake while driving in the mountains will spoil the trip. Traveling to the mountains from Delhi-NCR is certainly exciting, but driving on hilly roads is quite different from city driving. Curves, steep climbs and changing weather can make the journey challenging. In such a situation, a little carelessness…","Cautela remota, casus incidit! Parvus error dum agitans in montibus iter diripiet. Iter ad montes e Delhi-NCR excitans certe est, sed viae montanae pulsis ab urbe pulsis longe diversa est. Curvae arduae scandit et mutabiles tempestates iter facere provocantes possunt. In tali casu neglegentia parum…",https://hindi.moneycontrol.com/travel/safe-driving-tips-to-make-mountain-trip-secure-and-memorable-article-2421254.html,https://images.moneycontrol.com/static-hindinews/2026/07/pahadddddddd.jpg,,"- (Delhi-NCR) , (city driving) , - (mountain driving) , :
- (engine braking) , 
, 2 3 , , (driving) 
, , , , (spare wheel) (first-aid kit), , , (weather) 
, (landslides) , GPS 
 (emergency) 
  … [+24 chars]",,2026-07-26 07:52:19+00:00,wmo,India,SAS,Asia
fa06c73f77bbfa25c4556896684c5089,2026-07-13T02:02:45Z,Landslide,भूस्खलन,www.aajtak.in,hi,0.9,"Staubsturm in Rajasthan, Regenwarnung in diesen Bundesstaaten von Uttarakhand bis Bengalen. Das Indian Meteorological Department (IMD) hat eine Warnung vor starkem Regen in Uttarakhand, Himachal Pradesh, Westbengalen, Odisha und den nordöstlichen Bundesstaaten herausgegeben. Viele Straßen sind aufgrund von Erdrutschen in Uttarakhand gesperrt. In Rajasthan besteht die Möglichkeit eines Staubsturms, während das Wetter in Delhi und Uttar Pradesh…","राजस्थान में धूल भरी आंधी, उत्तराखंड से बंगाल तक इन राज्यों में बारिश का अलर्ट","भारतीय मौसम विभाग (IMD) ने उत्तराखंड, हिमाचल प्रदेश, पश्चिम बंगाल, ओडिशा और पूर्वोत्तर राज्यों में भारी बारिश का अलर्ट जारी किया है. उत्तराखंड में भूस्खलन के कारण कई सड़कें बंद हैं. राजस्थान में धूल भरी आंधी की संभावना है, जबकि दिल्ली और उत्तर प्रदेश में मौसम…","Dust storm in Rajasthan, rain alert in these states from Uttarakhand to Bengal. The Indian Meteorological Department (IMD) has issued an alert of heavy rain in Uttarakhand, Himachal Pradesh, West Bengal, Odisha and northeastern states. Many roads are closed due to landslides in Uttarakhand. There is a possibility of dust storm in Rajasthan, while the weather in Delhi and Uttar Pradesh…","Tempestas pulveris in Rajasthan, in his civitatibus a Uttarakhand ad Bengalam pluvia vigilabat. Indicum Meteorologicum Indicum (IMD) vehementis pluviae in Uttarakhand, Himachal Pradesh, West Bengal, Odisha et civitates septentrionales excitavit. Multae viae clausae sunt propter ruinas in Uttarakhand. Est possibilitas tempestatis pulveris in Rajasthan, dum tempestas in Delhi et Uttar Pradesh…",https://www.aajtak.in/india/news/story/weather-forecast-today-heavy-rain-alert-uttarakhand-himachal-west-bengal-odisha-mausam-13-july-2026-rajasthan-dust-storm-aaj-ka-mausam-szlbs-dskc-2599899-2026-07-13,https://akm-img-a-in.tosshub.com/aajtak/images/story/202607/6a54473892a65-imd-rain-alert--weather-forecast-13-july-file-photo--pti-13022745-16x9.zxq1optsjy8ahrtzsgwb-fdkzwku1lxlvxk3ivbbfww,,", , , , . , . (IMD) , .
 (IMD) , 2-3 , - . 4-5 . , 5-6 -, .
IMD . . 126 , . . - .
(IMD) 5-6 . , 13 15 , . 30-40 .
. 89 . IMD 14 . - (, , , ) .
- . , , , , , , , , , , . IMD . IMD , 348.1 , 8% .… [+99 chars]",,2026-07-26 07:52:19+00:00,random,,,
ea056706e1dbd1044f01697c43ef945b,2026-07-17T06:32:51Z,Tropical Cyclone,भूस्खलन,www.aajtak.in,hi,0.9,"Seien Sie vorsichtig von Chamba nach Shimla! Warnung vor erneut starkem Regen in Himachal. Himachal-Wetter: Das Wetteramt hat in vielen Bezirken, darunter Chamba, Shimla, Kangra, Mandi, Sirmaur und Kullu, eine orangefarbene Warnung vor starkem Regen herausgegeben. Vom 19. bis 22. Juli kann es in Himachal Pradesh zu Regenfällen kommen, wodurch die Gefahr von Erdrutschen, Sturzfluten und plötzlichem Wasseranstieg in Flüssen und Abflüssen besteht.",चंबा से शिमला तक सावधान! हिमाचल में फिर भारी बारिश की चेतावनी,"Himachal Weather:  मौसम विभाग ने चंबा, शिमला, कांगड़ा, मंडी, सिरमौर और कुल्लू सहित कई जिलों में भारी बारिश का ऑरेंज अलर्ट जारी किया है. 19 से 22 जुलाई तक हिमाचल प्रदेश में बारिश की संभावना है, जिससे भूस्खलन, फ्लैश फ्लड और नदी-नालों में अचानक पानी बढ़ने का खतर…","Be careful from Chamba to Shimla! Warning of heavy rain again in Himachal. Himachal Weather: The Meteorological Department has issued an orange alert of heavy rain in many districts including Chamba, Shimla, Kangra, Mandi, Sirmaur and Kullu. There is a possibility of rain in Himachal Pradesh from 19 to 22 July, due to which there is a danger of landslides, flash floods and sudden rise in water in rivers and drains.","Cave a Chamba ad Shimla! Monitum pluviae iterum in Himachal. Tempestas Himachal: Department Meteorologicum aureum intentum pluviae gravis in multis regionibus Chamba, Shimla, Kangra, Mandi, Sirmaur et Kullu edidit. Est possibilitas pluviae in Himachal Pradesh ab die 19 ad diem 22 mensis Iulii, propter quam periculum est proruit, diluvia micant et repentinae aquae in fluminibus et cloacis oriuntur.",https://www.aajtak.in/india/himachal-pradesh/story/heavy-rainfall-alert-in-himachal-pradesh-from-19-july-2026-imd-shilma-chamba-weather-forecast-landslide-flash-flood-warning-himachal-ka-mausam-szlbs-dskc-2603151-2026-07-17,https://akm-img-a-in.tosshub.com/aajtak/images/story/202607/6a59cc8a64067-imd-rain-alert-in-shimla--himachal-weather-forecast-file-photo--pti-17323777-16x9.p_1tyutwlwndpx16uh9x4syrudnjfgdczf-j_1z0xna,,". (IMD) , , , , . (), - . .
 19 22 . , , , . 
 (IMD) , 19 - , . 22 .
 (SEOC) , 50 . (30 ) 53 3 . 
16 124.5 , 119.2 . 4 . , 24 . 
 7.5 . , - 9.8 , 38 .",,2026-07-26 07:52:19+00:00,random,,,
13ccfdacdf6fb351b6890f4f1345a047,2026-07-19T05:02:40Z,Landslide,भूस्खलन,www.aajtak.in,hi,0.9,"4 Tote durch Sturzflut in Rajouri-Poonch, Alarmstufe Rot in Himachal-Uttarakhand. Vier Menschen sind bei Sturzfluten und Erdrutschen infolge heftiger Regenfälle in Rajouri-Poonch in Jammu und Kaschmir ums Leben gekommen. 5 fehlen. Dutzende Fahrzeuge wurden weggespült. Auch in Himachal-Uttarakhand wurde Alarmstufe Rot ausgegeben.","राजौरी-पुंछ में फ्लैश फ्लड से 4 की मौत, हिमाचल-उत्तराखंड में रेड अलर्ट",जम्मू-कश्मीर के राजौरी-पुंछ में भारी बारिश से फ्लैश फ्लड और भूस्खलन में 4 लोगों की मौत हुई है. 5 लापता हैं. दर्जनों गाड़ियां बह गई. हिमाचल-उत्तराखंड में भी रेड अलर्ट जारी हुआ है.,"4 killed due to flash flood in Rajouri-Poonch, red alert in Himachal-Uttarakhand. Four people have died in flash floods and landslides due to heavy rains in Rajouri-Poonch of Jammu and Kashmir. 5 are missing. Dozens of vehicles were washed away. Red alert has also been issued in Himachal-Uttarakhand.","4 interfectus est propter diluvium in Rajouri-Poonch, rubrum erectus in Himachal-Uttarakhand. Quattuor homines mortui sunt in diluviis mico et prolapsionibus propter imbribus in Rajouri-Poonch Jammu et Kashmir. 5 desunt. Vehiculorum justo abluti sunt. Red erectus etiam in Himachal-Uttarakhand edita est.",https://www.aajtak.in/science/story/flash-flood-in-rajouri-poonch-heavy-rainfall-himachal-uttrakhand-rptc-2604530-2026-07-19,https://akm-img-a-in.tosshub.com/aajtak/images/story/202607/6a5c5788db822-monsoon-heavy-rainfall-flash-flood-195000771-16x9.jpg,,"- . . . , . . . .
- . . . , .
 : ... 
24 103 , . , , . . 77 mm . .
 . . , . . . 
 : ! , - 
- 
 - . . . . .
 . , . (IMD) , , . , .
 : , 28 
. . .
 . 24 108 , 103.5 , 93 80.5 . , . .
 : ? 5… [+44 chars]",,2026-07-26 07:52:19+00:00,random,,,
e1a6749461afc82675768e7aac769f1a,2026-07-19T07:48:44Z,Tropical Cyclone,भूस्खलन,www.aajtak.in,hi,0.9,"10 Tote bei Sturzflut in Rajouri-Poonch, Erdrutsch in Himachal, Amit Shah im Einsatz. In Poonch gab es 10 Todesfälle durch Sturzfluten. 9 Menschen, darunter 6 Familienmitglieder, kamen in Surankot ums Leben. Die Straße ist wegen Erdrutsch in Chamba gesperrt. Amit Shah versicherte jede Art von Hilfe.","राजौरी-पुंछ फ्लैश फ्लड में 10 की मौत, हिमाचल में लैंडस्लाइड, अमित शाह एक्शन में",पुंछ में फ्लैश फ्लड से 10 मौतें हुई है. सुरनकोट में एक परिवार के 6 सदस्य समेत 9 लोगों की जान गई. चंबा में भूस्खलन से सड़क बंद है. अमित शाह ने हर तरह की मदद का भरोसा दिया.,"10 killed in Rajouri-Poonch flash flood, landslide in Himachal, Amit Shah in action. There have been 10 deaths due to flash flood in Poonch. 9 people including 6 members of a family lost their lives in Surankot. The road is closed due to landslide in Chamba. Amit Shah assured all kinds of help.","10 interfectus est in diluvio Rajouri-Poonch, prolapsus in Himachal, Amit Shah in proelio. Fuerunt 10 funera propter diluvium in Poonch. 9 homines qui inter sex familiae membra in Surankot vitam amiserunt. Via clauditur ob ruinam in Chamba. Amit Shah certissima omnia auxilia.",https://www.aajtak.in/science/story/ten-died-in-rajouri-poonch-flash-flood-chamba-landslide-dskc-2604694-2026-07-19,https://akm-img-a-in.tosshub.com/aajtak/images/story/202607/6a5c7f46692e5-poonch-flash-flood-193944932-16x9.jpg,,"- , . 10 . , 6 9 . . . - . , . . . , 9 . 6 . 7 . .  . . . . SDRF, NDRF . . - . . . , . , , . .Union Home Minister Shri Amit Shah spoke with the Lieutenant Governor of Jammu and Kashmir, Shri Manoj Si… [+265 chars]",,2026-07-26 07:52:19+00:00,random,,,
c2edd7fd32e6501a3fdcf7a40bb7d069,2026-07-21T01:36:40Z,Landslide,भूस्खलन,www.aajtak.in,hi,0.9,"7 Tote bei Erdrutsch in Sikkim, 27 Arbeiter nach Methanexplosion im Tunnel eingeschlossen. Etwa 27 Arbeiter wurden aufgrund eines Erdrutschs außerhalb eines im Bau befindlichen Tunnels im Bezirk Namchi in Sikkim eingeschlossen. Zur Rettung der eingeschlossenen Arbeiter sind Such- und Rettungsaktionen im Gange. Nach neuesten Angaben hat die Kreisverwaltung den Tod von sieben Menschen bestätigt. Die Leichen wurden in den Bezirk Singtam gebracht…","सिक्किम लैंडस्लाइड में 7 की मौत, मीथेन ब्लास्ट के बाद सुरंग में फंसे थे 27 मजदूर","सिक्किम के नामची जिले में एक निर्माणाधीन टनल के बाहर भूस्खलन होने से करीब 27 मजदूर अंदर फंस गए थे. फंसे मजदूरों को बाहर निकालने के लिए खोज और बचाव अभियान जारी है. ताजा जानकारी के अनुसार, जिला प्रशासन ने सात लोगों की मौत की पुष्टि की है. शवों को सिंगतम जिला अस…","7 killed in Sikkim landslide, 27 workers trapped in tunnel after methane blast. About 27 laborers were trapped inside due to a landslide outside an under-construction tunnel in Namchi district of Sikkim. Search and rescue operations are underway to rescue the trapped workers. According to the latest information, the district administration has confirmed the death of seven people. The dead bodies were taken to Singtam district…","7 occisi in terra Sikkim, 27 operarii in cuniculo capti post methanum flatum. Circiter 27 laborantes intus capti sunt propter lapsus extra cuniculum substructionis in Namchi agro Sikkim. Quaere et liberare operationes comparatae sunt ut operarios captivos redimeret. Secundum recentissimas informationes, administratio regio mortem septem hominum confirmavit. Mortua corpora ad Singtam regionem delata sunt…",https://www.aajtak.in/india/news/story/sikkim-tunnel-landslide-namchi-district-search-rescue-operations-ntc-amkr-rpti-2605776-2026-07-21,https://akm-img-a-in.tosshub.com/aajtak/images/story/202607/6a5ed07996d14-sikkim-tunnel-landslide-215043944-16x9.png,,"27 . . , . , STNM () .
 . . .
NHPC , SDRF, NDRF, , , . SSDMA .
 , . .   - .",,2026-07-26 07:52:19+00:00,random,,,
433fa63427517d68ee96b0954136c206,2026-07-21T04:09:24Z,Landslide,भूस्खलन,www.aajtak.in,hi,0.9,"27 Arbeiter eingeschlossen, 7 getötet durch Erdrutsch im Sikkim-Tunnel. 27 Arbeiter wurden bei einem Erdrutsch vor einem im Bau befindlichen Tunnel im Bezirk Namchi in Sikkim eingeschlossen. Bisher wurden 7 Todesfälle bestätigt. Aufgrund der Angst vor Methangas stehen die Rettungsarbeiten vor Problemen und auch der Gesundheitszustand einiger Rettungskräfte verschlechterte sich.",सिक्किम टनल में भूस्खलन से 27 मजदूर फंसे 7 की मौत,सिक्किम के नामची जिले में निर्माणाधीन टनल के बाहर भूस्खलन से 27 मजदूर फंस गए। अब तक 7 लोगों की मौत की पुष्टि हुई है। मीथेन गैस की आशंका के कारण बचाव कार्य में दिक्कत आ रही है और कुछ रेस्क्यू कर्मियों की तबीयत भी बिगड़ी।,"27 laborers trapped, 7 killed due to landslide in Sikkim Tunnel. 27 laborers were trapped in a landslide outside an under-construction tunnel in Namchi district of Sikkim. So far 7 deaths have been confirmed. Due to the fear of methane gas, rescue work is facing problems and the health of some rescue workers also deteriorated.","XXVII operarii capti, VII occisi ob LAPSUS in Sikkim Tunnel. 27 operarii in cuniculo subter constructo cuniculi Namchi in regione Sikkim capti sunt. Hactenus 7 mortes confirmatae sunt. Ob methani methani gasi timorem, laboranti laboranti adversam difficultates et sanitatem aliquorum opificum salvandorum etiam deterioratus est.",https://www.aajtak.in/short-videos/video/sikkim-tunnel-landslide-nhpc-teesta-stage-vi-namchi-district-nprf-methane-mmtc-2605837-2026-07-21,https://akm-img-a-in.tosshub.com/aajtak/images/video/202607/6a5eefce91798-sikkim-tunal-210428678-16x9.jpg,,"Please rotate your device
 . .",,2026-07-26 07:52:19+00:00,random,,,
0703a0e4411bc1534de913e42729a56e,2026-07-21T13:37:08Z,Tropical Cyclone,भूस्खलन,www.aajtak.in,hi,0.9,"Alarmstufe Rot in Himachal, Schulen und Hochschulen geschlossen, Straßen wegen Erdrutschen blockiert, Sturzflutgefahr. Aufgrund des starken Regens in Himachal Pradesh wurden alle Schulen und Hochschulen in Kangra, Mandi und Sirmaur geschlossen. Wegen Erdrutschen sind in vielen Bezirken Straßen gesperrt und auch die Gefahr von Sturzfluten wurde geäußert. Die Verwaltung hat die Menschen gebeten, unnötige Reisen zu vermeiden und den offiziellen Hinweisen zu folgen …","हिमाचल में रेड अलर्ट, स्कूल-कॉलेज बंद, भूस्खलन से सड़कें ठप, फ्लैश फ्लड का खतरा","हिमाचल प्रदेश में भारी बारिश के रेड अलर्ट के बीच कांगड़ा, मंडी और सिरमौर में सभी स्कूल-कॉलेज बंद कर दिए गए हैं. कई जिलों में भूस्खलन के कारण सड़कें बंद हैं और फ्लैश फ्लड का खतरा भी जताया गया है. प्रशासन ने लोगों से गैरजरूरी यात्रा से बचने और आधिकारिक एडवाइजरी…","Red alert in Himachal, schools and colleges closed, roads blocked due to landslides, danger of flash flood. Amid red alert of heavy rain in Himachal Pradesh, all schools and colleges have been closed in Kangra, Mandi and Sirmaur. Roads are closed due to landslides in many districts and the danger of flash floods has also been expressed. The administration has asked people to avoid unnecessary travel and follow the official advisory…","Rubrum vigiles in Himachal, scholae et collegia clausa, viae ob procursus clausae, periculum fulguris diluvii. Inter rubrum vigilantes pluviae in Himachal Pradesh, omnes scholae et collegia in Kangra, Mandi et Sirmaur clausae sunt. Viae clausae propter ruinas in multis regionibus et periculum diluvii etiam expressum est. In administratione populum rogavit ut peregrinationem necessariam vitare et officialem consiliarium sequi…",https://www.aajtak.in/india/himachal-pradesh/story/himachal-pradesh-red-alert-schools-colleges-closed-landslides-flash-flood-warning-lclar-dskc-2606257-2026-07-21,https://akm-img-a-in.tosshub.com/aajtak/images/story/202607/6a5f73d1aba80-two-bridges-were-damaged-due-to-flash-floods-in-the-ghisal-nallah-212739941-16x9.jpg,,". , . , , . .  , . , - .
 - -5 . , . .  . , , .
 . - , - , -- -154 .  , . 136.4 . 105.6 , 103.6 , 79.8 , 79.2 , 75.4 71 .
 , , 60 68 .  , , , . .  , 115.6 204.5 , 204.5 .
 , 36 . 11 10 .  43 . . … [+31 chars]",,2026-07-26 07:52:19+00:00,random,,,
9412e3bb4a9b37b3124a09ad65227fd2,2026-07-22T09:22:51Z,Tropical Cyclone,भूस्खलन,www.aajtak.in,hi,0.9,"Der Monsun verwüstet die Berge im Nordosten, 120 Tote und Tausende werden obdachlos. Heftige Regenfälle, Überschwemmungen und Erdrutsche haben in den hügeligen und nordöstlichen Bundesstaaten des Landes große Verwüstungen angerichtet. Bisher sind etwa 120 Menschen in Himachal, Assam, Jammu und Kashmir, Nagaland und Arunachal Pradesh gestorben, während Tausende Menschen betroffen waren.","पहाड़ से पूर्वोत्तर तक मॉनसून का कहर, 120 की मौत... हजारों बेघर","देश के पहाड़ी और पूर्वोत्तर राज्यों में भारी बारिश, बाढ़ और भूस्खलन ने भारी तबाही मचाई है. हिमाचल, असम, जम्मू-कश्मीर, नागालैंड और अरुणाचल प्रदेश में अब तक करीब 120 लोगों की मौत हो चुकी है, जबकि हजारों लोग प्रभावित हुए हैं.","Monsoon wreaks havoc from mountains to Northeast, 120 dead... thousands rendered homeless. Heavy rains, floods and landslides have caused huge devastation in the hilly and north-eastern states of the country. So far, about 120 people have died in Himachal, Assam, Jammu and Kashmir, Nagaland and Arunachal Pradesh, while thousands of people have been affected.","Monsoon strages ex montibus in Orientem ruit, CXX milia mortuorum ... profugo reddita. Imbres, inundationes et ruinae vastam vastitatem in civitatibus montanis et septentrionalibus orientalibus regionis fecerunt. Hactenus circiter 120 homines mortui sunt in Himachal, Assam, Jammu et Kashmir, Nagaland et Arunachal Pradesh, cum milia hominum affecti sunt.",https://www.aajtak.in/india/news/story/heavy-rainfall-landslide-jammu-kashmir-himachal-pradesh-odisha-ntc-mnrd-dskc-2606896-2026-07-22,https://akm-img-a-in.tosshub.com/aajtak/images/story/202607/6a608ac9c9c77-heavy-rainfall-221756127-16x9.png,,". , , 120 . , , -, , , .
 66 . . 145 , 508 43 . .
 : UP Weather Today: 10 , Monsoon
 . 24 21 31 . 16 5.64 . - .
- 48 23 . - . , SDRF .
 : ... 
 9 , . 1.49 .
 10 . . , .",,2026-07-26 07:52:19+00:00,random,,,
b4042806e18501b02f1ad74df3a4e6fb,2026-07-03T03:05:19Z,Snow&Ice,स्नो चिली,www.aajtak.in,hi,0.3,Berge fallen in Uttarakhand! Mumbais Straßen wurden zu Flüssen... sehen Sie die Verwüstung des Wetters in 7 Bildern. Die Auswirkungen des Regens sind in vielen Teilen des Landes zu beobachten. Das Meteorologische Amt hat in vielen Bundesstaaten eine Warnung vor starkem Regen herausgegeben. Gleichzeitig sind die Menschen in Mumbai mit Problemen aufgrund des Regens konfrontiert. In vielen Gegenden von Uttarakhand stehen Flüsse aufgrund von Regen unter Hochwasser. Dasselbe…,उत्तराखंड में टूट रहे पहाड़! मुंबई की सड़कें बनीं दरिया... 7 तस्वीरों में देखें मौसम का कहर,"देश के कई हिस्सों में बारिश का असर देखने को मिल रहा है. मौसम विभाग ने कई राज्यों में भारी बारिश का अलर्ट जारी किया है. वहीं, मुंबई में बारिश के कारण लोगों को परेशानियों का सामना करना पड़ रहा है. उत्तराखंड के कई इलाकों में बारिश के कारण नदियां उफान पर हैं. वही…","Mountains falling in Uttarakhand! Mumbai's roads became rivers... see the havoc of the weather in 7 pictures. The effect of rain is being seen in many parts of the country. The Meteorological Department has issued an alert of heavy rain in many states. At the same time, people are facing problems due to rain in Mumbai. Rivers are in spate due to rain in many areas of Uttarakhand. Same…",Montes cadentes in Uttarakhand! Mumbai viae flumina facta sunt... calamitates tempestatum in 7 imaginibus videre. Effectus pluviae in multis regionibus conspicitur. Department Meteorologicum in multis civitatibus vigilantem pluviae dedit. Eodem tempore homines difficultates ex pluvia in Mumbai versantur. Flumina sunt in spatio ob pluviam in multis locis Uttarakhand. Idem…,https://www.aajtak.in/india/news/photo/india-weather-monsoon-2026-imd-rain-alert-today-mausam-ntc-amkr-2592816-2026-07-03,https://akm-img-a-in.tosshub.com/aajtak/images/photo_gallery/202607/6a4722217e97c-weather-update-india-034444117-16x9.jpg,,"(IMD)  3 , . (Photo: Reuters)",,2026-07-27 04:10:48+00:00,wmo,Chile,SWS,South-America
d89433a526f592f955aac78e0715e611,2026-07-02T17:46:02Z,Tropical Cyclone,भूस्खलन,www.aajtak.in,hi,0.9,"Achtung: Diese 7 Orte werden bei Regen zu „Gefahrenzonen“, machen Sie diesen Fehler nicht. Die Schönheit der Berge nimmt während des Monsuns zu, aber der Besuch von 7 Bergstationen wie Mussoorie, Manali und Munnar kann kostspielig sein. Aufgrund starker Regenfälle steigt die Gefahr von Erdrutschen, Wolkenbrüchen und plötzlichen Überschwemmungen. Bitte prüfen Sie vor Reiseantritt die Wetterlage.","सावधान! बारिश में ये 7 जगह बन जाती हैं 'डेंजर जोन', न करें जानें भूल","मानसून में पहाड़ों की खूबसूरती बढ़ जाती है, लेकिन मसूरी, मनाली और मुन्नार जैसे 7 हिल स्टेशनों पर जाना भारी पड़ सकता है. भारी बारिश के कारण यहां भूस्खलन, बादल फटने और अचानक बाढ़ का खतरा बढ़ जाता है, यात्रा पर निकलने से पहले मौसम का अपडेट जरूर चेक करें.","Attention These 7 places become 'danger zones' during rain, don't make this mistake. The beauty of the mountains increases during monsoon, but visiting 7 hill stations like Mussoorie, Manali and Munnar can be costly. Due to heavy rains, the risk of landslides, cloud bursts and sudden floods increases, please check the weather updates before setting out on a trip.","Operam Haec loca 7 fiunt 'periculi zonae' in pluvia, hunc errorem non faciunt. Pulchritudo montium in ETESIA crescit, sed 7 stationes collis visitans sicut Mussoorie, Manali et Munnar pretiosae esse possunt. Ob pluvias, periculum proruit, nubes erumpit et inundationes repentinae augentur, quaeso, tempestatum updates reprehendo antequam in itinere proficiscaris.",https://www.aajtak.in/travel/story/monsoon-travel-warnings-india-these-7-hill-stations-to-avoid-during-rainy-days-due-to-landslides-and-flood-risks-safty-tips-tvisx-dskc-2580242-2026-07-02,https://akm-img-a-in.tosshub.com/aajtak/images/story/202606/6a313a0d64692-hill-stations-to-avoid-in-monsoon-165655963-16x9.jpg,,"Hill Stations to Avoid in Monsoon: - , - .    . , . , . 
   , . .   . 
, 
 , . , .
, 
   , .   , . , .
, 
   . , .
, 
 , . .
, 
 .  .   , .
, 
   ,   .   ,  .
, 
 - , . .",,2026-07-27 04:10:48+00:00,random,,,
973f5f6451e25b8ccbfd7bf76854e831,2026-07-06T03:25:41Z,Landslide,भूस्खलन,www.aajtak.in,hi,0.9,"Pune-Mumbai Expressway und National Highway wegen Regen und Erdrutsch gesperrt, Züge fallen aus. Die Route Mumbai-Pune ist aufgrund anhaltender starker Regenfälle in Maharashtra beeinträchtigt. Auf der Schnellstraße in der Nähe von Khandala kam es zu einem schweren Erdrutsch, wodurch die Fahrbahn in Richtung Mumbai komplett gesperrt wurde. Auch der Zugverkehr wurde durch herabstürzende Steine ​​und Erde auf die Bahnstrecke beeinträchtigt.","बारिश-लैंडस्लाइड के कारण पुणे–मुंबई एक्सप्रेसवे और नेशनल हाईवे बंद, ट्रेनें कैंसिल","महाराष्ट्र में लगातार हो रही भारी बारिश के कारण मुंबई-पुणे रूट प्रभावित है. खंडाला के पास एक्सप्रेसवे पर बड़ा भूस्खलन हुआ है, जिससे मुंबई की ओर जाने वाली लेन पूरी तरह बंद हो गई है. रेलवे ट्रैक पर भी पत्थर और मिट्टी गिरने से ट्रेन सर्विस प्रभावित हुई है.","Pune-Mumbai Expressway and National Highway closed due to rain-landslide, trains cancelled. Mumbai-Pune route is affected due to continuous heavy rains in Maharashtra. There has been a major landslide on the expressway near Khandala, due to which the lane towards Mumbai has been completely closed. Train service has also been affected due to falling of stones and soil on the railway track.","Pune-Mumbai Expressway and National Highway claused propter pluvia-lursus, impedimenta cancellata. Iter Mumbai-Pune afficitur ob continuis imbribus in Maharashtra. Maior ruina in expresso prope Khandala fuit, ob quam venella ad Mumbai penitus occlusa est. Trainamentum officium etiam ob lapidum et solium in semita ferriviaria cadens affectus est.",https://www.aajtak.in/india/maharashtra/story/pune-mumbai-expressway-and-mumbai-pune-highway-closed-landslides-and-heavy-rainfall-railway-train-service-affected-maharashtra-weather-imd-rain-alert-szlbs-rpti-2594729-2026-07-06,https://akm-img-a-in.tosshub.com/aajtak/images/story/202607/6a4b1ff684060-landslide-occurred-on-the-missing-link-section-of-the-mumbaipune-expressway-062422220-16x9.jpg,,"#WATCH | Maharashtra: A major landslide occurred on the Missing Link section of the MumbaiPune Expressway near the Khandala Exit. Consequently, the Mumbai-bound lane has been completely closed.
Acco… [+130 chars]",,2026-07-27 04:10:48+00:00,random,,,
9623d3a4eb7811f06de37dfdb827d7a8,2026-07-06T06:31:25Z,Landslide,भूस्खलन,www.aajtak.in,hi,0.9,"Autobahn in Kishtwar wegen Erdrutsch blockiert, viele Lastwagen in Trümmern eingeschlossen. Aufgrund anhaltender starker Regenfälle kam es im Distrikt Kishtwar in Jammu und Kaschmir zu Erdrutschen. Aufgrund von Regen und Erdrutschen wurde der National Highway-244 (NH-244) an vielen Stellen stark beschädigt, wodurch der Verkehr beeinträchtigt wurde. Trümmer und Steine ​​fallen auf die Straße …","किश्तवाड़ में लैंडस्लाइड से हाईवे ठप, मलबे में समा गए कई ट्रक","जम्मू-कश्मीर के किश्तवाड़ जिले में लगातार हो रही भारी बारिश के चलते भूस्खलन की घटनाएं सामने आई हैं. बारिश और लैंडस्लाइड की वजह से राष्ट्रीय राजमार्ग-244 (NH-244) कई स्थानों पर बुरी तरह क्षतिग्रस्त हो गया, जिससे यातायात बाधित हो गया. सड़क पर मलबा और पत्थर गिरन…","Highway blocked due to landslide in Kishtwar, many trucks trapped in debris. Due to continuous heavy rains, incidents of landslides have come to light in Kishtwar district of Jammu and Kashmir. Due to rain and landslides, National Highway-244 (NH-244) was badly damaged at many places, due to which traffic was disrupted. Debris and stones falling on the road…","Via obsessa propter ruinam in Kishtwar, multae aliquet in obstantia capti. Ob continuis imbribus, incidentes procursus in lucem venerunt in agro Kishtwar Jammu et Kashmir. Ob pluvias et ruinas, National Highway-244 (NH-244) male multis locis afflixit, ob quas negotiatio turbabatur. Obruta et lapides cadentes in via…",https://www.aajtak.in/india/jammu-kashmir/video/jammu-kishtwar-heavy-rain-landslide-nh244-road-damage-vehicles-trapped-vdom-2594839-2026-07-06,https://akm-img-a-in.tosshub.com/aajtak/images/video/202607/6a4b4affb0ac5-kishtwar-landslide-062807211-16x9.jpg,,"- . -244 (NH-244) , . . , .",,2026-07-27 04:10:48+00:00,random,,,
2f1bba0d5f1064e35333964c7f9a6c55,2026-07-06T14:23:00Z,Landslide,भूस्खलन,www.aajtak.in,hi,0.9,"Mumbai war von drei Seiten blockiert, Regen brachte neue Probleme ... Autobahnen und Eisenbahnen kamen alle zum Stillstand. Drei Tage in Folge brachten sintflutartige Regenfälle in Mumbai die Stadt aus drei Richtungen fast zum Stillstand. Tausende Passagiere saßen aufgrund von Staunässe, Erdrutschen und Staus auf dem Mumbai-Pune Expressway, dem Mumbai-Ahmedabad Highway und der Konkan Road stundenlang fest. Auch der Zugverkehr war betroffen und Frauen-…","मुंबई तीन तरफ से ब्लॉक, बारिश लाई नई आफत... हाईवे-रेलवे सब ठप","मुंबई में लगातार तीन दिनों की मूसलाधार बारिश ने शहर को तीन दिशाओं से लगभग ठप कर दिया. मुंबई-पुणे एक्सप्रेसवे, मुंबई-अहमदाबाद हाईवे और कोंकण मार्ग पर जलभराव, भूस्खलन और ट्रैफिक जाम के चलते हजारों यात्री घंटों फंसे रहे. ट्रेन सेवाएं भी प्रभावित हुईं और महिलाओं-…","Mumbai blocked from three sides, rain brought new trouble... Highways and railways all came to a standstill. Torrential rains for three consecutive days in Mumbai almost brought the city to a standstill from three directions. Thousands of passengers were stranded for hours due to waterlogging, landslides and traffic jams on Mumbai-Pune Expressway, Mumbai-Ahmedabad Highway and Konkan Road. Train services were also affected and women-…","Mumbai tribus partibus saeptus, pluvia novas molestias attulit... Vias et balneas omnes haeserunt. Mumbai per tres dies continuos imbres torrens paene urbem constitit ex tribus partibus. Milia viatorum horis ob destraverunt propter waterlogging, proruit et negotiatio impedita in Mumbai-Pune Expressway, Mumbai-Ahmedabad via et via Konkan. Agminis officia quoque affecta sunt et mulieres...",https://www.aajtak.in/india/maharashtra/story/torrential-rains-choke-mumbai-from-three-sides-thousands-stranded-as-road-and-rail-routes-hit-by-flooding-and-landslides-ntc-dpmx-rpti-2595326-2026-07-06,https://akm-img-a-in.tosshub.com/aajtak/images/story/202607/6a4bba38c1442-torrential-rains-choke-mumbai-from-three-sides--thousands-stranded-062243411-16x9.png,,". - , - - , . - . - . - , .
 . , . , . - , . , .
 , 
 , . , . 24 . , .
VIDEO | Maharashtra: Traffic on the PuneMumbai Expressway has been halted between the Connecting Link and Missing Link secti… [+230 chars]",,2026-07-27 04:10:48+00:00,random,,,
f007d7b51d3c54718046db637589496b,2026-07-07T14:35:46Z,Tropical Cyclone,भूस्खलन,www.aajtak.in,hi,0.9,"Wie unterscheidet sich Wayanads Graunashorn-Erdrutsch von Harshil? Alle Regeln wurden in den Trümmern zerstört. Beim Kallady-Tunnelprojekt kam es nach 265 mm starkem Regen in Wayanad zu einem massiven Erdrutsch. Dies wird als „Graues Nashorn“-Erdrutsch bezeichnet. Das heißt, diese Katastrophe ist auf unkontrollierte Bauarbeiten, Abholzung und unwissenschaftliche Ablagerung von Schutt in ökologisch sensiblen Gebieten zurückzuführen.",हर्षिल से कैसे अलग है वायनाड की ग्रे राइनो लैंडस्लाइड... मलबे में धंस गए सारे नियम,"वायनाड में 265 मिमी भारी बारिश के बाद कल्लाडी सुरंग परियोजना पर भीषण भूस्खलन हुआ है. इसे 'ग्रे राइनो' लैंडस्लाइड कहा जाता है. यानी इकोलॉजिकली सेंसटिव क्षेत्र में बेहिसाब निर्माण, जंगलों की कटाई और मलबे के अवैज्ञानिक डंपिंग के कारण यह आपदा आई है.","How is Wayanad's Gray Rhino Landslide different from Harshil... All the rules were destroyed in the debris. A massive landslide has occurred at the Kallady Tunnel Project after 265 mm of heavy rain in Wayanad. This is called 'Grey Rhino' landslide. That is, this disaster has occurred due to uncontrolled construction, deforestation and unscientific dumping of debris in ecologically sensitive areas.","Quomodo Wayanad's Grey Rhino Landslide differt ab Harshil... Omnes regulae in strages deletae sunt. Lapsus ingens in Tunnel Project Kallady post 265 mm pluviae in Wayanad incidit. Id 'Lupus Grey Rhinoceros' appellatur. Hoc est, haec clades facta est propter immoderatam constructionem, deforestationem et inscitiam iactandi strages in oecologicis locis sensitivis.",https://www.aajtak.in/science/story/how-wayanad-grey-rhino-landslide-different-from-harsil-dskc-2596204-2026-07-07,https://akm-img-a-in.tosshub.com/aajtak/images/story/202607/6a4d0c092f3d7-wayanad-grey-rhino-landslide-072403513-16x9.jpg,,"2024 - . 24   265 , (--) . 
 , . 2024   , . ?
 : ! , 
' ' : 
 - ' ' , ' ' . ' ' . , .  
- . , - . 
 ?
 . ( 100-200 ) . (GLOF) . 
 Video
, .
 : , JL-3 ?
 ?
 , . . . . . , . 
 ...
 : ? ?… [+636 chars]",,2026-07-27 04:10:48+00:00,random,,,
d4c2438cd9c6743e7ea3fcfca456ac73,2026-07-07T15:12:17Z,Landslide,भूस्खलन,www.aajtak.in,hi,0.9,"Virales Video: Verwüstung durch Erdrutsch in Wayanad. Der Erdrutschvorfall nach heftigen Regenfällen in der Region Wayanad in Kerala hat zu einer ernsten Situation geführt. Es gibt Berichte über viele Opfer, während Hilfs- und Rettungsteams kontinuierlich im Einsatz sind. Die Verwaltung ist damit beschäftigt, den betroffenen Menschen zu helfen und behält die Situation im Auge.",Viral Video: वायनाड में Landslide से तबाही,"केरल के वायनाड क्षेत्र में भारी बारिश के बाद भूस्खलन की घटना ने गंभीर स्थिति पैदा कर दी है. कई लोगों के हताहत होने की खबर है, जबकि राहत और बचाव टीमें लगातार काम कर रही हैं. प्रशासन प्रभावित लोगों की मदद में जुटा है और हालात पर नजर बनाए हुए है.","Viral Video: Devastation due to landslide in Wayanad. The incident of landslide after heavy rains in Wayanad region of Kerala has created a serious situation. There are reports of many casualties, while relief and rescue teams are working continuously. The administration is busy helping the affected people and is keeping an eye on the situation.","Viral Video: Vastatio ob ruinam in Wayanad. Incidentia ruinae post imbres in Wayanad regione Kerala gravem condicionem fecit. Multarum casuum relationes sunt, cum subsidia et subsidia iunctorum continenter laborant. Administratio sedula adiuvat affectos homines et oculum in re publica habet.",https://www.aajtak.in/short-videos/video/wayanad-landslide-kerala-disaster-viral-video-rain-damage-rescue-relief-efforts-latest-mmtg-2596226-2026-07-07,https://akm-img-a-in.tosshub.com/aajtak/images/video/202607/6a4d16f563153-kerala-wayanad-landslide-071040153-16x9.jpg,,"Please rotate your device
 . .",,2026-07-27 04:10:48+00:00,random,,,
39b5835519fea8353ee669befb63a1ae,2026-07-08T12:09:22Z,Tropical Cyclone,भूस्खलन,www.aajtak.in,hi,0.9,"Die Lonavala-Strecke kam aufgrund eines Erdrutschs zum Stillstand, 1100 Mitarbeiter waren mit der Wiederherstellung der Eisenbahnstrecke beschäftigt. Aufgrund heftiger Regenfälle kam es am 6. Juli im Abschnitt Lonavala-Karjat Ghat der Central Railway zu einem Erdrutsch. Dadurch sammelten sich Trümmer auf den Bahngleisen und der Zugverkehr wurde unterbrochen. Zur Restaurierung hat die Bahn mehr als 1100 Arbeiter eingesetzt, die mit Hilfe schwerer Maschinen die Trümmer beseitigen.","लैंडस्लाइड से लोनावला रूट ठप, रेलवे ट्रैक बहाल करने में जुटे 1100 कर्मचारी",मध्य रेलवे के लोनावला-कर्जत घाट सेक्शन में 6 जुलाई को हुई मूसलाधार बारिश के कारण भूस्खलन हुआ. इससे रेल पटरियों पर मलबा जमा हो गया और ट्रेन सेवाएं बाधित हो गईं. रेलवे ने बहाली के लिए 1100 से ज्यादा कर्मचारियों को तैनात किया है जो भारी मशीनों की मदद से मलबा हटा…,"Lonavala route stalled due to landslide, 1100 employees busy in restoring the railway track. A landslide occurred due to torrential rains on July 6 in the Lonavala-Karjat Ghat section of the Central Railway. Due to this, debris accumulated on the railway tracks and train services were disrupted. Railways has deployed more than 1100 workers for restoration, who are removing the debris with the help of heavy machines.","Iter Lonavalae stabulantur ob lapsus, 1100 conductos occupant in restituendo semita ferriviaria. LAPSUS occurrit ob imbres torrentes die 6 mensis Iulii in Lonavala-Karjat Ghat sectione Railway Centralis. Ob hoc strages congesta in vestigiis ferriviariis et in servitiis ferriviariis disiecti sunt. Railways plus quam 1100 operarios ad restitutionem direxit, qui ope machinarum gravium strages removent.",https://www.aajtak.in/india/maharashtra/story/lonavala-karjat-section-landslide-heavy-rain-train-disruption-one-line-operational-ntc-drmt-rpti-2597026-2026-07-08,https://akm-img-a-in.tosshub.com/aajtak/images/story/202607/6a4e3cbb4fe28-lonawala-landslide-080405704-16x9.png,,"- , . 6 . . 
 . 7 10:30 . 7 '11013 - ' 8 00:45 . 
 30 . '11041 - ' 01:57 . , '12702 - ' 8 05:09 .
(Photo- ITGD)
1100 
 . . 1100 , - . .
 . , . . -, . .
(Photo- ITGD)
. 1 1 . 8 12 (JCB) . .
 … [+40 chars]",,2026-07-27 04:10:48+00:00,random,,,
8e54890cc52f007794d7cef17372bcea,2026-07-09T06:35:29Z,Tropical Cyclone,भूस्खलन,www.aajtak.in,hi,0.9,"„Katastrophenperiode“ des Wetters, 9 Bilder der Verwüstung durch Regen und Erdrutsche bis Delhi-Pune-Uttarakhand. In vielen Teilen des Landes wird das Wetter zur Katastrophe und es regnet. Heftige Regenfälle haben von Delhi bis Mumbai verheerende Schäden angerichtet, während Erdrutsche in hügeligen Gebieten die Krise weiter verschärft haben. Aufgrund starker Regenfälle ist das normale Leben völlig gestört. Aufgrund starker Staunässe auf den Straßen…","मौसम का 'आफत काल', दिल्ली-पुणे-उत्तराखंड तक बारिश और लैंडस्लाइड से तबाही की 9 तस्वीरें","देश के कई हिस्सों में मौसम आफत बनकर बरस रहा है. दिल्ली से लेकर मुंबई तक भारी बारिश ने तबाही मचा रखी है, वहीं पहाड़ी इलाकों में भूस्खलन (लैंडस्लाइड) ने संकट और बढ़ा दिया है. भारी बारिश के कारण आम जनजीवन पूरी तरह अस्त-व्यस्त हो गया है. सड़कों पर भारी जलजमाव के …","'Disaster period' of weather, 9 pictures of devastation due to rain and landslides till Delhi-Pune-Uttarakhand. In many parts of the country, the weather is becoming a disaster and it is raining. Heavy rains have wreaked havoc from Delhi to Mumbai, while landslides in hilly areas have further increased the crisis. Due to heavy rains, normal life has become completely disrupted. Due to heavy water logging on the roads…","""Tempus calamitatis"" tempestatis, IX imagines devastationis propter pluvias et proruit usque Delhi-Pune-Uttarakhand. Multis locis tempestas calamitatis fit et pluit. Imbres graves ex Delhi usque ad Mumbai stragem fecerunt, dum in locis montanis proruit discrimen adhuc auctum. Ob gravibus imbribus, vita normali prorsus disiecta est. Ob grave aqua colligationem in viae ...",https://www.aajtak.in/india/news/photo/delhi-heavy-rain-gurugram-waterlogging-maharashtra-landslide-pune-mausam-mumbai-ntc-amkr-2597401-2026-07-09,https://akm-img-a-in.tosshub.com/aajtak/images/photo_gallery/202607/6a4f40484a47a-rain-093130351-16x9.jpg,,(IMD) -  '' '' - . (Photo: PTI),,2026-07-27 04:10:48+00:00,random,,,
df945e68040583f58e01e8d01afa91d1,2026-07-10T18:21:44Z,Landslide,भूस्खलन,www.aajtak.in,hi,0.9,"„Jeder Tropfen Regen erinnert uns an die Verwüstung …“, zwei Jahre nach dem Erdrutsch in Wayanad bleiben die Wunden frisch. Auch zwei Jahre nach dem verheerenden Erdrutsch im Jahr 2024 in Wayanad, Kerala, haben sich die betroffenen Familien noch nicht vollständig erholt. Der neue Erdrutsch im Jahr 2026 hat alte Wunden wieder aufgerissen. Die Rehabilitationsarbeiten gehen schleppend voran und viele Familien befinden sich noch immer in Notunterkünften.","'बारिश की हर बूंद दिलाती है तबाही की याद...', वायनाड लैंडस्लाइड के दो साल पर जख्म ताजा",केरल के वायनाड में 2024 के विनाशकारी भूस्खलन के दो साल बाद भी प्रभावित परिवार पूरी तरह उबर नहीं पाए हैं. 2026 में हुए नए भूस्खलन ने पुराने जख्मों को फिर से ताजा कर दिया है. पुनर्वास कार्य धीमा है और कई परिवार अभी भी अस्थायी आवास में हैं.,"'Every drop of rain reminds us of the devastation...', two years after the Wayanad landslide, wounds remain fresh. Even two years after the devastating landslide of 2024 in Wayanad, Kerala, the affected families have not fully recovered. The new landslide in 2026 has reopened old wounds. Rehabilitation work is slow and many families are still in temporary accommodation.","'Omnis gutta pluviae nos devastationis admonet...', post biennium in ruina Wayanad, vulnera recentia manent. Etiam duobus annis post 2024 in Wayanad, Kerala ruinam vastatam, familias affectas non plene convaluit. Novus ruina in 2026 vulnera vetera fodit. Reparatio laboris tarda est et multae familiae adhuc sunt in accommodatione ad tempus.",https://www.aajtak.in/india/news/photo/kerala-wayanad-landslide-2024-2026-rehabilitation-challenges-tunnel-project-controversy-photos-ntcpvp-2598703-2026-07-10,https://akm-img-a-in.tosshub.com/aajtak/images/photo_gallery/202607/6a5134828859a-a-drone-view-shows-a-landslide-site-after-multiple-landslides-in-the-hills-in-wayanad-district--in-t-011301910-16x9.jpg,,"2024 , . . 2026 2024 , . (Photo: ITG)
, , 2024 . . . (Photo: ITG)
. , . . (Photo: ITG)
2024 . 178 . . (Photo: ITG)
2024 . . . (Photo: ITG)
' ' . , . . (Photo: ITG)
. , . '' , . (Photo: ITG)
. … [+105 chars]",,2026-07-27 04:10:48+00:00,random,,,
37ebd1f6aaba0c759e5c61f32dfdf15d,2026-07-11T07:09:27Z,Landslide,भूस्खलन,www.aajtak.in,hi,0.9,"Erdrutsch auf dem National Highway 10 aufgrund von Monsunregen, Gangtok-Straße gesperrt. Der National Highway 10, die wichtigste Lebensader von Sikkim und von Siliguri in Bengalen nach Gangtok führt, wurde aufgrund starker Monsunregenfälle von Erdrutschen heimgesucht. Aufgrund dieses Erdrutschs wurde die Straße nach Gangtok komplett gesperrt. Auch ein Lastwagen steckte im Erdrutsch fest. Ha…","मॉनसून बारिश से नेशनल हाईवे 10 पर भूस्खलन, गंगटोक मार्ग बंद","नेशनल हाईवे 10, जो सिक्किम की मुख्य जीवन रेखा है और बंगाल के सिलीगुडी से गंगटोक तक जाता है, मॉनसून की भारी बारिश के कारण भूस्खलन की चपेट में आ गया है. इस भूस्खलन के कारण गंगटोक जाने वाला मार्ग पूरी तरह से बंद हो गया है. एक ट्रक भी लैंडस्लाइड में फंस गया है. ह…","Landslide on National Highway 10 due to monsoon rains, Gangtok road closed. National Highway 10, which is the main lifeline of Sikkim and runs from Siliguri in Bengal to Gangtok, has been hit by landslides due to heavy monsoon rains. Due to this landslide, the road to Gangtok has been completely closed. A truck is also stuck in the landslide. Ha…","Landslide in National via 10 propter ETESIA pluviae, via Gangtok clausa. National Highway X, quae principale vitae Sikkim est et e Siliguri in Bengal ad Gangtok fugit, ab imbribus monstrosis gravibus ictus est. Ob hanc ruinam via ad Gangtok prorsus clausa est. A salsissimus etiam in lapsu fixus est. Ha…",https://www.aajtak.in/short-videos/video/national-highway-10-landslide-causes-closure-from-siliguri-to-gangtok-ytvd-vdos-2598891-2026-07-11,https://akm-img-a-in.tosshub.com/aajtak/images/video/202607/11_jul_26_monsoon_01_poster.0000000-original.jpg,,"Please rotate your device
 . .",,2026-07-27 04:10:48+00:00,random,,,
ab4962eff8a9aad8fdd8807d1529448b,2026-07-20T16:45:25Z,Tropical Cyclone,भूस्खलन,www.aajtak.in,hi,0.9,"Schwerer Erdrutsch im Sikkim-Tunnel. Am Montag ereignete sich im Bezirk Namchi in Sikkim ein schwerer Unfall. Etwa 27 Arbeiter waren aufgrund eines Erdrutschs außerhalb des im Bau befindlichen Tunnels im Inneren eingeschlossen. Die Situation wurde schwieriger, da im Tunnel möglicherweise Methangas vorhanden ist. Aus diesem Grund wurde die Rettungsaktion verlangsamt. Nach Aussage vieler Rettungskräfte…",सिक्किम की टनल में भारी लैंडस्लाइड,सिक्किम के नामची जिले में सोमवार को बड़ा हादसा हो गया. निर्माणाधीन टनल के बाहर भूस्खलन होने से करीब 27 मजदूर अंदर फंस गए. हालात इसलिए और मुश्किल हो गए क्योंकि टनल के भीतर मीथेन गैस होने की आशंका है. इसी वजह से बचाव अभियान धीमा पड़ गया है. कई बचावकर्मियों की त…,Heavy landslide in Sikkim tunnel. A major accident took place in Namchi district of Sikkim on Monday. About 27 workers were trapped inside due to a landslide outside the tunnel under construction. The situation became more difficult because there is a possibility of methane gas inside the tunnel. For this reason the rescue operation has slowed down. According to many rescue workers…,Gravis ruina in Sikkim cuniculo. Maius casus in Namchi agro Sikkim die Lunae accidit. Circiter XXVII opifices intra cuniculum extra cuniculum ducti inclusi sunt. Res difficilior facta est quia possibilitas methani gasi intra cuniculum est. Quam ob rem opem operatio retardavit. Secundum multos opifices liberandum ...,https://www.aajtak.in/india/news/story/sikkim-tunnel-landslide-workers-trapped-rescue-operation-ntc-dhrj-dskc-2605705-2026-07-20,https://akm-img-a-in.tosshub.com/aajtak/images/story/202005/breaking-news-750_618x347.jpg,,". 27 . . . .
 .  .  , 27 .  21 , 6 NHPC .  , .
 . .",,2026-07-27 04:10:48+00:00,random,,,
c91e9c121eda5cb4e66297923cb25b00,2026-07-20T11:45:31Z,Storm,उत्तराखंड के हरिद्वार जिले में तूफ़ान आया,hindi.moneycontrol.com,hi,0.3,"UP-Wetter-Update: Rot- und Orange-Alarm für die nächsten 48 Stunden in UP, IMD teilte mit, wo es starken Regen geben wird. UP-Wetterwarnung: Der Monsun ist in Uttar Pradesh wieder voll aktiv. Trotz der Abschwächung des im Golf von Bengalen gebildeten Tiefdruckgebiets aufgrund der von dort kontinuierlich zunehmenden Monsunfeuchtigkeit und des verstärkten Monsuntals hat sich die Regenzeit im gesamten Bundesstaat intensiviert. …","UP Weather Update: यूपी में अगले 48 घंटों के लिए रेड और ऑरेंज अलर्ट, IMD ने बताया कहां-कहां होगी धुआंधार बारिश",UP Weather Alert: उत्तर प्रदेश में मानसून एक बार फिर पूरी तरह एक्टिव हो गया है। बंगाल की खाड़ी में बने निम्न दबाव क्षेत्र के कमजोर पड़ने के बावजूद वहां से लगातार बढ़ रही मानसूनी नमी और मजबूत हुई मानसून ट्रफ के कारण पूरे प्रदेश में बारिश का दौर तेज हो गया है। …,"UP Weather Update: Red and Orange alert for the next 48 hours in UP, IMD told where there will be heavy rain. UP Weather Alert: Monsoon has once again become fully active in Uttar Pradesh. Despite the weakening of the low pressure area formed in the Bay of Bengal, due to the continuously increasing monsoon moisture from there and the strengthened monsoon trough, the rainy season has intensified in the entire state. …","UP Tempestas Renovatio: Rubrum et Aureum vigilat ad proximos 48 horas in UP, IMD nuntiavit ubi pluviae graves erunt. Tempestas erecti: Monsoon iterum plene active in Uttar Pradesh factus est. Quamvis area pressionis humilis in Sinum Bengala formata debilitatio, ob humorem ETESIAE inde continuum crescentem et canalem monsoon roboratum, tempus pluviae in tota civitate intenditur. ...",https://hindi.moneycontrol.com/india/imd-heavy-rain-alert-monsoon-fury-in-up-heavy-rainfall-alert-for-these-districts-until-july-25-thunderstorms-and-lightning-strikes-article-2421392.html,https://images.moneycontrol.com/static-hindinews/2026/07/imd_up_rain.jpg,,"UP Weather Alert: (IMD) 20 ' ' 22   ' ' 25 ' ' 
 ,    20 ( ), - 
, , , , , , , , , , , , , , , , , , , , , , , , , , , , , 
, , , , , , , , , , , , , , , , , , , , , , , , 
 - , , , , , , , , , ,… [+139 chars]",,2026-07-27 21:33:41+00:00,wmo,India,SAS,Asia
cf775adcb964ed5968f5bbc029ed0b9f,2026-07-14T12:07:56Z,Precipitation,आंधी तूफान,hindi.moneycontrol.com,hi,0.9,Rote Warnung vor starkem Regen am 15. Juli: Warnung vor starkem Regen in diesen 14 Bundesstaaten. Neben Bihar besteht aufgrund des aktiven Zyklonsystems auch Sturmgefahr. IMD Alarmstufe Rot für Starkregen am 15. Juli: In vielen Teilen des Landes ist der Monsun heftig geworden. Das India Meteorological Department (IMD) hat für den 15. Juli in vielen Bundesstaaten des Landes eine rote und orangefarbene Warnung vor starkem bis extrem starkem Regen herausgegeben. Laut Meteorologen…,"भारी बारिश की रेड वॉर्निंग 15 जुलाई: बिहार संग इन 14 राज्यों में भयानक बारिश का अलर्ट, चक्रवाती सिस्टम एक्टिव होने से आंधी-तूफान का भी खतरा",IMD Red alert for heavy rain on July 15: देश के कई हिस्सों में मानसून रौद्र रूप धारण कर चुका है। भारत मौसम विज्ञान विभाग (IMD) ने 15 जुलाई के लिए देश के कई राज्यों में भारी से अत्यंत भारी बारिश का रेड और ऑरेंज वॉनिंग जारी की है। मौसम वैज्ञानिकों के मुताबिक बं…,"Red warning of heavy rain on July 15: Alert of severe rain in these 14 states along with Bihar, there is also a danger of storm due to the active cyclonic system. IMD Red alert for heavy rain on July 15: Monsoon has become fierce in many parts of the country. India Meteorological Department (IMD) has issued red and orange warning of heavy to extremely heavy rain in many states of the country for July 15. According to meteorologists…",Rubrica admonitio de pluviae die 15 Iulii: in gravibus pluviae in his 14 civitatibus una cum Bihar erecti est etiam periculum tempestatis propter systema cyclonicum activum. IMD Rubrum intentum pluviae pluviae die 15 mensis Iulii: Monsoon acriter in multis regionibus factus est. Indiae Department Meteorologicum (IMD) monitionem rubrae et aurantiacae gravissimae pluviae gravissimae in multis statibus patriae ad Iulium 15. Iuxta meteorologos...,https://hindi.moneycontrol.com/india/imd-red-alert-for-heavy-rain-on-july-15-torrential-rains-in-bihar-up-delhi-and-14-other-states-storms-active-cyclonic-system-article-2419677.html,https://images.moneycontrol.com/static-hindinews/2026/07/bihar_imd.jpg,,"IMD Red alert for heavy rain on July 15: (IMD) 15 , 14 , - 15 
 : 
 , , , , , - - 7.6 , - 24 - 
- 5.8 5.8 - 5.8 
 ' ' 
 ( ): 15 - 
 - 15 30-40 , 
 12 
 15 - :-
-, 
 , , -- - 40-50 () 
 , ,… [+161 chars]",,2026-07-27 21:33:41+00:00,random,,,
de206cdf0d82998f8274727961946ea0,2026-07-06T09:13:34Z,Storm,होरोवेनुआ और कपिटी तट पर तूफ़ान का उछाल,hindi.moneycontrol.com,hi,0.3,"Starkregenwarnung für Indien: Das IMD gibt für mehr als 25 Bundesstaaten eine Starkregenwarnung heraus, in diesen Gebieten kommt es bis zum 12. Juli zu einem doppelten Starkregenangriff. Indien-Wetteraktualisierung: Der Südwestmonsun schreitet in den meisten Teilen des Landes rasch voran. Unterdessen hat das Indian Meteorological Department (IMD) in seinem neuesten Wetterbericht schwere bis extrem starke Regenfälle und starke Gewitter für mehr als 25 Bundesstaaten und Unionsterritorien des Landes vorhergesagt.","India Heavy Rain Alert: IMD ने 25+ राज्यों के लिए जारी किया भारी बारिश का अलर्ट, 12 जुलाई तक इन इलाकों में हैवी रेन-आंधी का डबल अटैक",India Weather Update: देश के अधिकांश हिस्सों में दक्षिण-पश्चिम मॉनसून तेजी से आगे बढ़ रहा है। इस बीच भारतीय मौसम विज्ञान विभाग (IMD) ने अपने ताजा मौसम बुलेटिन में देश के 25 से अधिक राज्यों और केंद्र शासित प्रदेशों के लिए भारी से अत्यंत भारी बारिश और तेज आंधी-…,"India Heavy Rain Alert: IMD issues heavy rain alert for 25+ states, double attack of heavy rain-storm in these areas till July 12. India Weather Update: South-West Monsoon is advancing rapidly in most parts of the country. Meanwhile, the Indian Meteorological Department (IMD) in its latest weather bulletin has predicted heavy to extremely heavy rains and strong thunderstorms for more than 25 states and union territories of the country.","India Gravis Pluviae erecti: IMD quaestiones graves pluviae in 25+ civitatibus vigilabant, duplex impetus tempestatis pluviae in his locis usque ad Iulium 12. Tempestas Indiae Renovatio: Monsoon Australis-occidentalis in plerisque patriae partibus celeriter proficit. Interea Indicum Meteorologicum Dicasterii (IMD) in recentissima tempestate bulletin praedixit gravibus maximis imbribus et procellis validis plus quam 25 status et fines unionis regionis.",https://hindi.moneycontrol.com/india/imd-issues-heavy-rain-alert-for-over-25-states-these-regions-face-double-attack-of-heavy-rain-and-thunderstorms-until-july-12-article-2417357.html,https://images.moneycontrol.com/static-hindinews/2026/07/rain_in25.jpg,,"India Weather Update: - (IMD) 25 - 12 , , , , 40 70 
 15 -- 24 , - - 
- : -NCR, - 
- 6 12 - -
, : 7 9 6 10-12 6-9 11-12 - 
 : 7 12 6 12 6-7 40-50 ( 60 ) 7-12 6, 9 12 10-11 
: 7-9 11-12 6-9 11-1… [+435 chars]",,2026-07-28 16:55:25+00:00,wmo,New Zealand,NZ,Oceania
9857dc886a9c0852da28369a36a9c3c2,2026-07-09T10:58:02Z,Storm,वानुअतु के पूरे पानी में तूफ़ान बढ़ गया।,hindi.moneycontrol.com,hi,0.3,"Der Monsun bedeckte ganz Indien: Am 9. Juli bedeckte der Monsun das gesamte Land, kurz nachdem das IMD eine Warnung vor starkem Regen in diesen Bundesstaaten herausgegeben hatte. Monsoon Watch 9. Juli: Es gibt eine große und wichtige Neuigkeit für das ganze Land. Der Südwestmonsun ist heute, am 9. Juli, in die restlichen Teile von Rajasthan, Haryana und Punjab vorgedrungen. Gleichzeitig hat der Monsun heute das gesamte Land, d. h. ganz Indien, verschlungen …","Monsoon covered entire India: 9 जुलाई को पूरे देश पर छाया मानसून, इसके तुरंत बाद IMD ने इन राज्यों में जारी किया हैवी बारिश का अलर्ट","Monsoon Watch 9 July: देश भर के लिए एक बड़ी और महत्वपूर्ण खबर है। दक्षिण-पश्चिम मानसून ने आज 9 जुलाई को राजस्थान, हरियाणा और पंजाब के बचे हुए हिस्सों में भी कदम आगे बढ़ा दिए हैं। इसके साथ ही मानसून ने आज पूरे देश को अपनी आगोश में ले लिया है यानी पूरे भारत में…","Monsoon covered entire India: Monsoon covered the entire country on July 9, soon after this IMD issued an alert of heavy rain in these states. Monsoon Watch 9 July: There is a big and important news for the entire country. Southwest Monsoon has advanced into remaining parts of Rajasthan, Haryana and Punjab today, July 9. Along with this, monsoon has engulfed the entire country today i.e. the entire India…","Monsoon totam Indiam operuit: Monsoon totam regionem obtexit die 9 mensis Iulii, mox post haec IMD imbrem in his civitatibus erectum edidit. Monsoon Watch 9 July: Est nuntius magnus et maximus pro tota terra. Southwest Monsoon processit in reliquas partes Rajasthan, Haryana et Punjab hodie, Iulii 9. Cum hoc monsoon totam regionem hodie i.e. totam Indiam submersit.",https://hindi.moneycontrol.com/india/the-monsoon-covered-the-entire-country-on-july-9-immediately-afterwards-the-imd-issued-a-heavy-rainfall-alert-for-these-states-article-2418335.html,https://images.moneycontrol.com/static-hindinews/2026/07/भारी-बारिश.jpg,,"Monsoon Watch 9 July: - 9 , (IMD) - - - 
 , 10 
- 
-
 : 9 - 
: 9 10 , 2026 - 
- : - 
 : 9-11 9-13 9 10 11 9-11 12-13 9 - 12-15 14-15 
 : 9 15 9-15 9-15 - 9 
, : , 9-10 10-13 9 9 11-12 
- : … [+425 chars]",,2026-07-28 16:55:25+00:00,wmo,Vanuatu,SPO,Oceania
ee182590a6772774c40bde648477158e,2026-07-01T09:21:46Z,Precipitation,आंधी तूफान,hindi.moneycontrol.com,hi,0.8,"Warnung vor starkem Regen in Indien: Starker Regen von Delhi bis UP, IMD warnte vor Gewitter in diesen über 20 Bundesstaaten, das Wetter wird bis zum 7. Juli so bleiben. Warnung vor starkem Regen in Indien: Der Monsun schreitet im ganzen Land schnell voran und damit haben in vielen Bundesstaaten starke bis sehr starke Regenfälle begonnen. Das Indian Meteorological Department (IMD) hat in seinem neuesten Bulletin vom 1. Juli…","India Heavy Rain Alert: दिल्ली से यूपी तक भारी बारिश, IMD ने इन 20+ राज्यों में आंधी-तूफान का अलर्ट दिया, 7 जुलाई तक ऐसा रहेगा मौसम","India Heavy Rain Alert: देश भर में मानसून तेजी से आगे बढ़ रहा है और इसके साथ ही कई राज्यों में भारी से बहुत भारी बारिश का दौर शुरू हो चुका है। भारतीय मौसम विज्ञान विभाग (IMD) ने 1 जुलाई को जारी अपने ताजा बुलेटिन में दिल्ली, उत्तर प्रदेश, मध्य प्रदेश और मुंबई …","India Heavy Rain Alert: Heavy rain from Delhi to UP, IMD gave alert of thunderstorm in these 20+ states, weather will remain like this till July 7. India Heavy Rain Alert: Monsoon is progressing rapidly across the country and with this, heavy to very heavy rains have started in many states. The Indian Meteorological Department (IMD) in its latest bulletin released on July 1 has…","India Gravis Pluviae erecti: Imbres graves a Delhi usque ad UP, IMD in his 20+ civitatibus intentum tonitribus dederunt, tempestas huius modi manebit usque ad Iulium 7. India Gravis Pluviae erecti: Monsoon per regionem celeriter progreditur et cum hoc, gravissimis imbribus gravissimis, in multis civitatibus incepit. Indicum Meteorologicum Department (IMD) in recentissima bulletin emissum die 1 mensis Iulii habet…",https://hindi.moneycontrol.com/india/india-heavy-rain-alert-for-delhi-uttar-pradesh-bihar-predicts-thunderstorms-across-several-states-article-2416113.html,https://images.moneycontrol.com/static-hindinews/2026/06/Heavy-Rain-Alert-3.jpg,,"India Heavy Rain Alert: (IMD) 1 , , () 20 -, , 7 
 , - 2 
IMD - 1 , , , , , , - 1 (NLM) , , , , , , , , , 2 , , , , , , 
- : - 
 - 1 7 
, : 2 7 1 2 4 6 7 2 7 , - 1 7 40-50 ( 60 ) 
 : 1 2 3 7 1 … [+375 chars]",,2026-07-28 16:55:25+00:00,random,,,
ca4c6706a43531d450f40e5a486d4fe3,2026-07-01T12:01:44Z,Precipitation,आंधी तूफान,hindi.moneycontrol.com,hi,0.8,"Das Wetter von morgen, 2. Juli: Das IMD warnt vor starkem Regen in diesen 20 Bundesstaaten, darunter Delhi, UP, Bihar, und es droht auch Sturmgefahr. Wetter-Update für Indien: Der Monsun hat im ganzen Land seine volle Geschwindigkeit erreicht. Das Indian Meteorological Department (IMD) hat den neuesten Wetterbericht für den 2. Juli veröffentlicht. Nach Angaben des Meteorological Department gibt es in mehr als 20 Bundesstaaten des Landes Regen, darunter Delhi, Uttar Pradesh, Bihar und Madhya Pradesh.","कल का मौसम 2 जुलाई: दिल्ली, यूपी, बिहार समेत इन 20 राज्यों में IMD ने भारी बारिश का अलर्ट दिया, आंधी-तूफान का भी खतरा मंडराया","India Weather Update: देश भर में मानसून अपनी पूरी रफ्तार पकड़ चुका है। भारतीय मौसम विज्ञान विभाग (IMD) ने 2 जुलाई के लिए मौसम का ताजा बुलेटिन जारी कर दिया है। मौसम विभाग के मुताबिक दिल्ली, उत्तर प्रदेश, बिहार और मध्य प्रदेश समेत देश के 20 से अधिक राज्यों में …","Tomorrow's weather, July 2: IMD gave alert of heavy rain in these 20 states including Delhi, UP, Bihar, danger of storm also looms. India Weather Update: Monsoon has reached its full speed across the country. The Indian Meteorological Department (IMD) has released the latest weather bulletin for July 2. According to the Meteorological Department, there is rain in more than 20 states of the country including Delhi, Uttar Pradesh, Bihar and Madhya Pradesh.","Cras tempestas, mensis Iulii II: IMD pluviae graves in his 20 civitatibus inclusae Delhi, UP, Bihar, periculum tempestatis etiam imminet. Indiae Tempestas Update: Monsoon cursu per regionem suam pervenit. Indicum Meteorologicum Indicum (IMD) recentissimae tempestatis bulletin pro Iulio dimisit. 2. Secundum Department Meteorologicum, pluvia plus quam XX in statibus patriae inter quas Delhi, Uttar Pradesh, Bihar et Madhya Pradesh est.",https://hindi.moneycontrol.com/india/weather-forecast-for-july-2-imd-issues-heavy-rain-alert-for-20-states-including-delhi-up-bihar-thunderstorms-also-looms-article-2416162.html,https://images.moneycontrol.com/static-hindinews/2026/07/IMD_2.jpg,,"India Weather Update: (IMD) 2 , , 20 - 
 1 , , , , , , , , - 
IMD  2 :-
( - 2 5 )
2 , :-
: (1 2 )
 : ( 2 5 2 5 )
: (1 6 )
: (1 3 )
 : (2-3 5-6 )
, 
2 , :-
, : 2 7 - 
 : 2 3 1 3 
: 2 4 … [+269 chars]",,2026-07-28 16:55:25+00:00,random,,,
d99f5ccec53e7defa1304aa9c7322800,2026-07-01T17:00:15Z,Precipitation,पंजाब में बारिश की संभावना,www.aajtak.in,hi,0.8,"Der Monsun wird Delhi spätestens in 5 Jahren erreichen, in den nächsten 2 Tagen kann es zu starkem Regen kommen. Der Monsun wird in Delhi-NCR am spätesten eintreffen, was die größte Verzögerung in den letzten fünf Jahren darstellt. Das indische Wetteramt hat die Ankunft des Monsuns in den nächsten zwei Tagen vorhergesagt. Außerdem gibt es in einigen Teilen von Delhi, Haryana, Punjab und Rajasthan Regen.","दिल्ली में 5 साल में सबसे देर से पहुंचेगा मॉनसून, अगले 2 दिन में हो सकती है तेज बारिश","दिल्ली-एनसीआर में मॉनसून की सबसे देरी से दस्तक होने वाली है, जो पिछले पांच सालों में सबसे ज्यादा देरी है. भारत मौसम विज्ञान विभाग ने अगले दो दिनों में मॉनसून के पहुंचने की संभावना जताई है. साथ ही दिल्ली, हरियाणा, पंजाब और राजस्थान के कुछ हिस्सों में बारिश की …","Monsoon will reach Delhi the latest in 5 years, there may be heavy rain in the next 2 days. Monsoon is going to arrive most late in Delhi-NCR, which is the most delayed in the last five years. India Meteorological Department has predicted the arrival of monsoon in the next two days. Also, there is rain in some parts of Delhi, Haryana, Punjab and Rajasthan.","Monsoon Delhi in 5 annis proximis perveniet, pluviae in proximis diebus 2 erunt. Monsoon nuper in Delhi-NCR venturus est, quae maxime moratus est in quinquennio proximis. Donec India Meteorologica adventum ETESIAE proximo biduo praedixit. Etiam in quibusdam partibus Delhi, Haryana, Punjab et Rajasthan pluviae sunt.",https://www.aajtak.in/india/delhi/story/delhi-ncr-monsoon-delay-in-5-years-rain-likely-july-3-weather-update-ntc-drmt-dskc-2592029-2026-07-01,https://akm-img-a-in.tosshub.com/aajtak/images/story/202607/6a4547554ad31-delhi-ncr-monsoon-delay-015855631-16x9.png,,"- . . (IMD) .
 , - , , . 
, , , .
 , , . , - - .
IMD) , '1 , , , , , , , , , .'
 5 
 , . 2020 25 . 26 . 2021 . 13 .
2022 30 2 . 2023 25 , 2 . 2024 28 2 . , - 29 .
 ' ' 
 . ' ' . . 33 23 .
 … [+212 chars]",,2026-07-28 16:55:25+00:00,wmo,India,SAS,Asia
bbab73a96248b569643a2a8c3eb8f7ad,2026-07-13T09:20:04Z,Precipitation,आंधी तूफान,hindi.moneycontrol.com,hi,0.8,"IMD Starkregenwarnung: Starkregenwarnung in diesen 15 Bundesstaaten, Gewitter an vielen Orten, das Wetter wird von Delhi bis UP-Bihar so sein. Wetter-Update für Indien: Das Indian Meteorological Department (IMD) hat die neuesten Wetterberichte für verschiedene Teile des Landes veröffentlicht. Nach Angaben des Wetteramtes wird es in den nächsten drei bis vier Tagen an verschiedenen Orten in Nordostindien, Westbengalen und Bihar zu starken bis sehr starken Regenfällen kommen.","IMD Heavy Rain Alert: इन 15 राज्यों में भारी बारिश की चेतावनी, कई जगहों पर आंधी-तूफान, दिल्ली से यूपी-बिहार तक ऐसा रहेगा मौसम","India Weather Update: भारतीय मौसम विज्ञान विभाग (IMD) ने देश के विभिन्न हिस्सों के लिए ताजा वेदर बुलेटिन जारी किया है। मौसम विभाग के मुताबिक अगले 3-4 दिनों के दौरान पूर्वोत्तर भारत, पश्चिम बंगाल और बिहार में अलग-अलग स्थानों पर भारी से बहुत भारी बारिश का दौर ज…","IMD Heavy Rain Alert: Heavy rain warning in these 15 states, thunderstorms at many places, weather will be like this from Delhi to UP-Bihar. India Weather Update: Indian Meteorological Department (IMD) has released the latest weather bulletin for different parts of the country. According to the Meteorological Department, during the next 3-4 days, heavy to very heavy rains will occur at different places in Northeast India, West Bengal and Bihar.","IMD Gravis Pluviae erecti: Monitum pluviae in his 15 civitatibus, procellis multis locis, tempestas erit a Delhi usque ad UP-Bihar. Indiae Tempestas Update: Indian Meteorological Department (IMD) novissimam tempestatem bulletin pro diversis nationis partibus dimisit. Secundum Department Meteorologicum, proximis 3-4 diebus, gravissimis imbribus gravis occurret diversis locis in India septentrionali, West Bengal et Bihar.",https://hindi.moneycontrol.com/india/imd-heavy-rain-alert-15-states-weather-update-delhi-up-bihar-rainfall-warning-july-2026-article-2419280.html,https://images.moneycontrol.com/static-hindinews/2026/07/wethar-rain-alert.jpg,,"India Weather Update: (IMD) 3-4 , - 13 - - , - 6-7 
 - ?
 24 - , , , (12-20 ) , , (7-11 ) 
- 60-80 / , , , , , , , , , , , , 40-60 
 - -
- (, , )
, , , 13 19 - 18 19 - 13-17 18-19 17 19 13-19 1… [+300 chars]",,2026-07-29 03:47:15+00:00,random,,,
aefa9460a631928c6ae50a28331449e3,2026-07-20T10:59:30Z,Precipitation,मौसम सामने,hindi.moneycontrol.com,hi,0.8,"Monsun-Alarm: Beängstigende Monsunvorhersage, Skymet hat jetzt dieses neue Update veröffentlicht. Monsun-Update: Es sind besorgniserregende und beängstigende Nachrichten über die Monsunsituation im ganzen Land ans Licht gekommen. Sofern sich das Wetter in einigen Teilen Ost- und Nordindiens nicht leicht verbessert, fielen die Niederschläge im ganzen Land bisher weitaus geringer als normal. Das Wetter für die kommenden Zeiten auch…","Monsoon Alert: मानसून को लेकर आया डराने वाला पूर्वानुमान, Skymet ने दिया अब ये नया अपडेट",Monsoon Update: देश भर में मानसून की स्थिति को लेकर एक चिंताजनक और डराने वाली खबर सामने आई है। पूर्वी और उत्तरी भारत के कुछ हिस्सों में मौसम में आए मामूली सुधार को छोड़ दें तो देश भर में अब तक सामान्य से काफी कम बारिश दर्ज की गई है। आने वाले समय के लिए भी मौस…,"Monsoon Alert: Scary forecast regarding monsoon, Skymet has now given this new update. Monsoon Update: A worrying and scary news has come to light regarding the situation of monsoon across the country. Barring a slight improvement in the weather in some parts of eastern and northern India, rainfall has been much less than normal across the country so far. The weather for the coming times also…","Monsoon erecti: Scary praenuntiatio de monsoon, Skymet nunc hanc novam renovationem dedit. Monsoon Update: Sollicitudo et FORMIDULOSUS nuntius in lucem venit de situ ETESIA per regionem. Prohibendo levem emendationem tempestatum in quibusdam partibus Indiae orientalis et septentrionalis, pluviae tam longe minus quam normales factae sunt. Tempestas pro futuris temporibus etiam…",https://hindi.moneycontrol.com/india/monsoon-alert-skymet-august-weather-forecast-drought-risk-rainfall-deficit-india-article-2421381.html,https://images.moneycontrol.com/static-hindinews/2025/05/rains_imd.jpg,,"Monsoon Update: CNBC TV 18 
 ?
 8 10 20 
, - Skymet
 , ' ' 
 ''
 - ( ) 18 
 -
 ,",,2026-07-29 12:27:12+00:00,random,,,
79c46ea79b8170572227bfde28354d16,2026-07-13T00:19:32Z,Earthquake,भूकंप,www.aajtak.in,hi,0.9,"Im Kaschmir-Tal waren Erdbeben zu spüren, die Stärke betrug 3,6 auf der Richterskala. In den frühen Morgenstunden des Montags ereignete sich im Distrikt Baramulla in Jammu und Kaschmir ein Erdbeben der Stärke 3,6. In vielen Teilen des Kaschmir-Tals waren Erschütterungen zu spüren. Nach dem Erdbeben gegen 2 Uhr nachts verließen die Menschen vorsorglich ihre Häuser.","कश्मीर घाटी में में महसूस हुए भूकंप के झटके, रिक्टर स्केल पर 3.6 थी तीव्रता",जम्मू-कश्मीर के बारामूला जिले में सोमवार तड़के 3.6 तीव्रता का भूकंप आया. झटके कश्मीर घाटी के कई हिस्सों में महसूस किए गए. रात करीब 2 बजे आए भूकंप के बाद लोग एहतियातन घरों से बाहर निकल आए.,"Earthquake tremors felt in Kashmir Valley, intensity was 3.6 on Richter scale. An earthquake of 3.6 magnitude occurred in the Baramulla district of Jammu and Kashmir in the early hours of Monday. Tremors were felt in many parts of Kashmir Valley. After the earthquake that occurred around 2 o'clock in the night, people came out of their homes as a precaution.","Tremores terrae motus in Kashmir Valle senserunt, vehementia 3.6 in scala Richter facta est. Terrae motus 3.6 magnitudinis in regione Baramulla Jammu et Kashmir in primis horis Lunae facta est. Tremores in multis partibus Vallis Kashmir sentiebantur. Post quam terremotus factus est circa horam 2 noctis, populus de sedibus suis ad cautelam exivit.",https://www.aajtak.in/india/news/story/mild-earthquake-shakes-kashmir-valley-residents-rush-outdoors-ntc-dpmx-dskc-2599891-2026-07-13,https://akm-img-a-in.tosshub.com/aajtak/images/story/202607/6a542eaddb357-japan-earthquake-272617666-16x9.jpg,,"- . (NCS) , 3.6 . 2 10 .
 . . . , - .
 X . 4.6 . . . , - . 
EQ of M: 3.6, On: 13/07/2026 02:00:31 IST, Lat: 34.246 N, Long: 74.456 E, Depth: 10 Km, Location: Baramulla, Jammu and Kashmir.For more … [+273 chars]",,2026-07-29 21:17:20+00:00,random,,,
98ad1fc292e48a056ea44ba42a7410fc,2026-07-19T15:48:35Z,Earthquake,भूकंप पेरू,www.aajtak.in,hi,0.9,"Erdbeben der Stärke 5,5 verursacht in Peru verheerende Schäden, 5 Menschen sterben, mehr als 300 werden obdachlos. Nach dem Erdbeben in der Andenregion Perus wurden viele Gebäude beschädigt. Bei dem Unfall kamen fünf Menschen ums Leben, Hunderte Menschen mussten ihre Häuser verlassen.","पेरू में 5.5 तीव्रता के भूकंप से तबाही, 5 लोगों की मौत, 300 से ज्यादा बेघर","पेरू के एंडीज क्षेत्र में आए भूकंप के बाद कई इमारतें क्षतिग्रस्त हो गईं. हादसे में 5 लोगों की मौत हुई, जबकि सैकड़ों लोगों को अपना घर छोड़ना पड़ा.","5.5 magnitude earthquake causes devastation in Peru, 5 people dead, more than 300 homeless. Many buildings were damaged after the earthquake in the Andes region of Peru. Five people died in the accident, while hundreds of people had to leave their homes.","5.5 terrae motus vastitatem in Peruvia, 5 homines mortuos, plus quam trecentos profugos facit. Multa aedificia post terrae motum in Andis regione Peruviae laesa sunt. Quinque homines in casu mortui sunt, cum centeni homines domos suas relinquerent.",https://www.aajtak.in/world/story/peru-earthquake-kills-five-leaves-hundreds-homeless-ntc-dhrj-dskc-2604952-2026-07-19,https://akm-img-a-in.tosshub.com/aajtak/images/story/202607/6a5cf1a15cecb-earthquake-194739738-16x9.jpg,,"5.5 . 5 , 20 . 300 . . .
 (USGS) , 9 24 . 2 - . 10 . .
 , 
 , , . . , . .
 , . , . .
 , ' ' . . 2007 7.9 , 600 . .",,2026-07-29 21:17:20+00:00,usgs,Peru,SAM,South-America
36dcb5ed88f2c2027b2442c64ef67f36,2026-07-27T00:02:37Z,Earthquake,भूकंप,www.aajtak.in,hi,0.9,"Die Erde hat sich aufgrund des Erdbebens in Venezuela um bis zu 2 Fuß verschoben ... Große Enthüllung aus ISRO-NASA-Satellitendaten. Am 24. Juni ereignete sich im Norden Venezuelas ein Erdbeben der Stärke 7,2. 39 Sekunden später ereignete sich ein weiteres starkes Erdbeben der Stärke 7,5. Bei diesen Erdbeben starben mehr als 5.000 Menschen und etwa 16.700 Menschen wurden verletzt.",वेनेजुएला में भूकंप से 2 फीट तक खिसकी धरती... ISRO-NASA के सैटेलाइट डेटा से बड़ा खुलासा,"24 जून को उत्तरी वेनेजुएला में 7.2 तीव्रता का भूकंप आया था. इसके 39 सेकंड बाद 7.5 तीव्रता का एक और शक्तिशाली भूकंप आया. इन भूकंपों में 5,000 से अधिक लोगों की मौत और करीब 16,700 लोग घायल हुए थे.","Earth shifted up to 2 feet due to earthquake in Venezuela... Big revelation from ISRO-NASA satellite data. On June 24, an earthquake of 7.2 magnitude occurred in northern Venezuela. 39 seconds later another powerful earthquake of 7.5 magnitude occurred. More than 5,000 people died and about 16,700 people were injured in these earthquakes.","Terrae mota usque ad 2 pedes propter terrae motus in Venezuela ... Magna revelatio ab satellite notitia ISRO-NASA. Die 24 Iunii, terrae motus 7.2 magnitudinis in Venetiola septentrionali facta est. 39 secundis postea alius potens terrae motus 7.5 magnitudinis orta est. Plus quam 5,000 homines mortui sunt et circiter XVI 700 homines in his terrae motibus laesi sunt.",https://www.aajtak.in/science/story/isro-nasa-nisar-satellite-data-venezuela-earthquake-60-cm-ground-shift-ntc-rlch-dskc-2609655-2026-07-27,https://akm-img-a-in.tosshub.com/aajtak/images/story/202607/6a668d7f88b34-massive-earthquake-shakes-venezuela-264305852-16x9.png,,"ISRO NASA NISAR . 60 2 , .
 24 NISAR . 13 18 25 30 , .
 24 7.2 . 39 7.5 . 5,000 16,700 . , , , .
' ' (InSAR) . - . 
 NISAR ' ' .
 - , . 60 (2 ) , .
 , InSAR . NISAR , 40 . , .",,2026-07-29 21:17:20+00:00,random,,,
4ceab78eccc0a737172b83a3534ba7c4,2026-07-21T04:04:35Z,Snow&Ice,बर्फ तैरती है,hindi.moneycontrol.com,hi,0.3,"IMDs Warnung vor roter Farbe! Wetter vom 21. Juli: Starker Regen in Jammu-Kashmir und Himachal, schwere Alarmbereitschaft für diese 21 Bundesstaaten sowie UP-Delhi. Warnung vor starkem Regen in Indien: Die heftigste und gefährlichste Form des Monsuns ist im ganzen Land zu beobachten. Das India Meteorological Department (IMD) hat das Wetterbulletin für den 21. Juli veröffentlicht. Das Meteorological Department hat eine rote Farbwarnung für die hügeligen Bundesstaaten Jammu-Kashmir und Himachal Pradesh herausgegeben.…","IMD की रेड कलर वॉर्निंग! 21 जुलाई का मौसम: जम्मू-कश्मीर और हिमाचल में आफत वाली बारिश, यूपी-दिल्ली संग इन 21 राज्यों के लिए हैवी अलर्ट",India Heavy Rain Alert: देश भर में मानसून का सबसे रौद्र और खतरनाक रूप देखने को मिल रहा है। भारत मौसम विज्ञान विभाग (IMD) ने 21 जुलाई के लिए वेदर बुलेटिन जारी किया है। मौसम विभाग ने पर्वतीय राज्यों जम्मू-कश्मीर और हिमाचल प्रदेश के लिए रेड कलर वॉर्निंग जारी करत…,"IMD's red color warning! Weather of July 21: Heavy rain in Jammu-Kashmir and Himachal, heavy alert for these 21 states along with UP-Delhi. India Heavy Rain Alert: The most ferocious and dangerous form of monsoon is being seen across the country. India Meteorological Department (IMD) has released the weather bulletin for July 21. The Meteorological Department has issued a red color warning for the hilly states of Jammu-Kashmir and Himachal Pradesh.…","IMD rubicunda admonitio! Tempestas mensis Iulii XXI: Imber gravis in Jammu-Kashmir et Himachal, gravis intentus harum 21 civitatum una cum UP-Delhi. India Gravis Pluviae erecti: Ferocissima et periculosa forma ETESIA trans regionem videtur. Indiae Department Meteorologicum (IMD) tempestatem bulletin dimisit 21. Iulii Department of Meteorologicum colorem rubeum monuisse de civitatibus montanis Jammu-Kashmir et Himachal Pradesh...",https://hindi.moneycontrol.com/india/imd-red-warning-weather-for-july-21-torrential-rains-wreak-havoc-in-jammu-kashmir-and-himachal-high-alert-issued-for-up-delhi-and-21-other-states-article-2421541.html,https://images.moneycontrol.com/static-hindinews/2026/07/RAIN-DELHI-PTI.jpg,,"India Heavy Rain Alert: (IMD) 21 - , , , -, 21 - 
 :-
 2 
:-
 : - 
--: - - 2 2 
, 11 
 11 / :-
 :
: , 
, : - ( ) 
:
: - 
 :
 :
, , :
 :
 :
 8 
 8 - :-
:
 :
:
 :
 : 
- :
 :
… [+70 chars]",,2026-07-31 03:57:50+00:00,random,,,
e4c8904cd5f4b3a4f704a6edca0d8c5a,2026-07-25T14:40:14Z,Precipitation,सऊदी अरब में वर्षा,hindi.moneycontrol.com,hi,0.3,"Das Wetter von morgen, 26. Juli: Rote Farbwarnung für 2 Bundesstaaten, Orange für 3, Starkregenwarnung in diesen über 17 Bundesstaaten von Gujarat bis Bengalen. Wetter-Update für Indien: Aufgrund der Monsunaktivitäten im ganzen Land hält die Periode heftiger Regenfälle an. Das India Meteorological Department (IMD) hat sein Wetterbulletin für den 26. Juli veröffentlicht. Das Meteorological Department hat in Zentral-Maharashtra und Odisha aufgrund extrem schwerer Wetterereignisse eine rote Farbwarnung herausgegeben.","कल का मौसम 26 जुलाई: 2 राज्यों के लिए रेड कलर वॉर्निंग, 3 में ऑरेंज, गुजरात से बंगाल तक इन 17+ राज्यों में भारी बारिश का अलर्ट",India Weather Update: देश भर में मानसूनी गतिविधियों के चलते आफत की बारिश का दौर जारी है। भारत मौसम विज्ञान विभाग (IMD) ने 26 जुलाई के लिए अपना मौसम बुलेटिन जारी कर दिया है। मौसम विभाग ने मध्य महाराष्ट्र और ओडिशा में रेड कलर वॉर्निंग जारी करते हुए अत्यधिक भारी…,"Tomorrow's weather, July 26: Red color warning for 2 states, Orange for 3, heavy rain alert in these 17+ states from Gujarat to Bengal. India Weather Update: Due to monsoon activities across the country, the period of heavy rains continues. India Meteorological Department (IMD) has released its weather bulletin for July 26. The Meteorological Department has issued red color warning in Central Maharashtra and Odisha due to extremely heavy…","Cras tempestas, Iulii 26: Color ruber monitus pro 2 civitatibus, Aureum pro 3, pluviae intentus in his 17+ civitatibus a Gujarat ad Bengalam. Tempestas Renovatio Indiae: Ob actiones ETESIAE per regionem, perdurat tempus pluviarum gravium. Indiae Department Meteorologicum (IMD) suum tempestatum bulletin dimisit ad Iulii 26. Department of Meteorologicum montionem in Central Maharashtra et Odisha rubro colore emisit ob gravissimam…",https://hindi.moneycontrol.com/india/kal-ka-mausam-26-july-imd-red-alert-orange-alert-heavy-rain-17-states-article-2423134.html,https://images.moneycontrol.com/static-hindinews/2026/07/Delhi-weather-1.jpg,,"India Weather Update: (IMD) 26 , - , , 17 , - 
 26 - 
2 , 
26 -
 : - 
: 
 3 / , 
IMD - , 
 17+ 
 17 - -
 - : , , -- - - 
 : 
 : 
 : , , , 
 : 
-, 
 - IMD -, , , , , - 40 50 , , --, , … [+39 chars]",,2026-07-31 03:57:50+00:00,wmo,Saudi Arabia,ARP,Asia
5164396e40f34dcbc8ea75ac36f579b8,2026-07-26T15:51:36Z,Precipitation,मूसलाधार बारिश,hindi.moneycontrol.com,hi,0.8,"Starkes Regenwetter morgen: Rote Farbwarnung in 2 Bundesstaaten, IMD warnte vor sintflutartigen Regenfällen in diesen 23 Bundesstaaten von UP bis MP. Wetter-Update für Indien: Der Monsun hat im ganzen Land seine höchste Intensität erreicht. Das Indian Meteorological Department (IMD) hat seinen neuesten Wetterbericht für den 27. Juli veröffentlicht. Das Meteorological Department hat in Chhattisgarh und Odisha eine rote Farbwarnung herausgegeben und eine Warnung vor extrem starkem Regen herausgegeben.","कल भारी बारिश वाला मौसम: 2 राज्यों में रेड कलर वॉर्निंग, यूपी से MP तक इन 23 राज्यों में IMD ने दिया मूसलाधार, अंधड़ का अलर्ट",India Weather Update: देश भर में मानसून अपनी चरम तीव्रता पर है। भारतीय मौसम विज्ञान विभाग (IMD) ने 27 जुलाई के लिए अपना लेटेस्ट मौसम बुलेटिन जारी कर दिया है। मौसम विभाग ने छत्तीसगढ़ और ओडिशा में रेड कलर वॉर्निंग जारी करते हुए अत्यधिक भारी बारिश का अलर्ट जारी …,"Heavy rainy weather tomorrow: Red color warning in 2 states, IMD gave alert of torrential rain in these 23 states from UP to MP. India Weather Update: Monsoon is at its peak intensity across the country. The Indian Meteorological Department (IMD) has released its latest weather bulletin for July 27. The Meteorological Department has issued red color warning in Chhattisgarh and Odisha and issued an alert of extremely heavy rain.","Gravis tempestas pluviosa cras: Color ruber monitus in 2 civitatibus, IMD imbrem torrentem dedit in his 23 civitatibus ab UP ad MP. Tempestas Renovatio Indiae: Monsoon est in summo intensio per regionem. Indicum Meteorologicum Dicasterii (IMD) novissimam tempestatum bulletin dimisit in July 27. In Department Meteorologicum montionem Chhattisgarh et Odisha rubro colore edidit et pluviae gravissimae erectum edidit.",https://hindi.moneycontrol.com/india/imd-weather-update-27-july-heavy-rain-alert-red-warning-23-states-article-2423293.html,https://images.moneycontrol.com/static-hindinews/2026/07/delh-weather-update.jpg,,"India Weather Update: (IMD) 27 , , , - 23 , , 
 27 - 
2 , 
IMD 27 -
 5 / 
 5 -
 16 -
<ul><li> - : , , , </li><li> : , </li><li> : , , , , </li><li> : , </li></ul>
50-60 / -
 - 50 60 , , , , … [+46 chars]",,2026-07-31 03:57:50+00:00,random,,,
8fa6a6271c04d49438d0a8db9425269a,2026-07-23T00:14:19Z,Precipitation,भारी वर्षा,www.aajtak.in,hi,0.9,In Delhi-NCR wird die Regenzeit mit starken Regenfällen zwischen dem 26. und 28. Juli anhalten. Heute ist der Himmel in Delhi-NCR überwiegend bewölkt. In vielen Gegenden kann es zwischen Morgen und Nachmittag zu leichtem Regen kommen. Vielerorts kann es auch in der Nacht zu leichtem Regen kommen.,"दिल्ली-NCR में जारी रहेगा बारिश का दौर, 26 से 28 जुलाई के बीच भारी वर्षा",आज दिल्ली-NCR में आम तौर पर आसमान में बादल छाए रहेंगे. सुबह से दोपहर के बीच कई इलाकों में हल्की बारिश हो सकती है. रात में भी कई जगहों पर हल्की बारिश की संभावना बनी रहेगी.,"Rainy season will continue in Delhi-NCR, heavy rainfall between 26th to 28th July. Today the sky will be generally cloudy in Delhi-NCR. There may be light rain in many areas between morning and afternoon. There will be a possibility of light rain at many places even during the night.","Tempus pluvium in Delhi-NCR permanebit, pluviae gravis inter diem 26 ad diem 28 Iulii. Hodie caelum plerumque in Delhi-NCR nubilum erit. Pluviis pluviis in multis locis inter mane et meridiem potest esse. Pluribus locis etiam nocturno tempore pluviae possibilitas erit.",https://www.aajtak.in/india/delhi/story/delhi-ncr-rain-monsoon-weather-imd-mausam-ntc-amkr-dskc-2607219-2026-07-23,https://akm-img-a-in.tosshub.com/aajtak/images/story/202607/6a615c5257fa3-delhi-rain-23115770-16x9.jpg,,"-NCR . . . () , .
 . 32°C 34°C 23°C 25°C .
 , 12 18.7 . , . , . -NCR .
26 28 . .
 26 28 . 29 .
 . . 1 22 2026 307 .",,2026-07-31 03:57:50+00:00,random,,,
22253f5f0d7f8a9cd1562a84a6b52311,2026-07-23T13:10:24Z,Precipitation,मूसलाधार बारिश,hindi.moneycontrol.com,hi,0.9,"Gestern sintflutartiger Regen: Das IMD gab für drei Bundesstaaten eine rote Warnung aus und warnte auch vor Gewittern mit starkem Regen in diesen 16 Bundesstaaten. Wetter-Update vom 24. Juli: Die Monsunbewegung ist im ganzen Land weiterhin heftig. Das India Meteorological Department (IMD) hat das Wetterbulletin für den 24. Juli veröffentlicht. Das Meteorological Department hat eine rote Wettervorhersage für drei große Bundesstaaten des Landes (Ost-Rajasthan, Gujarat-Region und Zentral-Maharashtra) herausgegeben.","कल मूसलाधार बारिश: IMD ने 3 राज्यों के लिए रेड कलर वॉर्निंग दी, इन 16 राज्यों में भी हैवी बारिश संग आंधी-तूफान का अलर्ट","Weather Update 24 July: मानसून की चाल देश भर में लगातार उग्र बनी हुई है। भारत मौसम विज्ञान विभाग (IMD) ने 24 जुलाई के लिए मौसम बुलेटिन जारी कर दिया है। मौसम विभाग ने देश के 3 प्रमुख राज्यों (पूर्वी राजस्थान, गुजरात क्षेत्र और मध्य महाराष्ट्र) के लिए रेड कलर व…","Torrential rain yesterday: IMD gave red color warning for 3 states, alert of thunderstorm with heavy rain in these 16 states also. Weather Update 24 July: The movement of monsoon continues to be fierce across the country. India Meteorological Department (IMD) has released the weather bulletin for July 24. The Meteorological Department has issued red color weather forecast for 3 major states of the country (East Rajasthan, Gujarat region and Central Maharashtra).","Imbribus heri torrentibus: IMD rubens color monens III civitates, intentus nimbis pluviae in his 16 quoque civitatibus. Tempestas Renovatio 24 Iulii: Motus ETESIAE trans regionem saevire pergit. Indiae Department Meteorologicum (IMD) tempestatum bulletin dimisit 24. In Department Meteorologico tempestatis rubri coloris praenuntiationem pro 3 maioribus statibus patriae (East Rajasthan, Gujarat et Maharashtra Centralis).",https://hindi.moneycontrol.com/india/imd-weather-update-24-july-red-alert-heavy-rainfall-3-states-rain-alert-16-states-monsoon-article-2422585.html,https://images.moneycontrol.com/static-hindinews/2026/07/wethar-rain-alert.jpg,,"Weather Update 24 July: (IMD) 24 3 ( , ) , , 16 , - 
 24 
3 , 
24 - , , 
IMD 24 
 16 
 16 - 
<ul><li> - : , -- </li><li> : </li><li> : , , </li><li> : , , </li><li> : (Coastal Karnataka) </li>… [+83 chars]",,2026-07-31 03:57:50+00:00,random,,,
56bf328dc278c0019be17658062002cb,2026-07-26T02:37:35Z,Drought,ऑस्ट्रिया में सूखा,hindi.moneycontrol.com,hi,0.3,"Benzin-Diesel-Preis heute: Heute wurden neue Tarife veröffentlicht. Erfahren Sie, wie hoch der Preis in Ihrer Stadt ist. Benzin-Diesel-Preis heute: Jeder Tag beginnt nicht nur mit den Sonnenstrahlen, sondern auch mit den neuen Benzin- und Dieselpreisen, die sich direkt auf den Geldbeutel des Durchschnittsbürgers auswirken. Um 6 Uhr morgens veröffentlichen die Ölvermarktungsgesellschaften (OMCs) des Landes die neuesten Tarife, die sich auf dem internationalen Markt widerspiegeln.","Petrol Diesel Price Today: आज जारी हुए नए रेट, जानें आपके शहर में कितना है भाव","Petrol Diesel Price Today: हर दिन की शुरुआत सिर्फ सूरज की किरणों से नहीं होती, बल्कि पेट्रोल और डीजल की नई कीमतों से भी होती है, जो आम आदमी की जेब पर सीधा असर डालती हैं। सुबह 6 बजे देश की तेल विपणन कंपनियां (OMCs) ताजा दरें जारी करती हैं, जो अंतरराष्ट्रीय बाज…","Petrol Diesel Price Today: New rates released today, know what is the price in your city. Petrol Diesel Price Today: Every day starts not only with the rays of the sun, but also with the new prices of petrol and diesel, which have a direct impact on the pocket of the common man. At 6 am, the country's oil marketing companies (OMCs) release the latest rates, which are reflected in the international market.","Petrol Diesel Price Hodie: Novae rates hodie dimissae sunt, scito quid pretium in urbe tua sit. Petrol Diesel Price Hodie: Quotidie incipit non solum radiis solis, sed etiam cum novis pretiis petrol et Diesel, quae directam ictum in sinum communis hominis habent. In 6 am, societates mercatoriae oleum patriae (OMCs) emittunt recentissimas rates, quae in mercatu internationali redduntur.",https://hindi.moneycontrol.com/news/commodity/petrol-diesel-prices/petrol-diesel-price-today-27-july-2026-citywise-update-2423170.html,https://images.moneycontrol.com/static-hindinews/2026/05/Petrol-Diesel-Price-Hike.jpg,,"Petrol Diesel Price Today: , , 6 (OMCs) , - , - 
 , 
 - 
26 2026 - 
 :  102.12 |  95.20
:  111.18 |  97.83
:  113.47 |  99.82
:  107.77 |  99.55
:  102.77 |  95.44
:  102.12 |  95.56
:  110… [+305 chars]",,2026-07-31 08:13:17+00:00,edo,Austria,WCE,Europe
2bc2ff226028d3320d07d24656b79324,2026-07-29T02:15:32Z,Storm,तूफ़ान पराग्वे,hindi.moneycontrol.com,hi,0.3,"Benzin-Diesel-Preis heute: Neue Tarife für Benzin und Diesel eingeführt. Sehen Sie, wie hoch der Preis in Ihrer Stadt ist. Benzin-Diesel-Preis heute: Jeder Tag beginnt nicht nur mit den Sonnenstrahlen, sondern auch mit den neuen Benzin- und Dieselpreisen, die sich direkt auf den Geldbeutel des Durchschnittsbürgers auswirken. Um 6 Uhr morgens veröffentlichen die Ölvermarktungsgesellschaften (OMCs) des Landes die neuesten Tarife, die sich auf dem internationalen Markt widerspiegeln.","Petrol Diesel Price Today: पेट्रोल-डीजल के नए रेट लागू, देखें आपके शहर में क्या है भाव","Petrol Diesel Price Today: हर दिन की शुरुआत सिर्फ सूरज की किरणों से नहीं होती, बल्कि पेट्रोल और डीजल की नई कीमतों से भी होती है, जो आम आदमी की जेब पर सीधा असर डालती हैं। सुबह 6 बजे देश की तेल विपणन कंपनियां (OMCs) ताजा दरें जारी करती हैं, जो अंतरराष्ट्रीय बाज…","Petrol Diesel Price Today: New rates of petrol and diesel implemented, see what is the price in your city. Petrol Diesel Price Today: Every day starts not only with the rays of the sun, but also with the new prices of petrol and diesel, which have a direct impact on the pocket of the common man. At 6 am, the country's oil marketing companies (OMCs) release the latest rates, which are reflected in the international market.","Petrol Diesel Price Hodie: Novae merces petrol et Diesel implentur, vide quid pretium in urbe tua sit. Petrol Diesel Price Hodie: Quotidie incipit non solum radiis solis, sed etiam cum novis pretiis petrol et Diesel, quae directam ictum in sinum communis hominis habent. In 6 am, societates mercatoriae oleum patriae (OMCs) emittunt recentissimas rates, quae in mercatu internationali redduntur.",https://hindi.moneycontrol.com/news/commodity/petrol-diesel-prices/petrol-diesel-price-today-29-july-2026-delhi-mumbai-citywise-update-2424146.html,https://images.moneycontrol.com/static-hindinews/2026/06/Petrol-Diesel-Pump.jpg,,"Petrol Diesel Price Today: , , 6 (OMCs) , - , - 
 , 
 - 
29 2026 - 
 : 102.12 95.20 
: 111.18 97.83 
: 113.47 99.82 
: 107.77 99.55 
: 102.77 95.44 
: 102.12 95.56 
: 110.93 98.80 
: 109.9… [+263 chars]",,2026-07-31 08:13:17+00:00,wmo,Paraguay,SES,South-America
6718f4fc3ea61b62f40a46519af99416,2026-07-10T07:25:01Z,Heat Wave,गर्मी,hindi.moneycontrol.com,hi,0.9,El-Nino-Alarm 2026: Kommt es nach 9 Tagen starken Regens zu einem El-Nino-Schock? IMD hat diese Warnung herausgegeben. El Niño-Alarm 2026: Nach einem schwachen Juni in Indien feierte der Südwestmonsun Anfang Juli ein spektakuläres Comeback. Großflächige und sintflutartige Regenfälle an neun aufeinanderfolgenden Tagen im ganzen Land verschafften den Menschen große Erleichterung bei der sengenden Hitze und der Hitzewelle. Doch diese Erleichterung wird nicht lange anhalten …,El Nino Alert 2026: 9 दिनों की झमाझम बारिश के बाद क्या अब लगेगा अल नीनो का झटका! IMD ने जारी की ये चेतावनी,El Nino Alert 2026: भारत में जून के कमजोर दौर के बाद दक्षिण-पश्चिम मानसून ने जुलाई की शुरुआत में शानदार वापसी की। देश भर में लगातार 9 दिनों तक हुई व्यापक और झमाझम बारिश ने लोगों को भीषण गर्मी और हीटवेव से बड़ी राहत दी। लेकिन यह राहत ज्यादा दिनों तक टिकने वाली…,"El Nino Alert 2026: After 9 days of heavy rain, will there be an El Nino shock? IMD issued this warning. El Nino Alert 2026: After a weak June in India, the southwest monsoon made a spectacular comeback in early July. Widespread and torrential rains for 9 consecutive days across the country provided great relief to the people from the scorching heat and heatwave. But this relief will not last long…","El Nino erecti 2026: Post IX dies pluviae gravis, eritne El Nino concussa? hane monitum iMd. El Nino Alert 2026: Post debilem Iunii in India, monsoon Africus in primo Iulio spectaculum regressum fecit. Imbres latos et torrentes per VIIII dies continuos per patriam magnum hominibus ex ardore et aestu aestus levamen praebebant. Sed hoc subsidio non diuturnum…",https://hindi.moneycontrol.com/india/el-nino-alert-2026-after-9-days-of-heavy-rainfall-is-an-el-nino-shock-now-in-store-imd-issues-this-warning-to-the-farmers-article-2418544.html,https://images.moneycontrol.com/static-hindinews/2026/07/EL_NINO.jpg,,"It's over. Recovery/Wet Spell phase 1 is done. El Nino has tightened it's deadly grip over Indian Monsoon. Dry phase to kick over most parts of the country for the next 10 days, outside Bihar/Jharkha… [+150 chars]",,2026-07-31 08:13:17+00:00,random,,,
cd78b60bdcf76636f5fef7f637af590a,2026-07-21T03:11:52Z,Heat Wave,गर्मी,hindi.moneycontrol.com,hi,0.9,"Bevor es Klimaanlagen und Kühler gab, hatte Indien das natürliche Kühlsystem entdeckt, Paläste blieben selbst bei einer Hitze von 50 °C kühl. Während der sengenden Sommersaison, wenn die Temperatur 45 bis 50 Grad Celsius erreicht, sind die meisten Menschen auf Klimaanlagen, Kühler oder Ventilatoren angewiesen, um Abhilfe zu schaffen. Aber haben Sie jemals daran gedacht, dass vor Jahrhunderten, als es noch keine Einrichtungen wie Elektrizität gab, die königlichen Paläste Indiens…","AC और कूलर से पहले भारत ने खोज लिया था नेचुरल कूलिंग सिस्टम, 50°C की गर्मी में भी ठंडे रहते थे महल","भीषण गर्मी के मौसम में जब तापमान 45 से 50 डिग्री सेल्सियस तक पहुंच जाता है, तो अधिकांश लोग राहत पाने के लिए एयर कंडीशनर, कूलर या पंखों पर निर्भर हो जाते हैं। लेकिन क्या आपने कभी सोचा है कि सदियों पहले, जब बिजली जैसी कोई सुविधा मौजूद नहीं थी, तब भारत के राजमहल…","Before AC and cooler, India had discovered natural cooling system, palaces remained cool even in the heat of 50°C. During the scorching summer season when the temperature reaches 45 to 50 degrees Celsius, most people depend on air conditioners, coolers or fans to get relief. But have you ever thought that centuries ago, when no facility like electricity existed, the royal palaces of India…","Ante AC et frigidiorem India systema naturalem refrigerationis repperit, palatia etiam in calore 50°C refrigerata manserunt. In aestivo tempore urente, cum temperatura 45 ad 50 gradus Celsius pervenerit, plerique pendent ex condicionibus aeris, frigidiores vel alitanae subsidio. Sed vidistine umquam ante saecula, cum nulla facilitas similis electricitatis esset, palatia regia Indiae…",https://hindi.moneycontrol.com/trends/ancient-indina-jaali-technology-natural-cooling-system-article-2421520.html,https://images.moneycontrol.com/static-hindinews/2026/07/palace.jpg,,"45 50 , , , , , ? , (Jaali Screen)
 , , 
8
8 , 
?
 , - , , 4 5 , 
 - , 
 953 
, , , , , 
Viral Video: ' ...' ,",,2026-07-31 08:13:17+00:00,random,,,
27c349010fe5c3837175ff1c6d202093,2026-07-27T03:46:36Z,Precipitation,मूसलाधार बारिश मि,hindi.moneycontrol.com,hi,0.8,"Warnung vor starkem Regen heute: Starker Regen in 6 Bundesstaaten, darunter UP, Uttarakhand, IMD gab eine Warnung für diese 24 Bundesstaaten heraus. Warnung vor starkem Regen in Indien: Der Monsun ist im ganzen Land in heftiger Form zu beobachten. Das Indian Meteorological Department (IMD) hat den neuesten Wetterbericht für den 27. Juli veröffentlicht. Das Meteorological Department hat heute eine rote Farbwarnung für Odisha herausgegeben und die Möglichkeit extrem starker Regenfälle zum Ausdruck gebracht …","आज भारी बारिश की चेतावनी: UP, उत्तराखंड संग 6 राज्यों में मूसलाधार बरसात, IMD ने इन 24 राज्यों के लिए जारी किया अलर्ट",India Heavy Rain Alert: देश भर में मानसून का प्रचंड रूप देखने को मिल रहा है। भारतीय मौसम विज्ञान विभाग (IMD) ने 27 जुलाई के लिए ताजा वेदर बुलेटिन जारी कर दिया है। मौसम विभाग ने आज ओडिशा के लिए रेड कलर वॉर्निंग जारी करते हुए अत्यधिक भारी बारिश की आशंका जताई है…,"Heavy rain warning today: Heavy rain in 6 states including UP, Uttarakhand, IMD issued alert for these 24 states. India Heavy Rain Alert: Monsoon is being seen in severe form across the country. The Indian Meteorological Department (IMD) has released the latest weather bulletin for July 27. The Meteorological Department has issued a red color warning for Odisha today and expressed the possibility of extremely heavy rains…","Imber gravis hodie observatio: Imber gravis in 6 civitatibus in quibus UP, Uttarakhand, IMD in 24 has civitates intenti sunt. India Gravis Pluviae erecti: Monsoon in gravi forma per regionem conspicitur. Indicum Meteorologicum Indicum (IMD) novissimam tempestatem bulletin dimisit pro July 27. In Department Meteorologico rubro colore monendum pro Odisha hodie denuntiavit et possibilitatem imbribus maximis expressit.",https://hindi.moneycontrol.com/india/heavy-rain-alert-today-torrential-downpour-in-6-states-including-up-and-uttarakhand-imd-issues-alert-for-these-24-states-article-2423418.html,https://images.moneycontrol.com/static-hindinews/2026/07/RAIN_6.jpg,,"India Heavy Rain Alert: (IMD) 27 ( UP), , , , - 6 / 24 , , 
 27 - 
IMD , - 
UP 6 
 6 - 
 17 :-
 - : , , , 
 : , 
 : , , , , 
 : , 
50-60 / (Thundersquall) 
 - - 50 60 
 , , , , , - 40 50 … [+36 chars]",,2026-07-31 21:34:20+00:00,wmo,Mexico,NCA,North-America
972b5ce943146efdb3ecc78f7a9c6422,2026-07-28T09:08:36Z,Precipitation,मूसलाधार बारिश की चेतावनी,hindi.moneycontrol.com,hi,0.8,"Regen richtet in den nächsten 7 Tagen verheerende Schäden an: Starker Regenalarm in diesen über 15 Bundesstaaten von UP bis Gujarat, sintflutartiges Wetter in diesen 6 Bundesstaaten. Wetter-Update für Indien: Viele Gebiete im ganzen Land sind derzeit mit starken bis extrem starken Regenfällen konfrontiert. Unterdessen hat das Indian Meteorological Department (IMD) in seinem neuesten Wetterbulletin eine Warnung herausgegeben, dass es in den nächsten vier bis fünf Tagen im Nordwesten und in der Mitte Indiens mehr als normale Niederschläge geben wird.","अगले 7 दिन बारिश का कहर: यूपी से गुजरात तक इन 15+ राज्यों में हैवी रेन का अलर्ट, इन 6 राज्यों में तो मूसलाधार वाला मौसम",India Weather Update: देश भर के कई इलाके इस वक्त भारी से बेहद भारी बारिश से जूझ रहे हैं। इस बीच भारतीय मौसम विज्ञान विभाग (IMD) ने अपने ताजा वेदर बुलेटिन में चेतावनी जारी की है कि अगले 4 से 5 दिनों के दौरान उत्तर-पश्चिम और मध्य भारत में सामान्य से अधिक बारिश …,"Rain wreaks havoc in the next 7 days: Heavy rain alert in these 15+ states from UP to Gujarat, torrential weather in these 6 states. India Weather Update: Many areas across the country are currently facing heavy to extremely heavy rains. Meanwhile, the Indian Meteorological Department (IMD) has issued a warning in its latest weather bulletin that there will be more than normal rainfall in northwest and central India during the next 4 to 5 days.","Pluviis in dies proximos saevit: Imber gravis in his 15+ civitatibus vigilans ab UP ad Gujarat, tempestatem torrentem in his 6 civitatibus. Indiae Tempestas Renovatio: Multae regiones per regionem nunc in gravibus imbribus maxime versantur. Interea Department Meteorologicum Indicum (IMD) monuit in recentissima sua bulletin tempestatem futuram esse plus quam normales pluvias in India media inter septentrionalem et 4 proximos ad 5 dies.",https://hindi.moneycontrol.com/india/india-weather-update-rain-havoc-over-next-7-days-heavy-rains-alert-for-over-15-states-stretching-from-up-to-gujarat-weekly-weather-forecast-article-2424007.html,https://images.moneycontrol.com/static-hindinews/2026/07/RAIN_IMD_15.jpg,,"India Weather Update: (IMD) 4 5 - , , , 15 
 , , - , - 7 (28 3 ) 
 6 
IMD 6 21 :-
: 28 (50-60 / 70 / ) 
: 28 29 - 
 : 29 
: 29 30 
 : 30 
 : 31 
- : , , 
- 28 3 28 , 29-30 2-3 28 30 - 
 2… [+399 chars]",,2026-07-31 21:34:20+00:00,wmo,India,SAS,Asia
4ef3ce765b18c6cbff6a48684236ab46,2026-07-18T10:59:58Z,Tropical Cyclone,चक्रवात,hindi.moneycontrol.com,hi,0.9,"IMD-Warnung vor starkem Regen: 9 aktive Zyklonsysteme aktiv, IMD warnte vor starkem Regen in mehr als 20 Bundesstaaten, sintflutartige Regenfälle von UP bis Bihar. Wetter-Update für Indien: Das Tempo des Monsuns ist mittlerweile im ganzen Land sehr aggressiv geworden. Laut dem neuesten Wetterbulletin des India Meteorological Department (IMD) vom 18. Juli wird erwartet, dass die Monsunbedingungen in den nächsten 6 bis 7 Tagen über Nordwest-, Ost- und Nordostindien sehr aktiv sein werden.","IMD Heavy Rain Alert: 9 सक्रिय चक्रवाती सिस्टम एक्टिव, IMD ने 20+ राज्यों में भारी बारिश का अलर्ट दिया, यूपी से बिहार तक मूसलाधार","India Weather Update: देश भर में मानसून की रफ्तार अब बेहद आक्रामक हो चुकी है। भारत मौसम विज्ञान विभाग (IMD) ने 18 जुलाई को जारी ताजा वेदर बुलेटिन के मुताबिक उत्तर-पश्चिम, पूर्व और उत्तर-पूर्व भारत में अगले 6-7 दिनों के दौरान मानसून की स्थिति बेहद सक्रिय रहने …","IMD Heavy Rain Alert: 9 active cyclonic systems active, IMD gave alert of heavy rain in 20+ states, torrential rain from UP to Bihar. India Weather Update: The pace of monsoon has now become very aggressive across the country. According to the latest weather bulletin issued by the India Meteorological Department (IMD) on July 18, monsoon conditions are expected to be very active over northwest, east and north-east India during the next 6-7 days.","IMD Gravis Pluviae erecti: 9 activae systemata cyclonicae activae, IMD pluviae in viginti civitatibus intentae, pluviae torrentes ab UP ad Bihar. Tempestas Renovatio Indiae: Gradus ETESIA per regionem valde infestantibus nunc factus est. Secundum recentissimae tempestatis bulletin ab India Meteorologico Department (IMD) editae die XVIII mensis Iulii, condiciones monsoon exspectantur per dies 6-7 proximos Indiam orientalem et septentrionem-orientalem actuosissimam fore.",https://hindi.moneycontrol.com/india/d-heavy-rain-alert-9-cyclonic-systems-active-heavy-rain-warning-up-bihar-weather-update-july-2026-article-2420934.html,https://images.moneycontrol.com/static-hindinews/2026/07/wethar-rain-alert.jpg,,"India Weather Update: (IMD) 18 -, - 6-7 9 , 20 - - 7 - 
 , 
 9 
18 -
<ul><li>- : 4.5 </li><li> : - </li><li> : - </li><li> : </li><li>- : - </li><li> : - </li><li>- : - </li><li> () : </li><li> :… [+553 chars]",,2026-07-31 21:34:20+00:00,random,,,
20290f8f7edbc99427c927e3891012ad,2026-07-28T03:47:26Z,Precipitation,मूसलाधार बारिश,hindi.moneycontrol.com,hi,0.9,"Starker Regen heute: Rote Farbwarnung in 2 Bundesstaaten, IMD hat diese Warnung für mehr als 20 Bundesstaaten ausgegeben, darunter UP, Delhi, Gujarat. IMD-Warnung zu starkem Regen: Die Geschwindigkeit des Monsuns hat im ganzen Land sehr gefährliche Werte erreicht. Das Indian Meteorological Department (IMD) hat heute in seinem Wetterbulletin für den 28. Juli eine Warnung vor ausgedehnten und sintflutartigen Regenfällen herausgegeben. Nach der Prognose der Meteorologischen Abteilung, Chhattisgarh…","आज भारी बारिश का तांडव: 2 राज्यों में रेड कलर वॉर्निंग, UP, दिल्ली, गुजरात संग 20+ राज्यों के लिए IMD ने दिया ये अलर्ट",IMD Heavy Rain Alert: देश भर में मानसून की रफ्तार बेहद खतरनाक स्तर पर पहुंच गई है। भारतीय मौसम विज्ञान विभाग (IMD) ने आज 28 जुलाई के लिए जारी अपने मौसम बुलेटिन में व्यापक और मूसलाधार बारिश का अलर्ट जारी किया है। मौसम विभाग के पूर्वानुमान के मुताबिक छत्तीसगढ़ …,"Heavy rain today: Red color warning in 2 states, IMD gave this alert for 20+ states including UP, Delhi, Gujarat. IMD Heavy Rain Alert: The speed of monsoon has reached very dangerous levels across the country. The Indian Meteorological Department (IMD) has issued an alert of widespread and torrential rain in its weather bulletin for July 28 today. According to the forecast of the Meteorological Department, Chhattisgarh…","Imbribus gravibus hodie: Color ruber monitus in 2 civitatibus IMD dedit hoc intentum pro 20+ civitatibus inclusis UP, Delhi, Gujarat. IMD Gravis Pluviae erecti: Velocitas ETESIA per fines periculosos pervenit. Department (IMD) Indicum Meteorologicum (IMD) erectum pluviae latissime divulgatae et rapidae pluviae in sua tempestate bulletin edixit, pro die 28 mensis Iulii hodie. Secundum praesagio Meteorologicorum Department, Chhattisgarh…",https://hindi.moneycontrol.com/india/heavy-rain-alert-for-july-28-red-warning-for-2-states-imd-issues-alerts-for-over-20-states-including-up-delhi-and-gujarat-article-2423864.html,https://images.moneycontrol.com/static-hindinews/2026/07/RAIN_IMD.jpg,,"IMD Heavy Rain Alert: (IMD) 28 , , , 20 , -, 
 27 - 
2 
, - 
 8 / - :-
:
 :
 :
:
 :
 :
 :
 :
 , 15 - :-
 : , , , 
 : , - , , , , 
 : 
 : , , 
, 
 - , - 50 60 , , - 40 50 / 
 - Vir… [+64 chars]",,2026-07-31 21:34:20+00:00,random,,,
f17d258254bce31102158034049865e2,2026-07-02T07:53:31Z,Earthquake,भूकंप जॉर्जटाउन,hindi.moneycontrol.com,hi,0.3,"Bhaari-Regenwarnung: Die nächsten 48 Stunden werden für diese Staaten, einschließlich UP, Bihar, heftig sein! Der Monsun hat sich hier vollständig ausgebreitet, es kam diese Warnung vor starkem Regen. Bhaari-Regenwarnung: Der Monsun hat im ganzen Land sehr schnell zugenommen. Laut der neuesten Aktualisierung des Indian Meteorological Department (IMD) bedeckte der Südwestmonsun am 2. Juli ganz Uttar Pradesh. Gleichzeitig traf der Monsun auch mit fünftägiger Verzögerung in Delhi ein.","Bhaari Barish Alert: यूपी, बिहार समेत इन राज्यों के लिए अगले 48 घंटे भारी! मानसून यहां पूरा छा गया, हैवी बारिश का ये अलर्ट आया",Bhaari Barish Alert: देश भर में मानसून ने अपनी रफ्तार बेहद तेज कर दी है। भारतीय मौसम विज्ञान विभाग (IMD) के ताजा अपडेट के मुताबिक दक्षिण-पश्चिम मानसून ने 2 जुलाई को पूरे उत्तर प्रदेश को कवर कर लिया है। इसके साथ ही 5 दिन देर से ही सही मानसून ने दिल्ली में भी ए…,"Bhaari Rain Alert: Next 48 hours are heavy for these states including UP, Bihar! Monsoon has completely spread here, this alert of heavy rain came. Bhaari Rain Alert: Monsoon has increased its pace very fast across the country. According to the latest update from the Indian Meteorological Department (IMD), the southwest monsoon has covered the entire Uttar Pradesh on July 2. Along with this, even after 5 days delay, monsoon arrived in Delhi also.","Bhaari Pluviae erecti: Proxima XLVIII horae graves sunt his civitatibus quos possidet UP, Bihar! Monsoon hic penitus diffusus est, hic vigilantissimus pluviae gravis venit. Bhaari Pluviae erecti: Monsoon gressum suum valde celeriter per regionem auxit. Secundum recentissimam renovationem ab Indico Meteorologico Department (IMD) monsoon Africus totam Uttar Pradesh obtexit die 2 mensis Iulii.",https://hindi.moneycontrol.com/india/bhaari-barish-alert-imd-heavy-rain-warnings-have-been-issued-for-states-including-up-bihar-monsoon-completely-covered-region-article-2416381.html,https://images.moneycontrol.com/static-hindinews/2026/07/heavy-rain-alertimd.jpg,,"Bhaari Barish Alert: (IMD) - 2 5 48 
IMD 2 , , , , , , , 
 2 : 
, 48 :-
 : 2 
 3 : 
 3 , :-
, 
 , :-
 ( )
 () 
ISRO 
 (ISRO) INSAT-3DS - 1,500 
 - , 
 , 
 , , 
 - Monsoon arrived in D… [+31 chars]",,2026-08-01 03:58:21+00:00,usgs,Saint Helena,EAO,Atlantic Ocean
dc1c3c128075129364e9593210aa7ba0,2026-07-05T00:30:51Z,Storm,हबूब,hindi.moneycontrol.com,hi,0.3,"Heutiges Mausam, 5. Juli: Doppelter Angriff mit starkem Regen und Sturm, IMD gab für diese Staaten rote und orange Warnung aus. Der Südwestmonsun ist im ganzen Land in vollem Gange. Laut dem neuesten Bulletin des Indian Meteorological Department (IMD) verläuft die nördliche Grenze des Monsuns (NLM) derzeit durch Jamnagar, Udaipur, Ajmer, Jhunjhunu, Hisar und Bathinda. Der Monsun wird in den nächsten 4 Tagen Nordarabien erreichen …","Aaj Ka Mausam 5 July: भारी बारिश-आंधी का डबल अटैक, IMD ने इन राज्यों के लिए रेड और ऑरेंज अलर्ट जारी किया","देश भर में दक्षिण-पश्चिम मानसून अपने पूरे शबाब पर है। भारतीय मौसम विज्ञान विभाग (IMD) के ताजा बुलेटिन के मुताबिक मानसून की उत्तरी सीमा (NLM) इस समय जामनगर, उदयपुर, अजमेर, झुंझुनू, हिसार और बठिंडा से होकर गुजर रही है। अगले 4 दिनों के भीतर मानसून के उत्तरी अरब …","Today's Mausam 5 July: Double attack of heavy rain and storm, IMD issued red and orange alert for these states. The south-west monsoon is in full swing across the country. According to the latest bulletin of the Indian Meteorological Department (IMD), the Northern Limit of Monsoon (NLM) is currently passing through Jamnagar, Udaipur, Ajmer, Jhunjhunu, Hisar and Bathinda. Monsoon will reach North Arabia within the next 4 days…","Hodie Mausam 5 Iulii: Duplex impetus pluviae et tempestatis IMD rubrae et aurantiacae his civitatibus intentus edixit. Meridies-occidentalis monsoon in plena adductius congue. Secundum novissimam bulletin Department of Indicum Meteorologicum (IMD), Septentrionalium Limitum Monsoon (NLM) nunc per Jamnagar, Udaipur, Ajmer, Jhunjhunu, Hisar et Bathinda transit. ETESIA Septentrionalis Arabiae in proximos IV dies perveniet...",https://hindi.moneycontrol.com/india/aaj-ka-mausam-5-july-imd-red-orange-alert-heavy-rain-thunderstorm-weather-update-article-2416981.html,https://images.moneycontrol.com/static-hindinews/2026/07/WhatsApp-Image-2026-07-04-at-22.25.32.jpeg,,"- (IMD) (NLM) , , , , 4 , , - - - 94 3 -- - , 
 5 - -
, 
 , 5 -
5 -
- - - 
 -
40-50 / : , , , , --, , , , , , , , , , - 40 50 - 
30-40 / : - - 30 40 
 : , , , - - 
 : , 
 - , 
 - , , , , … [+88 chars]",,2026-08-01 03:58:21+00:00,random,,,
01c9c58eb195f8115db7762499a549e2,2026-07-09T02:38:49Z,Precipitation,आंधी तूफान,hindi.moneycontrol.com,hi,0.3,"Delhi-Wetter heute: Delhi-Bewohner werden auch heute keine Pause vom Regen bekommen, IMD hat gelbe Warnung ausgegeben, Angst vor Staunässe und Staus in vielen Gebieten. Delhi-Wetter heute: Heftige Monsunregen in vielen Teilen des Landes am Mittwoch (8. Juli) verschärften die Probleme der Menschen. Aufgrund der starken Regenfälle kam es vielerorts plötzlich zu überschwemmungsähnlichen Zuständen und der Straßen- und Schienenverkehr wurde stark beeinträchtigt. Eine ähnliche Situation war auch in Delhi zu beobachten.","Delhi Weather Today: दिल्लीवासियों को आज भी नहीं मिलेगी बारिश से राहत, IMD ने जारी किया येलो अलर्ट, कई इलाकों में जलभराव और ट्रैफिक जाम की आशंका",Delhi Weather Today: बुधवार (8 जुलाई) को देश के कई हिस्सों में हुई भारी मानसूनी बारिश ने लोगों की मुश्किलें बढ़ा दीं। तेज बारिश की वजह से कई जगह अचानक बाढ़ जैसे हालात बन गए और सड़क व रेल यातायात बुरी तरह प्रभावित हुआ। दिल्ली में भी ऐसे ही हालात देखने को मिले।…,"Delhi Weather Today: Delhiites will not get respite from rain even today, IMD issued yellow alert, fear of waterlogging and traffic jam in many areas. Delhi Weather Today: Heavy monsoon rains in many parts of the country on Wednesday (July 8) increased the problems of the people. Due to heavy rains, sudden flood like conditions were created at many places and road and rail traffic was badly affected. Similar situation was seen in Delhi also.","Tempestas Delhi Hodie: Delhiites a pluviis usque hodie requiem non habebit, IMD intenti flavi emiserunt, timor aquarum et mercationum in multis locis. Tempestas Delhi Hodie: Imbres graves ETESIA in multis regionibus terrae die Mercurii (VIII Iulii) difficultates hominum auxit. Ob imbribus subitum diluvium sicut condiciones multae in locis creatae sunt et via et negotiatio rails male affecta sunt. Simile visum est etiam in Delhi.",https://hindi.moneycontrol.com/india/delhi-residents-will-not-get-relief-from-the-rain-today-either-the-imd-has-issued-a-yellow-alert-article-2418092.html,https://images.moneycontrol.com/static-hindinews/2026/07/दिल्ली-बारिश.jpg,,"Delhi Weather Today:  (8 ) , (IMD) , - 
 -NCR 33 115 , - , , 
 , - , '--' 
- 
 - IMD ' ' - - , , 
, IMD  29 31 22 24   , - 10 25 , , - , 
IMD 
 , , 
 , , , , , , 
 , 10 , NH-48 , , , - 
 , … [+43 chars]",,2026-08-01 03:58:21+00:00,random,,,
91fe252e2de06a17d35a803a7e64e999,2026-07-07T12:57:26Z,Precipitation,आंधी तूफान,hindi.moneycontrol.com,hi,0.8,"Das Wetter von morgen, 8. Juli: Starker Regen in diesen 19 Bundesstaaten und Sturmalarm in 18 Bundesstaaten, IMD gab diese Warnung von Delhi an UP-Bihar heraus. Indien-Wettervorhersage für den 8. Juli: Der Südwest-Monsun hat nun im ganzen Land seine volle Stärke erreicht. Laut dem neuesten Bulletin des Indian Meteorological Department (IMD) hat der Monsun die restlichen Teile von Gujarat, Rajasthan und einige weitere Gebiete von Haryana erreicht. Maus…","कल का मौसम 8 जुलाई: इन 19 राज्यों में भारी बारिश और 18 राज्यों में आंधी-तूफान का अलर्ट, दिल्ली से यूपी-बिहार तक IMD ने जारी की ये चेतावनी","India Weather Forecast for 8th July: देश भर में दक्षिण-पश्चिम मानसून अब पूरी तरह से रफ्तार पकड़ चुका है। भारतीय मौसम विज्ञान विभाग (IMD) के ताजा बुलेटिन के मुताबिक मानसून गुजरात के बचे हुए हिस्सों, राजस्थान और हरियाणा के कुछ और इलाकों में आगे बढ़ चुका है। मौस…","Tomorrow's weather, July 8: Heavy rain in these 19 states and storm alert in 18 states, IMD issued this warning from Delhi to UP-Bihar. India Weather Forecast for 8th July: The south-west monsoon has now gained full momentum across the country. According to the latest bulletin of the Indian Meteorological Department (IMD), monsoon has advanced into the remaining parts of Gujarat, Rajasthan and some more areas of Haryana. Maus…","Cras tempestas, Iulii 8: Imber gravis in his 19 civitatibus et tempestas in 18 civitatibus vigilat, IMD denuntiatum a Delhi ad UP-Bihar. India Tempestas Weather for Die 8 Iulii: Eeses Australis-occidentalis nunc plenum momentum trans regionem adeptus est. Secundum recentissimam bulletin Department of Indicum Meteorologicum (IMD), monsoon in reliquas partes Gujarat, Rajasthan et nonnullas areas Haryanae processit. Maus…",https://hindi.moneycontrol.com/india/kal-ka-mausam-8-july-imd-heavy-rain-alert-19-states-thunderstorm-alert-delhi-up-bihar-weather-update-article-2417715.html,https://images.moneycontrol.com/static-hindinews/2026/07/india-Weather-News.jpg,,"India Weather Forecast for 8th July: - (IMD) , 2 3 , - - 8 19 18 - 
- 
 8 - - 
9 
IMD 8 9 - -
, -NCR 
8 -
 ( )
, 
--
 ()
, , 
-, (18 )
 - - :
1- 50 60 / 
 , , , 50-60 - 
2- 40 50 / 
… [+152 chars]",,2026-08-01 03:58:21+00:00,random,,,
293bc680f55c68e84380b1dd5fcffbea,2026-07-05T10:11:49Z,Storm,बवंडर,hindi.moneycontrol.com,hi,0.9,Warnung vor starkem Regen in Indien: Warnung vor starkem Regen und Tornado von Delhi bis UP-Bihar! Das IMD hat für mehr als diese 25 Staaten eine Warnung herausgegeben. IMD-Warnung zu starkem Regen: Das Tempo des Monsuns im ganzen Land nimmt jetzt zerstörerische Formen an. Das Indian Meteorological Department (IMD) veröffentlichte am 5. Juli ein Sonderbulletin und gab für mehr als 25 Bundesstaaten des Landes eine hohe Alarmstufe vor starken bis extrem starken Regenfällen und schweren Gewittern heraus. …,India Heavy Rain Alert: दिल्ली से यूपी-बिहार तक भारी बारिश और बवंडर की चेतावनी! IMD ने इन 25 से ज्यादा राज्यों के लिए जारी किया अलर्ट,IMD Heavy Rain Alert: देश भर में मानसून की रफ्तार अब विनाशकारी रूप अख्तियार कर रही है। भारतीय मौसम विज्ञान विभाग (IMD) ने 5 जुलाई को एक विशेष बुलेटिन जारी कर देश के 25 से अधिक राज्यों के लिए भारी से अत्यंत भारी बारिश और तीव्र बवंडर का हाई अलर्ट जारी किया है। …,India Heavy Rain Alert: Warning of heavy rain and tornado from Delhi to UP-Bihar! IMD issued alert for more than these 25 states. IMD Heavy Rain Alert: The pace of monsoon across the country is now taking a destructive form. The Indian Meteorological Department (IMD) issued a special bulletin on July 5 and issued a high alert of heavy to extremely heavy rainfall and severe thunderstorms for more than 25 states of the country. …,India Heavy Rain Alert: Warning of heavy rain and tornado from Delhi to UP-Bihar! IMD intenti ad plus quam haec 25 civitates editae. IMD Heavy Rain Alert: The pace of monsoon across the country is now taking a destructive form. Indicum Meteorologicum Dicasterii (IMD) specialem bulletin die 5 Iulii edidit et altam vigilantiam gravissimarum ad gravissimas pluvias et gravissimas tonitribus plus quam XXV status regionis edidit. ...,https://hindi.moneycontrol.com/india/imd-heavy-rain-alert-and-squalls-from-delhi-to-up-and-bihar-weather-forecast-for-over-25-states-article-2417111.html,https://images.moneycontrol.com/static-hindinews/2026/07/RAIN_IN_DELHI_UP.jpg,,"IMD Heavy Rain Alert: (IMD) 5 25 , - - 
 9.4 , - 3 -- , 
5 (NLM) , , , , 3 , , 
 ' '
 :-
 : 5 6 
 : 5 
 : 5 7 
- : - , 
, : 5-6 10 7 9 11 6 9 11 5 - 40-50 / ( 60 /) 
 : 5-8 5-7 8 11 9 11 9-… [+760 chars]",,2026-08-01 03:58:21+00:00,random,,,
3baaa9071c4b6bae62eb02ebf688e8a4,2026-07-06T00:32:57Z,Precipitation,मूसलाधार बारिश,hindi.moneycontrol.com,hi,0.9,"Heutiges Wetter, 6. Juli: Sintflutartiger Regen von UP bis MP, Rajasthan, Chhattisgarh, IMD warnte vor Gewitter und starkem Regen in mehr als 24 Bundesstaaten. Der Südwestmonsun hat sich vollständig über das ganze Land ausgebreitet. Nach Angaben des Indian Meteorological Department (IMD) verläuft die nördliche Grenze des Monsuns (NLM) derzeit durch Jamnagar, Udaipur, Ajmer, Jhunjhunu, Hisar und Bathinda. Innerhalb der nächsten 3 Tage über dem Nordarabischen Meer, Gujarat…","आज का मौसम 6 जुलाई: यूपी से MP, राजस्थान, छत्तीसगढ़ तक मूसलाधार बारिश, IMD ने 24+ राज्यों के आंधी-तूफान हैवी रेन का अलर्ट दिया","देश भर में दक्षिण-पश्चिम मानसून पूरी तरह से पैर पसार चुका है. भारतीय मौसम विज्ञान विभाग (IMD) के अनुसार, मानसून की उत्तरी सीमा (NLM) इस समय जामनगर, उदयपुर, अजमेर, झुंझुनू, हिसार और बठिंडा से होकर गुजर रही है. अगले 3 दिनों के भीतर उत्तरी अरब सागर, गुजरात के कु…","Today's weather, July 6: Torrential rain from UP to MP, Rajasthan, Chhattisgarh, IMD gave alert of thunderstorm and heavy rain in 24+ states. The south-west monsoon has fully spread across the country. According to the Indian Meteorological Department (IMD), the Northern Limit of Monsoon (NLM) is currently passing through Jamnagar, Udaipur, Ajmer, Jhunjhunu, Hisar and Bathinda. Within the next 3 days, over North Arabian Sea, Gujarat…","Tempestas hodierna, Iulii 6: pluviae torrentes ab UP ad MP, Rajasthan, Chhattisgarh, IMD in caelo tonitrui et pluviae graves in 24+ civitatibus dedit. Meridies-occidentalis ETESIA per regionem plene divulgata est. Secundum Department Meteorologicum Indicum (IMD), Septentrionalis limitis Monsoon (NLM) nunc per Jamnagar, Udaipur, Ajmer, Jhunjhunu, Hisar et Bathinda transit. Intra III dies proximos super Mare Arabicum Septentrionale, Gujarat...",https://hindi.moneycontrol.com/india/aaj-ka-mausam-6-july-imd-rain-alert-up-mp-rajasthan-chhattisgarh-heavy-rain-thunderstorm-article-2417179.html,https://images.moneycontrol.com/static-hindinews/2026/05/Heavy-Rain-Alert_imd.jpg,,"- . (IMD) , (NLM) , , , , . 3 , , .
 6 24 , - - . .
, . :
MP, 
 , :
, , 
 , :
 : - .
 : , .
 : , , -- , 
- : , , , , .
4 60 / () 
 . , , - 50 60 .
 -, 
 - - :
<ul><li>40-50 / : , , , ,… [+219 chars]",,2026-08-01 03:58:21+00:00,random,,,
18d9082e969e2f4b57044b1a3354c31e,2026-07-29T12:14:09Z,Precipitation,मूसलाधार बारिश की चेतावनी,hindi.moneycontrol.com,hi,0.8,"Der Wetterbericht warnt vor starkem Regen für morgen! In MP-Maharashtra wird es sintflutartige Regenfälle geben, in diesen über 20 Bundesstaaten sowie in Delhi-UP besteht Starkregenalarm. Wetter-Update-News: Der Monsun ist derzeit im ganzen Land aktiv und in vielen Gebieten kommt es zu starken bis sehr starken Regenfällen. Viele Gebiete kämpfen zudem mit Überschwemmungen. Am schlimmsten ist die Situation in Assam, wo mehrere Hunderttausend Einwohner betroffen sind und mehr als 70 Menschen gestorben sind. Mittlerweile ist das Wetter…","मौसम पूर्वानुमान में कल भारी बारिश की चेतावनी! MP-महाराष्ट्र में होगी मूसलाधार बरसात, दिल्ली-यूपी संग इन 20+ राज्यों में हैवी रेन का अलर्ट",Weather Update News: देशभर में इस वक्त मानसून सक्रिय है और कई इलाकों में भारी से बहुत भारी बारिश हो रही है। कई इलाके बाढ़ से भी जूझ रहे हैं। इसमें सबसे बुरी स्थिति असम की है जहां लाखों की आबादी प्रभावित हुई है और 70 से अधिक लोगों की मौत हो चुकी है। इस बीच मौस…,"Weather forecast warns of heavy rain tomorrow! There will be torrential rain in MP-Maharashtra, heavy rain alert in these 20+ states along with Delhi-UP. Weather Update News: Monsoon is currently active across the country and heavy to very heavy rain is occurring in many areas. Many areas are also struggling with floods. The worst situation in this is in Assam where lakhs of population have been affected and more than 70 people have died. Meanwhile the weather…","Tempestas praenuntiet cras pluviae gravis! Pluviae torrentes in MP-Maharashtra erunt, pluviae graves in his 20+ civitatibus erectae una cum Delhi-UP. Tempestas Renovatio Nuntii: Monsoon per regionem actuosa est et gravis ad pluviam gravissimam multis in locis occurrit. Multis locis etiam inundationibus conflictati sunt. Pessima condicio in hoc est in Assam ubi lakhs incolarum affectus est et plus quam 70 homines mortui sunt. Interea tempestas…",https://hindi.moneycontrol.com/india/weather-forecast-warns-of-heavy-rain-on-july-30-torrential-downpour-expected-in-mp-and-maharashtra-heavy-rain-alert-for-delhi-up-article-2424500.html,https://images.moneycontrol.com/static-hindinews/2026/07/RAIN_30_NEW.jpg,,"Weather Update News: 70 (IMD) 30 
 -, , , , 20 , 15 / 
29 24 30 
MP 
 30 - 21 , 
17 / 
30 17 - :-
 : , , , , 
 : , 
 : , , 
 : , - 
- (Heavy Rain) 
IMD - :-
 : , 
 : , , --
 : , , , 
… [+143 chars]",,2026-08-01 11:38:50+00:00,wmo,India,SAS,Asia
641b4bbb9771b08c969593860ad305da,2026-07-17T12:44:37Z,Precipitation,मूसलाधार बारिश,www.aajtak.in,hi,0.9,"Der Monsun wird mit voller Wucht regnen und warnt vor sintflutartigen Regenfällen in vielen Bezirken von UP. UP-Monsun-Update: Es besteht jede Möglichkeit, dass der Monsun in UP aktiv wird. Das Wetteramt hat in vielen Bezirken bis zum 21. Juli eine Warnung vor Gewitter, Blitzen und starkem bis sehr starkem Regen herausgegeben. In vielen Teilen des östlichen und westlichen UP besteht die Möglichkeit heftigen Regens. IMD hat genommen…","झूम कर बरसेगा मानसून,यूपी कई जिलों में मूसलाधार बारिश की चेतावनी","UP Monsoon Update: यूपी में मानसून के सक्रिय होने की पूरी संभावना है. मौसम विभाग ने 21 जुलाई तक कई जिलों में गरज-चमक, वज्रपात और भारी से बहुत भारी बारिश का अलर्ट जारी किया है. पूर्वी और पश्चिमी यूपी के कई हिस्सों में तेज बारिश होने की संभावना है. आईएमडी ने लो…","Monsoon will rain with full force, warning of torrential rain in many districts of UP. UP Monsoon Update: There is every possibility of monsoon becoming active in UP. The Meteorological Department has issued an alert of thunder, lightning and heavy to very heavy rain in many districts till July 21. There is a possibility of heavy rain in many parts of Eastern and Western UP. IMD has taken…","Monsoon plena vi pluet, monitus pluviae torrentialis in multis regionibus UP. UP Monsoon Update: Omnis possibilitas ETESIA, activa in UP. Department Meteorologicum in multis regionibus evigilavit tonitrua, fulgura et gravissima pluviae gravissima usque ad diem Iulii 21. Est possibilitas pluviae in multis partibus Orientalis et Occidentis UP. IMD capta est ...",https://www.aajtak.in/uttar-pradesh/story/up-weather-monsoon-rain-alert-up-districts-kal-ka-mausam-imd-today-forecast-lclg-rpti-2603493-2026-07-17,https://akm-img-a-in.tosshub.com/aajtak/images/story/202607/6a5a233b718f3-photo-pit-174229733-16x9.jpg,,". (IMD) , 18 21 . - . , , .
 . . , .
18 : 
 . - . . - .
19 : 
 . . , , , , , , , . , , , , , , , , , , , , , , , , , , , , , , , , , , , , , , , , , , , , , , , , , .
20 : 
 . - . .
 , . , . … [+38 chars]",,2026-08-01 11:38:50+00:00,random,,,
19ecc3a2ce2be056b98c0a47deeea310,2026-07-19T06:21:14Z,Thunderstorm,"ओलावृष्टि, पटना वैशाली सारण",hindi.moneycontrol.com,hi,0.3,"Die Situation in Jammu und Kashmir verschlechterte sich aufgrund heftiger Regenfälle, Amarnath und Vaishno Devi Yatra stoppten. Das Wetter verschlechtert sich rapide in Jammu und Kaschmir. Aufgrund des anhaltenden Regens seit den letzten 24 Stunden kommt es hier zu einer überschwemmungsähnlichen Situation. In vielen Bezirken, darunter Rajouri, Anantnag und Udhampur, kam es zu heftigen Regenfällen. Nach heftigen Regenfällen in vielen Gebieten am Samstag hat die Verwaltung…","भारी बारिश से जम्मू-कश्मीर में हालात बिगड़े, रोकी गई अमरनाथ और वैष्णो देवी यात्रा","जम्मू-कश्मीर में मौसम तेजी से खराब हो रहा है। बीते 24 घंटे से लगातार हो रही बारिश की वजह से यहां बाढ़ जैसी स्थिति बनी हुई है। राजौरी, अनंतनाग, उधमपुर समेत कई जिलों में भारी बारिश की स्थिति बनी है। वहीं कई इलाकों में शनिवार को हुई भारी बारिश के बाद प्रशासन ने …","Situation worsened in Jammu and Kashmir due to heavy rains, Amarnath and Vaishno Devi Yatra stopped. The weather is deteriorating rapidly in Jammu and Kashmir. Due to continuous rain since last 24 hours, there is a flood like situation here. There has been a situation of heavy rain in many districts including Rajouri, Anantnag, Udhampur. After heavy rains in many areas on Saturday, the administration…","Res in Jammu et Kashmir ingravescebat ob imbribus Amarnath et Vaishno Devi Yatra cessaverunt. Tempestas in Jammu et Kashmir praecipitans corrumpitur. Ob pluviam continuam cum proximis 24 horis, diluvium simile hic est. Status pluviae gravis in multis regionibus Rajouri, Anantnag, Udhampur fuit. Post imbres in multis locis die Sabbati, administratio…",https://hindi.moneycontrol.com/india/jammu-kashmir-rajauri-poonch-rains-force-cm-abdullah-takes-stock-as-rescue-ops-underway-article-2421037.html,https://images.moneycontrol.com/static-hindinews/2026/07/Jammu-and-Kashmir-flood-n.jpg,,,,2026-08-02 11:39:17+00:00,wmo,India,SAS,Asia
27a7c4ea001496ecdb1a353d5bdfb4b1,2026-07-13T03:52:43Z,Precipitation,मूसलाधार बारिश की चेतावनी,hindi.moneycontrol.com,hi,0.8,"Warnung des IMD am 13. Juli: Starkregenwarnung in diesen 13 Bundesstaaten, sintflutartiger Regen in Bihar-Bengalen, das Wetter wird von Delhi bis UP so sein. Wetter in Indien heute, 13. Juli: Der Monsun ist in vielen Teilen des Landes voll aktiv und in vielen Bundesstaaten haben sich Wolken gebildet. Das Indian Meteorological Department (IMD) hat den neuesten Wetterbericht für den 13. Juli veröffentlicht. Nach Angaben des Meteorological Department sind Nordost-Bihar, Süd…","IMD की चेतावनी 13 जुलाई: इन 13 राज्यों में भारी बारिश का अलर्ट, बिहार-बंगाल में मूसलाधार बरसात, दिल्ली से यूपी तक ऐसा रहेगा मौसम","India Weather Today 13 July: देश के कई हिस्सों में मानसून पूरी तरह से सक्रिय है और कई राज्यों में बादलों ने डेरा डाल रखा है। भारतीय मौसम विज्ञान विभाग (IMD) ने 13 जुलाई के लिए मौसम का ताजा बुलेटिन जारी कर दिया है। मौसम विभाग के मुताबिक उत्तर-पूर्वी बिहार, दक्…","IMD's warning on July 13: Heavy rain alert in these 13 states, torrential rain in Bihar-Bengal, weather will be like this from Delhi to UP. India Weather Today 13 July: Monsoon is fully active in many parts of the country and clouds have camped in many states. The Indian Meteorological Department (IMD) has released the latest weather bulletin for July 13. According to the Meteorological Department, North-Eastern Bihar, South…","IMD monitionem in die Iulii 13: Imber gravis in his 13 civitatibus vigilans, pluviae torrentiae in Bihar-Bengal, tempestas haec a Delhi usque ad UP erit. India Tempestas Hodie 13 Iulii: Monsoon est plene active in multis regionibus et nubes in multis civitatibus castrametati sunt. Indicum Meteorologicum Indicum (IMD) recentissimae tempestatis bulletin pro Iulio 13. Secundum Meteorologicum Department, North-Orientale Bihar, Australe…",https://hindi.moneycontrol.com/india/heavy-rain-alert-for-these-13-states-on-july-13-torrential-downpour-in-bihar-and-bengal-here-is-the-weather-outlook-from-delhi-to-up-article-2419146.html,https://images.moneycontrol.com/static-hindinews/2026/07/Rin.jpg,,"India Weather Today 13 July: (IMD) 13 - , - - , , 13 - 
 - :
, - :
- 
 , :
-, 
 - - -- - 40 50 , , , - - 30 40 / 
, , , , , , , - - 
 - 
 , - , 
 : 
 - -, - , - 45-55 / 65 / 40-50 / , 60 /… [+42 chars]",,2026-08-02 11:39:17+00:00,wmo,India,SAS,Asia
7671582b356dee0ccaf0e72090898d9b,2026-07-15T09:19:28Z,Tropical Cyclone,चक्रवात,hindi.moneycontrol.com,hi,0.9,Mausam-Update: Das Wetter änderte sich aufgrund von 6 aktiven Zyklonsystemen. Das IMD warnte vor starkem Regen und Gewitter in diesen über 16 Bundesstaaten sowie in UP-Bihar. Wetter-Update für Indien: Das Tempo des Monsuns ist im ganzen Land erneut sehr aggressiv geworden. Das India Meteorological Department (IMD) hat in seinem neuesten wöchentlichen Bulletin vom 15. Juli eine neue Warnung zum Wetter des Landes herausgegeben. Laut Meteorologen sind derzeit verschiedene Teile des Landes…,"Mausam Update: 6 एक्टिव चक्रवाती सिस्टम से मौसम बदला, IMD ने यूपी-बिहार संग इन 16+ राज्यों में जारी किया भारी बारिश, आंधी-तूफान का अलर्ट",India Weather Update: देश भर में मानसून की रफ्तार एक बार फिर बेहद आक्रामक हो गई है। भारत मौसम विज्ञान विभाग (IMD) ने 15 जुलाई को जारी अपने ताजा साप्ताहिक बुलेटिन में देश के मौसम को लेकर नया अलर्ट जारी किया है। मौसम वैज्ञानिकों के मुताबिक इस समय देश के अलग-अलग…,"Mausam Update: Weather changed due to 6 active cyclonic systems, IMD issued alert of heavy rain, thunderstorm in these 16+ states along with UP-Bihar. India Weather Update: The pace of monsoon has once again become very aggressive across the country. India Meteorological Department (IMD) has issued a new alert regarding the weather of the country in its latest weekly bulletin released on July 15. According to meteorologists, at this time different parts of the country…","Mausam Renovatio: Tempestas mutata propter 6 activos systemata cyclonicas, IMD intenta pluviae, procellae in his 16+ civitatibus una cum UP-Bihar edita sunt. Tempestas Renovatio Indiae: Gradus ETESIA per regionem rursus infestissimus factus est. Indiae Department Meteorologicum (IMD) novum intentum de regione tempestatis in novissima septimanali bulletin emisit die 15 mensis Iulii. Secundum meteorologos, hoc tempore diversae regionis partes.",https://hindi.moneycontrol.com/india/weather-shifts-due-to-six-active-cyclonic-systems-imd-issues-heavy-rain-and-thunderstorm-alerts-for-up-bihar-and-over-16-other-states-article-2419951.html,https://images.moneycontrol.com/static-hindinews/2026/07/up-rain-alert.jpg,,"India Weather Update: (IMD) 15 - - 6 , , 16 7 , 60 / - , , - 7 - 5 
 6 (15 21 ) 
 6 (Meteorological Analysis)
: 15 - , 2 - 
 : - 
- : - 
 : - 
 : 19 - 
 : , 
 : (15-21 )
1- - (UP, , , )
 ,… [+734 chars]",,2026-08-02 11:39:17+00:00,random,,,
d9b2f1b6a18570858ca46efdc6d48e47,2026-07-16T03:49:44Z,Tropical Cyclone,चक्रवात,hindi.moneycontrol.com,hi,0.9,"Rote Warnung vor starkem Regen: IMD hat in diesen 16 Bundesstaaten vor starkem Regen gewarnt, aber keine Erleichterung für Delhi-UP! Diese 6 Zyklonsysteme sind aktiv. Wetter-Update für Indien: Das India Meteorological Department (IMD) hat sein Wetterbulletin zum Wetter des Landes veröffentlicht. Nach den neuesten Schätzungen des Meteorologischen Amtes sind in verschiedenen Teilen des Landes 1 Tiefdruckgebiet und 6 große Zyklonzirkulationen aktiv. In …",हैवी रेन की रेड वॉर्निंग: IMD ने इन 16 राज्यों में भयंकर बारिश का अलर्ट दिया पर दिल्ली-यूपी को राहत नहीं! ये 6 चक्रवाती सिस्टम एक्टिव,India Weather Update: भारत मौसम विज्ञान विभाग (IMD) ने देश के मौसम को लेकर अपना वेदर बुलेटिन जारी किया है। मौसम विभाग के ताजा अनुमान के मुताबिक देश के अलग-अलग हिस्सों में 1 कम दबाव का क्षेत्र और 6 बड़े चक्रवाती परिसंचरण (Cyclonic Circulations) एक्टिव हैं। इन …,"Red warning of heavy rain: IMD gave alert of severe rain in these 16 states but no relief for Delhi-UP! These 6 cyclonic systems are active. India Weather Update: India Meteorological Department (IMD) has released its weather bulletin regarding the weather of the country. According to the latest estimates of the Meteorological Department, 1 low pressure area and 6 major cyclonic circulations are active in different parts of the country. in …","Ruber monitus pluviae gravis: IMD pluviam gravem in his 16 civitatibus excitavit, sed nullum remedium pro Delhi-UP! Hae 6 systemata cyclonica activa sunt. Indiae Tempestas Update: India Meteorologica Department (IMD) tempestatem bulletin de tempestate regionis dimisit. Secundum recentissimas aestimationes Department of Meteorologicae, 1 humilitas pressionis area et 6 circulationes maiores cyclonicae activae sunt in diversis nationis partibus. in ...",https://hindi.moneycontrol.com/india/the-imd-has-issued-an-alert-for-heavy-rainfall-across-16-states-yet-there-is-no-relief-for-delhi-and-up-six-cyclonic-systems-are-currently-active-article-2420162.html,https://images.moneycontrol.com/static-hindinews/2026/07/हैवी-रेन.jpg,,"India Weather Update: (IMD) - 1 6 (Cyclonic Circulations) 16 - , 
6 
 , :
 ( ): - 716 12 - 
6 
- - 0.9 
 1.5 
 5.8 
 - 3.1 
 (1.5 ) - (3.1 ) 
 : , , , , , 19 - 
 16 
 - - 
 12 / - -
-, … [+176 chars]",,2026-08-02 11:39:17+00:00,random,,,
249af31364f208bfa73064962cd96e41,2026-07-16T09:33:24Z,Tropical Cyclone,चक्रवात,hindi.moneycontrol.com,hi,0.9,"Warnung des IMD: Starker Regen in diesen Staaten, einschließlich UP für 7 Tage, 3 aktive Zyklonsysteme und neue westliche Unruhen in 72 Stunden werden die Probleme ebenfalls verstärken! Wetter-Update für Indien: Das India Meteorological Department (IMD) hat eine große und umfassende wöchentliche Vorhersage zum Wetter des Landes veröffentlicht. Laut dem neuesten Bulletin der Meteorologischen Abteilung hat sich im Golf von Bengalen und im Land ein sehr starkes, gut ausgeprägtes Tiefdruckgebiet gebildet.","IMD की चेतावनी: 7 दिन यूपी समेत इन राज्यों में भारी बारिश, 3 चक्रवाती सिस्टम एक्टिव और 72 घंटों में नया वेस्टर्न डिस्टर्बेंस भी बढ़ाएगा आफत!",India Weather Update: भारत मौसम विज्ञान विभाग (IMD) ने देश के मौसम को लेकर एक बड़ा और व्यापक साप्ताहिक पूर्वानुमान जारी किया है। मौसम विभाग के ताजा बुलेटिन के मुताबिक बंगाल की खाड़ी में बने एक बेहद मजबूत वेल-मार्कड लो-प्रेशर एरिया (कम दबाव का क्षेत्र) और देश …,"IMD's warning: Heavy rain in these states including UP for 7 days, 3 cyclonic systems active and new western disturbance in 72 hours will also increase the trouble! India Weather Update: India Meteorological Department (IMD) has released a big and comprehensive weekly forecast regarding the weather of the country. According to the latest bulletin of the Meteorological Department, a very strong well-marked low-pressure area has formed in the Bay of Bengal and the country…","Monitum IMD: Imber gravis in his statibus inclusis UP per 7 dies, 3 systemata cyclonicae activae et novae commotionis occidentalis in 72 horis, etiam molestiam augebit! Indiae Tempestas Renovatio: India Meteorologica Department (IMD) magnum et comprehensum septimanatim praenuntiationem de tempestate regionis dimisit. Secundum recentissimam bulletin Department of Meteorologicae, area validissima notata humilitatis pressura in Sinum Bengalae et regionem... formavit.",https://hindi.moneycontrol.com/india/weather-update-imd-heavy-rain-alert-over-the-next-7-days-in-states-including-up-bihar-delhi-three-cyclonic-systems-active-article-2420327.html,https://images.moneycontrol.com/static-hindinews/2026/07/IMD-Heavy-Rain-Alert_16.jpg,,"India Weather Update: (IMD) - - ( ) 3 (Cyclonic Circulations) 7 - , 
 72 (19 ) - (Western Disturbance) 3 - 7 - 
 (16 22 ) 
:-
- - : - 2 - - 
 3 - - - 19 - 
 (16-22 )
- (, , , )
 16-17 18 22 1… [+465 chars]",,2026-08-02 11:39:17+00:00,random,,,
d8ca39ef5ab88091147fa3f118b4470b,2026-07-17T09:06:35Z,Tropical Cyclone,चक्रवात,hindi.moneycontrol.com,hi,0.9,"Die nächsten 7 Tage sind schwer aufgrund der Aktivierung von 5 Zyklonsystemen! Das IMD warnte vor sintflutartigen Regenfällen in diesen Bundesstaaten, darunter UP-Bihar, Uttarakhand. Indien-Wetterwarnung: Der Monsun hat im ganzen Land begonnen, seine heftige Form zu zeigen. Laut dem neuesten Bulletin des India Meteorological Department (IMD) sind derzeit fünf große Zyklonsysteme und Wettersysteme in verschiedenen Teilen des Landes aktiv. Aufgrund ihrer kombinierten Wirkung als nächstes…","5 चक्रवाती सिस्टम एक्टिव होने से अगले 7 दिन भारी! IMD ने यूपी-बिहार, उत्तराखंड समेत इन राज्यों में मूसलाधार बारिश का अलर्ट दिया",India Weather Alert: देश भर में मानसून ने अपना रौद्र रूप दिखाना शुरू कर दिया है। भारत मौसम विज्ञान विभाग (IMD) के ताजा बुलेटिन के मुताबिक इस समय देश के अलग-अलग हिस्सों में 5 बड़े चक्रवाती सिस्टम और वेदर प्रणालियां सक्रिय हैं। इनके संयुक्त प्रभाव के कारण अगले …,"Next 7 days heavy due to activation of 5 cyclonic systems! IMD gave alert of torrential rain in these states including UP-Bihar, Uttarakhand. India Weather Alert: Monsoon has started showing its fierce form across the country. According to the latest bulletin of India Meteorological Department (IMD), currently 5 major cyclonic systems and weather systems are active in different parts of the country. Due to their combined effect next…","Proximos 7 dies graves propter activationem systematum cyclonicarum 5! IMD pluviam rapidam in his civitatibus incluso UP-Bihar, Uttarakhand intentam dedit. India Tempestas erecti: Monsoon incepit saevitiam suam per regionem ostendere. Secundum recentissimum bulletin Indiae Department meteorologicum (IMD), nunc 5 maioris systematis cyclonici et systemata tempestatum in diversis partibus regionis activae sunt. Ob eorum coniunctos effectus proximus…",https://hindi.moneycontrol.com/india/with-five-active-cyclonic-systems-the-imd-has-issued-an-alert-for-torrential-rain-in-states-including-up-bihar-and-uttarakhand-article-2420646.html,https://images.moneycontrol.com/static-hindinews/2026/07/IMD.jpg,,"India Weather Alert: (IMD) - 5 7 , , , 7 , 
 5 ?
 , '- - ' - 17 , 24 - 
(Cyclonic Circulation) , - 
 (17-19 )
 17 - - 17 20 18 19 - 18 20 
 7 
- ( , )
 17-18 17 19 23 18 23 19 21 20 22 18 , 2… [+451 chars]",,2026-08-02 11:39:17+00:00,random,,,
ee18210c539a445b1ce3e490c6fa9c39,2026-07-26T05:55:58Z,Heat Wave,हीट वेव ब्रिग नॉर्डलिचेस सिंपलॉन्गबीट,www.aajtak.in,hi,0.3,"Lesen Sie die großen Nachrichten und andere Nachrichten vom Morgen des 26. Juli 2026. Nach dem Rücktritt von Dharmendra Pradhan wurde die Verantwortung des Bildungsministeriums nun an Prahlad Joshi übergeben. Auf Anraten des Premierministers hat der Präsident zugestimmt, ihm zusätzliche Verantwortung für das Bildungsministerium zu übertragen. Bei den jüngsten Protesten in Delhi wurden Straßen aus Sicherheitsgründen gesperrt.",पढ़ें 26 जुलाई 2026 की सुबह की बड़ी खबरें और अन्य समाचार,धर्मेंद्र प्रधान के इस्तीफे के बाद शिक्षा मंत्रालय की ज़िम्मेदारी अब प्रह्लाद जोशी को सौंप दी गई है. राष्ट्रपति ने PM की सलाह पर उन्हें शिक्षा मंत्रालय का अतिरिक्त प्रभार देने की मंजूरी दी है. दिल्ली में हालिया प्रदर्शन के दौरान सुरक्षा कारणों से बंद किए गए स…,"Read the big news and other news of the morning of 26th July 2026. After the resignation of Dharmendra Pradhan, the responsibility of the Education Ministry has now been handed over to Prahlad Joshi. On the advice of the PM, the President has approved giving him additional charge of the Education Ministry. During the recent protests in Delhi, roads were closed due to security reasons.","Magnum nuntium legite et aliud nuntium mane diei 26 Iulii 2026. Post renuntiationem Dharmendra Pradhan, munus Educationis Ministerii Prahlad Joshi nunc traditum est. De consilio PM, Praeses approbavit ei insuper curam Ministerii Educationis dare. Per recentes protestationes in Delhi, viae ob rationes securitatis clausae sunt.",https://www.aajtak.in/india/news/story/aaj-ki-taza-khabar-26-july-2026-morning-top-news-headlines-ntc-ntyv-rpti-2609225-2026-07-26,https://akm-img-a-in.tosshub.com/aajtak/images/story/202607/6a65a1526ec4c-pralhad-joshi-265524849-16x9.jpg,,". PM .  . . ,  . ...
 , , - ?
 . PM . , .
 , 4 
 . DMRC . 4 18 .
 14 , NEET 
 . , 14 . .
 ! PM , 
 PM CM . PM , . 62 7.05 .
 ! , IMD ' '
 . , , . 24 73 , '' .
 90 , , 
 T20 90 . 2-0 . 219… [+90 chars]",,2026-08-02 16:27:43+00:00,wmo,Switzerland,WCE,Europe
604dbf4cd53a5d1ab230b54a05df68de,2026-07-06T06:25:44Z,ice jam,बाढ़,www.aajtak.in,hi,0.9,"Überschwemmungen auf Straßen, Erdrutsche und Überschwemmungen... Natürliche Verwüstung durch Regen von Mumbai-Gujarat nach MP, Fotos. Überschwemmungen aufgrund von Regenfällen: In vielen Teilen des Landes, darunter Mumbai, Gujarat, Odisha und Madhya Pradesh, stehen Flüsse aufgrund anhaltender starker Regenfälle unter Hochwasser. Monsunregen sind in so heftiger Form sichtbar, dass die Straßen zu Flüssen geworden sind. Häuser und Geschäfte wurden mit Regenwasser überschwemmt. Bahngleise an vielen Stellen…","सड़कों पर सैलाब, लैंडस्लाइड और बाढ़... बारिश से मुंबई-गुजरात से MP तक कुदरती तबाही, Photos","Flood dua to Rains: मुंबई, गुजरात, ओडिशा और मध्य प्रदेश समेत देश के कई हिस्सों में लगातार भारी बारिश से नदियां उफान पर हैं. मॉनसून की बारिश का ऐसा रौद्र रूप दिखाई दे रहा है सड़कें दरिया बन गई हैं. घरों-दुकानों में बारिश का पानी भर गया है. कई जगहों पर रेलवे ट्…","Inundation on roads, landslides and floods... Natural devastation due to rain from Mumbai-Gujarat to MP, Photos. Flood due to Rains: Rivers are in spate due to continuous heavy rains in many parts of the country including Mumbai, Gujarat, Odisha and Madhya Pradesh. Monsoon rains are visible in such a ferocious form that the roads have become rivers. Houses and shops have been flooded with rain water. Railway tracks at many places…","Inundatio viarum, ruinarum et inundationum... Devastatio naturalis propter pluvias a Mumbai-Gujarat usque ad MP, Photos. Diluvium ob pluvias: flumina ob imbribus continuis obductis sunt in multis partibus terrae Mumbai, Gujarat, Odisha et Madhya Pradesh. ETESIA pluviae tam feroci forma apparent ut viae flumina facta sint. Domus et tabernae aqua pluvia inundatae sunt. Railway vestigia in multis locis…",https://www.aajtak.in/india/news/photo/heavy-rainfall-rivers-obverflow-streets-submerged-in-floods-india-monsoom-rain-havoc-mumbai-odisha-to-mp-gujarat-imd-weather-forecast-szlbs-2594825-2026-07-06,https://akm-img-a-in.tosshub.com/aajtak/images/photo_gallery/202607/6a4b4a5cb4977-flood-like-situation-in-many-states-due-to-heavy-monsoon-rain-photo--itg-062527120-16x9.jpg,,". , , . . 19 . . 24 32 164 . , , , , , . , . 17 .",,2026-08-02 16:27:43+00:00,random,,,
bf5209af14e0ec813db21618ee04e6d4,2026-07-07T09:34:27Z,ice jam,बाढ़,www.aajtak.in,hi,0.9,"Warum fließt das Regenwasser in Mumbai am Meeresufer nicht ab? Warum fließt trotz heftiger Regenfälle im an der Meeresküste gelegenen Mumbai kein Wasser ab? Warum kommt es zu Überschwemmungen? Sind BMC, alte Entwässerungssysteme, Klimawandel und El Niño die Gründe dafür?",समंदर किनारे बसे मुंबई में बारिश का पानी क्यों नहीं निकलता?,"समुद्र किनारे बसे मुंबई में भारी बारिश के बावजूद पानी क्यों नहीं निकलता? बाढ़ क्यों आ जाती है? क्या BMC, पुराना ड्रेनेज सिस्टम, क्लाइमेट चेंज और अल-नीनो इसके पीछे की वजह हैं.","Why does rain water not drain out in Mumbai situated on the sea shore? Why does water not flow out despite heavy rains in Mumbai, situated on the sea coast? Why do floods occur? Are BMC, old drainage system, climate change and El Nino the reasons behind this?","Cur aqua pluviae in Mumbai in litore maris sita non exhaurit? Cur in Mumbai maritima ora sitae aquae non obstante imbribus fluunt? Quid inundationes fiunt? Suntne BMC, ratio vetus INCILE, mutatio climatis et rationes post hoc El Nino?",https://www.aajtak.in/science/photo/mumbai-located-on-the-seashore-why-does-not-the-rainwater-drain-out-2595944-2026-07-07,https://akm-img-a-in.tosshub.com/aajtak/images/photo_gallery/202607/6a4cc5dfc00dc-mumbai-rain-flood-monsoon-072442315-16x9.jpg,,", . . . . . ? ( ) ? Photo: PTI
. . . . , . Photo: PTI
- . . . . Photo: PTI
. 19 20 . 10-15 , 2 . , . Photo: PTI
- . , . . . . Photo: PTI
, . . . . Photo: PTI
. , . . . Photo: PTI
. , . . . Pho… [+189 chars]",,2026-08-02 16:27:43+00:00,random,,,
aa3a2355919d982db9091fd256711c61,2026-07-09T04:54:38Z,ice jam,बाढ़,www.aajtak.in,hi,0.9,"Hochwasser drang in die HPCL-Anlage ein, 3.000 Zylinder wurden weggeschwemmt. Bei heftigen Regenfällen in Raigarh, Maharashtra, wurde eine große Anzahl von LPG-Gasflaschen im Fluss Patalganga fließen sehen. Nach vorläufigen Angaben wurden etwa 3000 Flaschen durch die starke Strömung weggeschwemmt. Nach dem Vorfall appellierte die Verwaltung an die Bevölkerung, sich von den im Fluss gefundenen Zylindern fernzuhalten …","HPCL प्लांट में घुसा बाढ़ का पानी, बहे 3,000 सिलेंडर!","महाराष्ट्र के रायगढ़ में भारी बारिश के बीच पातालगंगा नदी में बड़ी संख्या में एलपीजी गैस सिलेंडर बहते दिखाई दिए. प्रारंभिक जानकारी के अनुसार, करीब 3000 सिलेंडर तेज बहाव में बह गए. घटना के बाद प्रशासन ने लोगों से नदी में मिले सिलेंडरों से दूर रहने की अपील की है…","Flood water entered HPCL plant, 3,000 cylinders washed away. A large number of LPG gas cylinders were seen flowing in the Patalganga river amid heavy rains in Raigarh, Maharashtra. According to preliminary information, about 3000 cylinders were washed away in the strong current. After the incident, the administration has appealed to the people to stay away from the cylinders found in the river…","Aqua diluvii HPCL plantam intravit, 3,000 cylindrici abluerunt. Magnus numerus cylindrorum LPG gasorum in Patalganga fluvio inter graves pluvias in Raigarh, Maharashtra fluentes visi sunt. Secundum informationes praevias circiter 3000 cylindrorum in valido cursu abluti sunt. Post rem, administratio populum appellavit ut a cylindris in flumine repertis abesset.",https://www.aajtak.in/short-videos/video/raigad-lpg-cylinders-washed-away-heavy-rainfall-patalganga-river-hpcl-plant-maharashtra-monsoon-mmta-2597356-2026-07-09,https://akm-img-a-in.tosshub.com/aajtak/images/video/202607/6a4f29806edc9-raigad-lpg-cylinders-095418360-16x9.jpg,,"Please rotate your device
 . .",,2026-08-02 16:27:43+00:00,random,,,
b978ed0158e5b985bcf2c80f7a182f30,2026-07-10T09:57:24Z,ice jam,बाढ़,www.aajtak.in,hi,0.9,"Schlechter Zustand von Gujarat aufgrund von Überschwemmung und Regen, Verlust in Höhe von Millionen. Die Situation hat sich aufgrund heftiger Regenfälle und Überschwemmungen in Surat, Gujarat, verschlechtert. Neue Ausstellungsräume, Reparatur- und Gebrauchtmobilläden gingen verloren, was zu Verlusten in Millionenhöhe führte. In diesem Zentrum gibt es etwa 200 Geschäfte. Einige dieser Geschäfte hatten Waren im Wert von nur 1 Lakh Rupien, während andere Waren im Wert von 50 Lakh Rupien hatten …","बाढ़-बारिश से गुजरात का बुरा हाल, करोड़ों का नुकसान","गुजरात के सूरत में भारी बारिश और बाढ़ से हालात बिगड़ गए हैं. नए शोरूम, रिपेयरिंग और सेकंड हैंड मोबाइल की दुकानें डूब गई जिससे करोड़ों का नुकसान हुई है. इस हब में करीब 200 दुकानें हैं. इनमें से कुछ दुकानों का माल केवल 1 लाख रुपये का था जबकि कुछ का 50 लाख रुपये…","Bad condition of Gujarat due to flood and rain, loss worth crores. The situation has worsened due to heavy rains and floods in Surat, Gujarat. New showrooms, repairing and second hand mobile shops drowned, causing losses worth crores. There are about 200 shops in this hub. Some of these shops had goods worth only Rs 1 lakh while some had goods worth Rs 50 lakh…","Mala conditio Gujarat ob inundationem et pluviam, damnum valet crores. Status imbribus et diluviis in Surat, Gujarat ob peioravit. Novae showrooms, reficiendae et secundae manus tabernae mobiles submersae sunt, damna operae crores efficiunt. Circiter 200 tabernae in hoc centrum sunt. Quidam ex his shops cum bonis tantum pretium Rs I lakh cum quibusdam bonis habuit pretium Rs L lakh ...",https://www.aajtak.in/short-videos/video/gujarats-largest-mobile-hub-suffers-losses-up-to-250-crore-ytvd-2598031-2026-07-10,https://akm-img-a-in.tosshub.com/aajtak/images/video/202607/10_jul_26_shorts_surat_byte_poster.0000000-original.jpg,,"Please rotate your device
 . .",,2026-08-02 16:27:43+00:00,random,,,
61c227c8875e8f782bbf089843213842,2026-07-15T07:00:32Z,ice jam,बाढ़,www.aajtak.in,hi,0.9,"6 Bezirke in Assam von Überschwemmungen umgeben, 37.000 Menschen betroffen, Schienen- und Straßenverkehr unterbrochen. Die Überschwemmungssituation in Assam hat sich am Dienstag weiter verschärft, wodurch die Zahl der Todesopfer auf vier gestiegen ist. Die Zahl der vom Hochwasser betroffenen Menschen hat sich in sechs Bezirken des Bundesstaates fast vervierfacht und liegt nun bei über 37.000.","असम में 6 जिले बाढ़ में घिरे, 37 हजार लोग प्रभावित, रेल-रोड सेवाएं बाधित","असम में बाढ़ की स्थिति मंगलवार को और ज्यादा बिगड़ गई है, जिससे मरने वालों का आंकड़ा बढ़कर चार हो गया है. राज्य के छह जिलों में बाढ़ का पानी भर जाने से प्रभावित लोगों की संख्या लगभग चार गुना बढ़कर 37,000 से ज्यादा हो गई है.","6 districts in Assam surrounded by floods, 37 thousand people affected, rail-road services disrupted. The flood situation in Assam has worsened further on Tuesday, due to which the death toll has increased to four. The number of people affected by flood water in six districts of the state has increased almost four times to more than 37,000.","VI Pagi in Assam inundationibus cincti, XXXVII milia hominum affecta, officia in viam ferriviariam dissipaverunt. Diluvium in Assam situm amplius die Martis ingravescebat, propter quam mortis vectigal usque ad quattuor crevit. Numerus hominum aquae diluvii in sex regionibus civitatis affectus paene quater usque ad plus quam 37,000 crevit.",https://www.aajtak.in/india/news/story/assam-flood-water-entered-many-districts-thousands-people-affected-dead-ntc-ntyv-rpti-2601593-2026-07-15,https://akm-img-a-in.tosshub.com/aajtak/images/story/202607/6a5716a54531a-assam-flood-151159578-16x9.jpg,,", 37,000 . - , , , , . 
 , . 37 .
(ASDMA) , . . , .
99 
ASDMA 6 . , , , , . 12 99 .
, 35,696 . 37,032 , 9,600 . 1,103.94 .
, . , 16,139 . .
20 
(ASDMA) . 20 . (SDRF) 24 16 .",,2026-08-02 16:27:43+00:00,random,,,
234c854f701c1a9e259c9d4c625ac6bf,2026-07-21T08:37:57Z,ice jam,बाढ़,www.aajtak.in,hi,0.9,"Beobachten Sie die verheerende Flutkatastrophe in Assam, bei der alles, von Häusern über Brücken bis hin zu Eisenbahnschienen, unter Wasser stand. Es gibt Aufschrei wegen der Überschwemmungen in Assam. Überschwemmungen und Regen richten verheerende Schäden an. Vor allem die Bezirke Upper Assam sind am stärksten von Überschwemmungen betroffen. Etwa 3.000.000 Menschen in 16 Bezirken von Assam sind von den Überschwemmungen betroffen. Bisher sind 5 Menschen gestorben. Aufgrund des Dauerregens…","असम में बाढ़ का कहर, मकानों से लेकर पुल-रेल पटर‍ियां सब डूबे, देखें",असम में बाढ़ से हाहाकार मचा हुआ है. बाढ़-बारिश कहर बरपा रही है. खासतौर पर अपर असम के जिले बाढ़ से सबसे ज्यादा प्रभावित हैं. असम के 16 जिलों के करीब 3 लाख 62 हजार लोग बाढ़ के चलते प्रभावित हुए है. वहीं अब तक 5 लोगों के मौत हुई. लगातार हो रही बारिश के वजह से अस…,"Watch the havoc of flood in Assam, everything from houses to bridges to railway tracks got submerged. There is an outcry due to floods in Assam. Floods and rains are wreaking havoc. Especially the districts of Upper Assam are most affected by floods. About 3 lakh 62 thousand people in 16 districts of Assam have been affected due to floods. So far 5 people have died. Due to continuous rain…","Diluvium in Assam specta, omnia a domibus ad pontes ad semitas ferriviarias demerguntur. Clamor ad flumina in Assam. Flumina et imbres saeviunt. Regiones praesertim superioris Assam maxime diluviis afficiuntur. Circiter 3 lakh 62 milia hominum in 16 regionibus Assam ob inundationes affectae sunt. 5 Hactenus homines mortui sunt. Ob continuam pluviam ...",https://www.aajtak.in/india/news/video/assam-jorhat-sivasagar-charaideo-heavy-rain-causes-flood-affected-lives-rail-tracks-bridges-vdoj-2606026-2026-07-21,https://akm-img-a-in.tosshub.com/aajtak/images/video/202607/6a5f2f9a84603-assam-flood-situations-213637162-16x9.png,,". - . . 16 3 62 . 5 . . , 16 . .",,2026-08-02 16:27:43+00:00,random,,,
a0e8587fa727b1c0dd6a40fd64f0174b,2026-07-29T07:04:15Z,ice jam,बाढ़,www.aajtak.in,hi,0.9,"Flut an Followern! Aber Verwirrung aufgrund zweier Berichte über die „E20 Janata Party“. E20 Janta Party: Die E20 Janta Party, die nach dem Vorbild der Cockroach Janata Party (CJP) gegründet wurde, sorgt auch in den sozialen Medien für viele Schlagzeilen. Doch gleichzeitig laufen zwei unterschiedliche Accounts unter dem Namen E20 Janata Party, wodurch bei den Nutzern große Verwirrung herrscht.",फॉलोवर्स की आई बाढ़! लेकिन 'E20 जनता पार्टी' के दो अकाउंट से कन्फ्यूजन,"E20 Janta Party: कॉकरोच जनता पार्टी (CJP) के ही तर्ज पर शुरू हुई ई20 जनता पार्टी भी इस समय सोशल मीडिया पर खूब सुर्खियां बटोर रही है. लेकिन एक ही समय में E20 जनता पार्टी के नाम से दो अलग-अलग एकाउंट चल रहे हैं, जिससे यूजर्स के बीच भारी कन्फ्यूजन बना हुआ है.","Flood of followers! But confusion due to two accounts of 'E20 Janata Party'. E20 Janta Party: E20 Janta Party, started on the lines of Cockroach Janata Party (CJP), is also gaining a lot of headlines on social media. But at the same time two different accounts are running in the name of E20 Janata Party, due to which there is huge confusion among the users.","Diluvium sectatorum! Sed confusio propter duas rationes ""E20 Janata Factionis"". E20 Janta Factio: E20 Janta Factio Cockroach in lineas Factionis Janatae (CJP), etiam multa capita in instrumentis socialibus consequitur. Sed eodem tempore duae diversae rationes in nomine E20 Factionis Janatae currunt, ob quam ingens confusio est inter utentes.",https://www.aajtak.in/auto/news/story/e20-janta-parties-on-social-media-two-account-creates-confusion-which-one-is-real-auaw-dskc-2611010-2026-07-29,https://akm-img-a-in.tosshub.com/aajtak/images/story/202607/6a69a3364f9fb-e20-janta-parties-on-social-media-295232696-16x9.jpg,,"E20 . ""E20 "" . 100 - (E5, E10) . . X Instagram ""E20 "" - . .
 (CJP) E20 . X (@E20Party) . X 54 , (e20_jantaparty) 5.5 . "" 100 "" .
E20 Janta Party 2024 . Photo: Screengrab
, X 2024 . 2026 . , Instag… [+318 chars]",,2026-08-02 16:27:43+00:00,random,,,
e2fb3c1049f5308b59fcd4910b9b59f9,2026-07-31T18:05:25Z,ice jam,बाढ़,www.aajtak.in,hi,0.9,"Es stand Wasser bis zur Brust und rettete einem 1 Monat alten Baby in einer Plastikwanne das Leben. Ein einen Monat altes Baby und seine Familie waren inmitten der Flut im brusthohen Wasser gefangen. Inmitten dieser schrecklichen Todesszene kamen die Feuerwehr- und Gesundheitshelfer der Stadtverwaltung wie Engel an. Die tapferen Männer bildeten eine Menschenkette und holten das ein Monat alte Baby heraus, indem sie es in einer Plastikwanne sicher aufbewahrten.","सीने तक था पानी, प्लास्टिक के टब में बचाई 1 महीने के मासूम की जान",बाढ़ के बीच सीने तक भरे पानी में एक महीने का मासूम और उसका परिवार फंस गया था. मौत के इस खौफनाक मंजर के बीच नगर निगम के फायर और हेल्थ वर्कर्स देवदूत बनकर पहुंचे. जांबाजों ने इंसानी चेन बनाई और 1 महीने के बच्चे को प्लास्टिक के टब में सुरक्षित रखकर बाहर निकाला.,"There was water up to the chest, saved the life of a 1 month old baby in a plastic tub. A month old baby and his family were trapped in chest-deep water amid the flood. Amidst this horrifying scene of death, fire and health workers of the Municipal Corporation arrived like angels. The brave men formed a human chain and took out the 1 month old baby by keeping him safe in a plastic tub.","Aqua usque ad pectus erat, vitam unius mensis quinque in dolio plastico servavit. Infans vetus mensis et familia eius in pectore-profunda aqua inter diluvium capti sunt. Inter horribilem huius mortis, ignis et salutis operarii Corporationis municipalis opera sicut angeli advenerunt. Viri fortes catenam humanam formaverunt et infantem unum mensem unum 1 eduxerunt eumque in dolio plastico securum servaverunt.",https://www.aajtak.in/india/maharashtra/story/jalgaon-one-month-old-baby-trapped-in-a-flood-was-successfully-rescued-lcln-strc-2612857-2026-07-31,https://akm-img-a-in.tosshub.com/aajtak/images/story/202607/6a6ce4786a9fa-jalgaon-one-month-old-baby-310747229-16x9.jpg,,"Maharashtra News: , . . 1 .
 1 .
 . , , . .
 : , , , , . . 
- ' ' ( ) . 2 . VIDEO:- 
1 . . , , , . , .",,2026-08-02 16:27:43+00:00,random,,,
123c1a10a33d6c71722c291d3c87138b,2026-07-06T11:52:05Z,Precipitation,आंधी तूफान,hindi.moneycontrol.com,hi,0.8,"Das Wetter von morgen, 7. Juli: IMD warnte vor starkem Regen und Sturm in diesen über 20 Bundesstaaten, Unwetter von Bihar bis MP, hier herrscht eine Situation, die einer roten Zone ähnelt. Wetter-Update für Indien vom 7. Juli: In weiten Teilen des Landes ist die heftigste Form des Südwest-Monsuns zu beobachten. Das Indian Meteorological Department (IMD) hat für den 7. Juli in mehr als 20 Bundesstaaten des Landes eine orange-rote Warnung für starken bis extrem starken Regen und schwere Gewitter herausgegeben.","कल का मौसम 7 जुलाई: IMD ने इन 20+ राज्यों में भारी बारिश-आंधी का अलर्ट दिया, बिहार से MP तक बवाली मौसम, यहां रेड जोन जैसे हालात",India Weather Update for 7th July: देश के बड़े हिस्से में दक्षिण-पश्चिम मानसून का रौद्र रूप देखने को मिल रहा है। भारतीय मौसम विज्ञान विभाग (IMD) ने 7 जुलाई के लिए देश के 20 से अधिक राज्यों में भारी से अत्यंत भारी बारिश और भीषण आंधी-तूफान का ऑरेंज और रेड वॉच अ…,"Tomorrow's weather, July 7: IMD gave alert of heavy rain and storm in these 20+ states, severe weather from Bihar to MP, red zone like situation here. India Weather Update for 7th July: The fiercest form of south-west monsoon is being seen in large parts of the country. The Indian Meteorological Department (IMD) has issued an orange and red watch for heavy to extremely heavy rain and severe thunderstorm in more than 20 states of the country for July 7.","Cras tempestas, Iulii 7: IMD pluviam et tempestatem in his 20+ civitatibus intentam dedit, tempestatem gravem a Bihar ad MP, zona rubra sicut hic locus. Indiae Tempestas Renovatio diei 7 Iulii: Eeses meridionalis occidentis ferocissima forma in magnis regionis partibus conspicitur. Indicum Meteorologicum Department (IMD) vigiliam aurantiacam et rubram produxit propter gravem pluviam et gravem tonitribus plusquam XX in civitatibus patriae ad VII Kalendas Augusti.",https://hindi.moneycontrol.com/india/weather-update-for-july-7-imd-issues-heavy-rain-and-thunderstorm-alert-for-over-20-states-weather-forecast-from-bihar-to-mp-red-zone-in-areas-article-2417444.html,https://images.moneycontrol.com/static-hindinews/2026/07/IMD_2.jpg,,"India Weather Update for 7th July: - (IMD) 7 20 - 25 -- , , 
 24 , - ( ) , 3 ( ) 
 : 4 
7 :-
 - , , 
7 , - :-
 - : 40-50 
 , (): - 
 : - 
 : - 7 
 :
 : -NCR, 
 7 :-
, : - 
 : - 40-50 
… [+243 chars]",,2026-08-02 21:15:03+00:00,random,,,
ae4a21429cf64441199d46b01be08e9b,2026-07-15T11:54:11Z,Precipitation,आंधी तूफान,hindi.moneycontrol.com,hi,0.9,"Das Wetter von morgen, 16. Juli: 5 aktive Zyklonsysteme und Tiefdruckgebiete werden heftige Regenfälle und Gewitter bringen! IMD gab diese Warnung von Bengalen an Bihar weiter. Mausam-Update: Der Monsun zeigt im ganzen Land seine heftige Form. Unterdessen hat das India Meteorological Department (IMD) eine sehr ernste Warnung bezüglich des Wetters am 16. Juli herausgegeben. Laut Meteorologen herrscht zu diesem Zeitpunkt ein Tiefdruckgebiet und mehr als 5 aktive Wirbelstürme…","कल का मौसम 16 जुलाई: 5 एक्टिव चक्रवाती सिस्टम और लो प्रेशर एरिया लाएंगे भारी बारिश, आंधी-तूफान! IMD ने बंगाल से बिहार तक ये अलर्ट दिया",Mausam Update: देश भर में मानसून ने अपना रौद्र रूप दिखाना शुरू कर दिया है। इस बीच भारत मौसम विज्ञान विभाग (IMD) ने 16 जुलाई के मौसम को लेकर एक बेहद गंभीर चेतावनी जारी की है। मौसम वैज्ञानिकों के मुताबिक इस समय एक कम दबाव का क्षेत्र और 5 से अधिक सक्रिय चक्रवाती…,"Tomorrow's weather, July 16: 5 active cyclonic systems and low pressure areas will bring heavy rains, thunderstorms! IMD gave this alert from Bengal to Bihar. Mausam Update: Monsoon has started showing its fierce form across the country. Meanwhile, the India Meteorological Department (IMD) has issued a very serious warning regarding the weather of July 16. According to meteorologists, at this time there is a low pressure area and more than 5 active cyclones…","Cras tempestas, July 16: 5 activae systemata cyclonicae et humilis pressionis areae pluvias, tonitrua afferent! IMD hoc intentum dedit a Bengal ad Bihar. Mausam Renovatio: Monsoon incepit ferociam suam formam per regionem ostendere. Interea Department meteorologicum India (IMD) gravissima monitionem de tempestate mensis Iulii 16. Iuxta meteorologos intulit, hoc tempore regio pressio gravis et plus quam 5 cyclones activae.",https://hindi.moneycontrol.com/india/weather-forecast-for-july-16-cyclonic-active-and-low-pressure-areas-to-bring-heavy-rain-and-storms-imd-alert-for-bengal-to-bihar-article-2420005.html,https://images.moneycontrol.com/static-hindinews/2026/07/RAIN_ALERT.jpg,,"Mausam Update: (IMD) 16 5 16 , , - - 
 ...
- 7.6 2 - 
 5 
- - 0.9 
 0.9 
 5.8 
 1.5 - 3.1 5.8 
 , , , , , - - 19 - 
16 ?
16 :
 :-
- 
, , 
- 
 - , , , --, 40 50 ( 60 / ) , 30 40 - 
, ,… [+96 chars]",,2026-08-02 21:15:03+00:00,random,,,
aa883033a6619c5a3b3054ed12669b62,2026-07-30T05:49:01Z,Flood,भारत में बाढ़,hindi.moneycontrol.com,hi,0.9,"Überschwemmungen in Assam: Aufschrei wegen Überschwemmungen in Assam! Das Dorf mit 200 Gorkha-Familien verschwand innerhalb einer Stunde von der Landkarte, bisher gab es 78 Tote. Überschwemmungen in Assam: Mit dem Tod von drei weiteren Menschen durch Überschwemmungen in Assam ist die Zahl der Menschen, die bei dieser Katastrophe im Bundesstaat ihr Leben verloren haben, auf 78 gestiegen. Einem offiziellen Bulletin zufolge sind in sieben Distrikten von Assam immer noch etwa drei Millionen Menschen von Überschwemmungen betroffen. Das India Meteorological Department (IMD) hat weitere…","Assam Floods: असम में बाढ़ से हाहाकार! 1 घंटे में ही नक्शे से गायब हो गया 200 गोरखा परिवार का गांव, अब तक 78 की मौत","Assam Floods: असम में बाढ़ से तीन और लोगों की मौत होने से राज्य में इस आपदा में जान गंवाने वालों की संख्या बढ़कर 78 हो गई है। एक आधिकारिक बुलेटिन के मुताबिक, असम के सात जिलों में करीब तीन लाख लोग अब भी बाढ़ की चपेट में हैं। भारत मौसम विज्ञान विभाग (IMD) ने अग…","Assam Floods: Outcry due to floods in Assam! Village of 200 Gorkha families disappeared from the map within 1 hour, 78 dead so far. Assam Floods: With the death of three more people due to floods in Assam, the number of people who lost their lives in this disaster in the state has increased to 78. According to an official bulletin, about three lakh people in seven districts of Assam are still in the grip of floods. India Meteorological Department (IMD) has further…","Assam inundationes: Clamor ad flumina in Assam! Villa 200 familiarum Gorkha evanuit e charta intra horam 1 78 adeo mortuae. Diluvia Assam: Mortuo trium plurium hominum propter inundationes in Assam, numerus hominum qui in hac calamitate vitam amiserunt in re publica crevit 78. Secundum bulletin officialem circiter tres homines lakh in septem regionibus Assam adhuc in diluviis sunt. India Meteorological Department (IMD) has further…",https://hindi.moneycontrol.com/india/assam-floods-village-of-200-gorkha-families-vanished-from-the-map-in-just-one-hour-78-dead-so-far-article-2424781.html,https://images.moneycontrol.com/static-hindinews/2026/07/assam-floods-PTI_.jpg,,"Assam Floods: 78 , (IMD) - - 
 () 24 78 , , , , , , 551 
 3,00,031 
3,00,031 , 1,37,561 84,600 49,911 3.32 16,500 71 , 30 72,000 
21,523.08 
 21,523.08 11,000 17,000 - , , , 
 200 
 , 1 - 3 20… [+78 chars]",,2026-08-03 04:04:05+00:00,wmo,India,SAS,Asia
6fd89f4821a56361ff7845c40179f348,2026-07-24T04:04:21Z,Precipitation,आंधी तूफान,hindi.moneycontrol.com,hi,0.8,"Heute erneut heftiger Regen und in drei Bundesstaaten warnen wir vor Rot! Das IMD warnte vor starkem Regen, Sturm und Sturm in diesen 18 Bundesstaaten. Starkregenwarnung heute, 24. Juli: Der Monsun hat im Land seine volle Stärke erreicht und seine schwere Form ist in vielen Gebieten zu beobachten. Das India Meteorological Department (IMD) hat heute das National Weather Bulletin für den 24. Juli veröffentlicht und über die Wetterbedingungen im ganzen Land informiert. Meteorologische Abteilung…","3 राज्यों में रेड कलर वार्निंग के बीच आज फिर बारिश का तांडव! IMD ने इन 18 राज्यों में भारी बारिश, आंधी-तूफान का अलर्ट दिया",Heavy Rain Alert Today 24 July: देश में मानसून पूरी रफ्तार पकड़ चुका है और कई इलाकों में इसका विकराल रूप देखने को मिल रहा है। भारत मौसम विज्ञान विभाग (IMD) ने आज 24 जुलाई के लिए राष्ट्रीय मौसम बुलेटिन जारी करते हुए देश भर के मौसम का हाल बताया है। मौसम विभाग न…,"Heavy rain again today amidst red color warning in 3 states! IMD gave alert of heavy rain, storm and storm in these 18 states. Heavy Rain Alert Today 24 July: Monsoon has reached full speed in the country and its severe form is being seen in many areas. India Meteorological Department (IMD) today released the National Weather Bulletin for July 24 and has informed the weather condition across the country. Meteorological Department…","Imber iterum hodie inter rubro colore commonitus in 3 civitatibus! IMD imbres, tempestates et procellas in his civitatibus 18 excitabant. Gravis Pluviae erecti Hodie 24 Iulii: Monsoon plenam celeritatem in regione pervenit et eius forma severa multis in locis conspicitur. India Meteorologica Department (IMD) Hodie Tempestas Nationalis Bulletin pro die 24 Iulii dimisit et condicionem tempestatum per patriam indicavit. Meteorologicum Department…",https://hindi.moneycontrol.com/india/rain-unleashes-havoc-again-today-amidst-red-alerts-in-three-states-imd-issues-warnings-for-heavy-rain-and-storms-across-18-states-article-2422723.html,https://images.moneycontrol.com/static-hindinews/2026/07/weather.jpg,,"Heavy Rain Alert Today 24 July: (IMD) 24 3 / ( , ) , , 18 , - 
3 , 
 , - 
IMD 
 18 
 18 - -
 - : , -- 
 :
 :
 : , , , 
 :
-, 
 - IMD , - 40 50 , , , , --, , , , , 30 40 
 , , , , , , , ,… [+25 chars]",,2026-08-03 13:23:31+00:00,random,,,
3e85353f97d4edea9b3730c82508ed35,2026-07-18T03:40:45Z,Tropical Cyclone,चक्रवात,hindi.moneycontrol.com,hi,0.9,"Das heutige Wetter: 7 Zyklonsysteme wurden aktiv, IMD warnte vor starkem Regen in diesen über 16 Bundesstaaten, einschließlich Bihar-UP, rote Warnung an 2 Orten. Wetter-Update für Indien: Die heftigste und am weitesten verbreitete Form des Monsuns ist im ganzen Land zu beobachten. Das India Meteorological Department (IMD) hat heute für den 18. Juli eine hohe Alarmstufe für starken bis extrem starken Regen und Gewitter über weiten Teilen des Landes herausgegeben. Nach Angaben des Meteorological Department ist zu diesem Zeitpunkt…","आज का मौसम: 7 चक्रवाती सिस्टम हुए एक्टिव, IMD ने बिहार-यूपी समेत इन 16+ राज्यों में धुंआधार बारिश का अलर्ट दिया, 2 जगहों पर रेड वॉर्निंग",India Weather Update: देश भर में मानसून का सबसे रौद्र और व्यापक रूप देखने को मिल रहा है। भारत मौसम विज्ञान विभाग (IMD) ने आज 18 जुलाई के लिए देश के बड़े हिस्से में भारी से अत्यंत भारी बारिश और आंधी-तूफान का हाई अलर्ट जारी किया है। मौसम विभाग के मुताबिक इस समय…,"Today's weather: 7 cyclonic systems became active, IMD gave alert of heavy rain in these 16+ states including Bihar-UP, red warning at 2 places. India Weather Update: The most violent and widespread form of monsoon is being seen across the country. The India Meteorological Department (IMD) has today issued a high alert for heavy to extremely heavy rain and thunderstorm over large parts of the country for July 18. According to the Meteorological Department, at this time…","Tempestas hodierna: 7 systemata cyclonica activa facta, IMD pluviam gravem dedit in his 16+ civitatibus, in quibus Bihar-UP, monitum rubrum in 2 locis. Tempestas Renovatio Indiae: Vehemens et diffusa forma ETESIA trans regionem conspicitur. In India Meteorologico Dicasterii (IMD) hodie altam vigilantiam pro gravibus pluviis et tonitribus in magnas patriae partes praegravem edidit pro die 18 Iulii. Secundum Meteorologicum hoc tempore…",https://hindi.moneycontrol.com/india/seven-cyclonic-systems-have-become-active-the-imd-has-issued-an-alert-for-heavy-rainfall-across-more-than-16-states-including-bihar-and-up-article-2420801.html,https://images.moneycontrol.com/static-hindinews/2026/07/Rain-ALert.jpg,,"India Weather Update: (IMD) 18 - 7 16 2 
7 
5.8 - 24 - 
 , , , , , - - 
 : - 1.5 
 : 1.5 3.1 
- : - - 3.1 
 () : 5.8 
 : - 5.8 
 - , 7.6 - - , 
 2 ' '
 - - - - 
 4 
 (IMD) , - , 
- 11 … [+150 chars]",,2026-08-03 13:23:31+00:00,random,,,
c7506b70de44ab9aa8105b932c49654a,2026-07-20T08:58:42Z,Precipitation,मूसलाधार बारिश,hindi.moneycontrol.com,hi,0.9,"Gefährliches Wetter für die nächsten 7 Tage aufgrund von 5 aktiven Zyklonsystemen. IMD warnte vor starkem Regen in diesen 18 Bundesstaaten, sintflutartigen Regenfällen von UP bis Bihar. Der Monsun ist im ganzen Land erneut extrem heftig und aktiv geworden. Das India Meteorological Department (IMD) hat im neuesten Wetterbulletin gewarnt, dass die Monsunbedingungen im Nordwesten und Nordosten Indiens in den nächsten vier bis fünf Tagen ziemlich aggressiv sein werden. Das Wetter variiert…","5 एक्टिव चक्रवाती सिस्टम से अगले 7 दिन खतरनाक मौसम, इन 18 राज्यों में IMD ने दिया भारी बारिश का अलर्ट, यूपी से बिहार तक मूसलाधार",देश भर में मानसून एक बार फिर अत्यंत विकराल और सक्रिय रूप में आ गया है। भारत मौसम विज्ञान विभाग (IMD) ने ताजा वेदर बुलेटिन में चेतावनी दी है कि अगले 4 से 5 दिनों के दौरान उत्तर-पश्चिम और उत्तर-पूर्व भारत में मानसून की स्थिति काफी आक्रामक रहने वाली है। मौसम विभ…,"Dangerous weather for the next 7 days due to 5 active cyclonic systems, IMD gave alert of heavy rain in these 18 states, torrential rains from UP to Bihar. Monsoon has once again become extremely severe and active across the country. The India Meteorological Department (IMD) has warned in the latest weather bulletin that monsoon conditions are going to be quite aggressive over northwest and northeast India during the next 4 to 5 days. Weather varies…","Tempestas periculosa in proximos 7 dies propter 5 systemata cyclonica activa, IMD pluvias in his 18 civitatibus intentos dedit, imbres torrentes ab UP ad Bihar. Monsoon iterum gravissimae ac strenuae per patriam factae sunt. In India Meteorologica Department (IMD) monuit in bulletin tempestatis proximae condiciones monsoons satis infestas esse in India septentrionali et septentrionali per proximos 4 ad 5 dies. Tempestas variat…",https://hindi.moneycontrol.com/india/five-cyclonic-systems-heavy-rain-alert-imd-18-states-up-bihar-monsoon-weather-update-article-2421327.html,https://images.moneycontrol.com/static-hindinews/2026/07/Rain-ALert.jpg,,"(IMD) 4 5 - - 5 2 , , , -, - 18 7 - 
 7 
 5 
<ul><li> , - :</li><li> : - </li><li> : </li><li> : </li><li>- : - </li><li>- : - - </li><li></li></ul>
24 ?
<ul><li> (21 ): </li><li> (12 20 ): , - … [+679 chars]",,2026-08-03 13:23:31+00:00,random,,,
a059eebf969456051304ec00914b0840,2026-07-15T07:29:57Z,Drought,संयुक्त अरब अमीरात में सूखापन,hindi.moneycontrol.com,hi,0.3,"Trocknen Sie Ihre Kleidung im Monsun zu Hause ohne Sonnenlicht mit diesen Hacks, es riecht nicht nach Feuchtigkeit! Während der Monsunzeit wird das Waschen und Trocknen von Kleidung aufgrund des anhaltenden Regens und der hohen Luftfeuchtigkeit recht schwierig. Wenn die Wäsche spät trocknet, fängt sie oft auch an, nach Feuchtigkeit zu riechen. In einer solchen Situation können Sie mit einigen einfachen Tipps Ihre Kleidung schnell trocknen und sie lange frisch halten:…","मानसून में बिना धूप के इन हैक्स से घर में ही सुखाएं कपड़े, नहीं आएगी सीलन की बदबू!",मानसून के मौसम में लगातार बारिश और नमी के कारण कपड़े धोना और सुखाना काफी मुश्किल हो जाता है। कई बार कपड़े देर से सूखने के साथ उनमें सीलन की बदबू भी आने लगती है। ऐसे में कुछ आसान टिप्स अपनाकर आप कपड़ों को जल्दी सुखाने और उन्हें लंबे समय तक फ्रेश रख सकते हैं:है…,"In monsoon, dry clothes at home without sunlight with these hacks, there will be no smell of dampness! Washing and drying clothes becomes quite difficult during the monsoon season due to continuous rain and humidity. Many times, along with the clothes drying late, they also start smelling of dampness. In such a situation, by adopting some easy tips, you can dry your clothes quickly and keep them fresh for a long time:…","In ETESIA, vestimenta sicca domi sine sole cum his autocinetis, odor uliginis non erit! Vestimenta lavatio et siccatio admodum difficilis fit tempore ETESIAE tempore propter continuam pluviam et humiditatem. Pluries, cum sero siccat vestes, etiam incipit odorem uliginis. In tali casu, adhibitis quibusdam labris faciles, vestimenta tua cito siccare potes et recentia diu retinere:…",https://hindi.moneycontrol.com/lifestyle/easy-and-smart-tips-to-dry-clothes-quickly-during-the-monsoon-keeping-fresh-and-free-from-musty-odors-article-2418780.html,https://images.moneycontrol.com/static-hindinews/2026/07/monsson.jpg,,,,2026-08-05 12:21:42+00:00,edo,United Arab Emirates,ARP,Asia
887a6a8c1f85ca63f1a8d5fe99c3c455,2026-07-28T01:30:05Z,Snow&Ice,बर्फ मिलफोर्ड रोड एसएच94,hindi.moneycontrol.com,hi,0.3,"Doppelte Wirkung von Fasten und Monsun! Übernehmen Sie diese 7 Gewohnheiten, um in Saavan fit zu bleiben. Sawan gilt als der heiligste Monat der hinduistischen Religion, in dem die Verehrung von Lord Shiva, das Fasten und religiöse Rituale eine besondere Bedeutung haben. Dieser Monat fällt mitten in den Monsun, wenn das Wetter angenehm ist, aber die Gefahr von Infektionen, Virusfieber und Magenerkrankungen besteht.",व्रत और मानसून का डबल असर! सावन में फिट रहने के लिए अपनाएं ये 7 आदतें,"सावन (Sawan) हिंदू धर्म का सबसे पवित्र महीना माना जाता है, जिसमें भगवान शिव की पूजा, व्रत और धार्मिक अनुष्ठानों का विशेष महत्व होता है। यह महीना मानसून (monsoon) के बीच आता है, जब मौसम सुहावना तो होता है, लेकिन इंफेक्शन, वायरल फीवर और पेट संबंधी बीमारियों का …","Double effect of fasting and monsoon! Adopt these 7 habits to stay fit in Saavan. Sawan is considered to be the most sacred month of Hindu religion, in which the worship of Lord Shiva, fasting and religious rituals have special significance. This month falls in the middle of monsoon, when the weather is pleasant but there is a risk of infection, viral fever and stomach related diseases.","Duplex effectus ieiunii et lunae! Hos 7 mores utere ut in Saavan idoneus maneat. Sawan mensis sacratissimus censetur Prohibeo religionis, in quo cultus Domini Shiva, ieiunium et ritus religiosi peculiarem habent momentum. Mensis iste in medio ETESIAE incidit, cum tempestas amoena est sed periculum est contagionis, febris viralis et ventriculi affinis morbi.",https://hindi.moneycontrol.com/religion/alila-kothaifaru-maldives-best-way-to-explore-the-maldives-for-a-group-trip-article-2421895.html,https://images.moneycontrol.com/static-hindinews/2026/07/fasting-gggggg.jpg,,"(Sawan) , , (monsoon) , , , , , :
Drink clean and boiled water ( )
(Saawan) (monsoon season) (typhoid), (diarrhea) (boiled water) 
Eat fresh, light, and balanced meals (, )
(digestive system) , -… [+336 chars]",,2026-08-05 12:21:42+00:00,wmo,New Zealand,NZ,Oceania
f6edaa36448476fa99b6d0b0d3fc36d7,2026-07-07T07:57:34Z,Drought,सूखा,www.aajtak.in,hi,0.9,"Das ganze Land ist trocken, warum regnet es in Mumbai so viel? Hat El Niño das Spiel verdorben? Im ganzen Land herrscht Dürre, doch in Mumbai regnet es stark. Das Leben wird davon beeinflusst. Experten gehen davon aus, dass El Nino und Wetterunregelmäßigkeiten das Gleichgewicht des Monsuns stören.","पूरा देश सूखा, मुंबई में इतनी बारिश क्यों? क्या अल-नीनो ने बिगाड़ा खेल","पूरे देश में सूखा पड़ा है, लेकिन मुंबई में भारी बारिश हो रही है. इससे जनजीवन प्रभावित है. विशेषज्ञों का मानना है कि अल-नीनो और मौसम की अनियमितताएं मॉनसून के संतुलन को बिगाड़ रही हैं.","The entire country is dry, why so much rain in Mumbai? Did El Nino spoil the game? There is drought in the entire country, but it is raining heavily in Mumbai. Life is affected by this. Experts believe that El Nino and weather irregularities are disturbing the balance of monsoon.","Tota terra sicca est, cur tantum pluviae in Mumbai? Nonne El Nino ludo spoliavit? Siccitas in tota terra est, sed in Mumbai graviter pluit. Vita hac afficitur. Periti credunt El Nino et irregularitates tempestatum aequilibrium ETESIAE turbare.",https://www.aajtak.in/science/story/why-mumbai-receiving-rain-when-entire-country-is-dry-el-nino-effect-dskc-2595814-2026-07-07,https://akm-img-a-in.tosshub.com/aajtak/images/story/202607/6a4cafc23ece8-mumbai-heavy-rain-0750204-16x9.jpg,,". , , , . . , . 
 . . . - ? (IMD) . . 
 : Mumbai Rain Live: ... - 3 
 - . 40-50 . , , . .
- : ?
 - . - . . - - .
 . , . .
 : 49 ?
 ?
 . . . . .
200-300 . , - . . 
 60 . . . .
 . . , .
 :… [+92 chars]",,2026-08-05 12:21:42+00:00,random,,,
43dc5e4d30f247b682e0a73a1d5823db,2026-07-12T10:02:24Z,Drought,सूखा,hindi.moneycontrol.com,hi,0.9,"Das Glück scheint auch in der Dürre! Weniger Wasser, weniger Kosten ... immer noch Rekordeinnahmen, der Trommelstockanbau veränderte das Schicksal des Landwirts. Für den Maharashtra-Bauern Sandeep Kadam war die Landwirtschaft seit vielen Jahren nicht einfach. Sie waren mit anhaltenden Verlusten aufgrund von Dürre, steigenden Agrarkosten und widrigen Wetterbedingungen konfrontiert. Doch eine kleine Entscheidung veränderte sein Schicksal. Statt der Verlustfrüchte baute er nur… an.","सूखे में भी चमकी किस्मत! कम पानी, कम खर्च... फिर भी बंपर कमाई, सहजन की खेती ने किसान की बदल दी तकदीर","महाराष्ट्र के किसान संदीप कदम के लिए कई सालों तक खेती करना आसान नहीं रहा। सूखा, बढ़ती खेती की लागत और मौसम की मार की वजह से उन्हें लगातार नुकसान उठाना पड़ रहा था। लेकिन एक छोटे से फैसले ने उनकी किस्मत बदल दी। घाटे वाली फसलों की जगह उन्होंने अपने खेत में सिर्फ…","Luck shines even in drought! Less water, less expenses... still bumper earnings, drumstick cultivation changed the fate of the farmer. Farming has not been easy for Maharashtra farmer Sandeep Kadam for many years. They were facing continuous losses due to drought, rising farming costs and adverse weather conditions. But a small decision changed his fate. Instead of the loss crops, he grew only…","Etiam in siccitate fortuna lucet! Minus aqua, minus expensis... adhuc adfixum referte, clavicula cultura fatum agricolae mutavit. Rustica Maharashtra agricola Sandeep Kadam multos annos facile non fuit. Faciebant continua detrimenta siccitatis, surgentes sumptibus agriculturae et tempestatum adversae. Sed parva sententia fatum mutavit. Pro amissis segetibus tantum crevit…",https://hindi.moneycontrol.com/agriculture/drumstick-farming-success-story-sandeep-kadam-moringa-farming-profit-maharashtra-farmer-article-2419025.html,https://images.moneycontrol.com/static-hindinews/2026/07/drumstick-farming.jpg,,", 40 () 
30Stades , - , - , 
?
 () , , , - 
 2010 (ODC) 40 
40  
 2010 (ODC) 40 , "" 40 40 "" - , 60 
 2012 680 10 6 , 25 
25  
 4.2 (420 ) 40 100 , 60 , 1.5 , 25 23.5",,2026-08-05 12:21:42+00:00,random,,,
5d29b8c2da946b24feae84535141f3f8,2026-07-13T13:53:28Z,Drought,सूखा,www.hindikunj.com,hi,0.9,"Zwischen zwei Fenstern. Ich sitze regungslos auf dem Bürostuhl zwischen zwei Fenstern, traurig, gelangweilt, müde, zähle die Wellen der Augenblicke, ich werde müde. Die Augen schauen auf der Suche nach Trost nach oben und durchdringen das obere Fenster, aber da ist nur der verstreute Kopf einer Kokospalme, eine trockene, verbrannte Szene, die die Augen noch durstiger macht ...",दो खिड़कियों के बीच,"दो खिड़कियों के बीचनिश्चल, दफ़्तर की कुर्सी पर जड़वत बैठा,उदास, ऊबा, थका हुआ,क्षणों की लहरें गिनता हुआ चूर हो रहा हूँ।सांत्वना खोजती आँखें ऊपर उठती हैं,ऊपरी खिड़की को भेदती हुई,पर वहाँ बस एक नारियल-वृक्ष का बिखरा सिर,सूखा, झुलसा दृश्य,जो आँखों को और भी प्यासा…","Between two windows. Sitting motionless on the office chair between two windows, sad, bored, tired, counting the waves of moments, I am getting tired. The eyes look up in search of solace, piercing the upper window, but there is only the scattered head of a coconut tree, a dry, scorched scene, which makes the eyes even more thirsty…","Inter duas fenestras. Sedens in officio sedis inter duas fenestras immotus, tristis, taedium, fessus, fluctus momentorum computans, fessus sum. Oculi spectant ad solacium quaerendum, fenestrae superioris penetrans, sed solum est caput dispersi Cocoes arboris, scaena arida, adusta, quae oculos magis sitientes facit….",https://www.hindikunj.com/2026/07/do-khidkiyon-ke-beech-kavita.html,https://blogger.googleusercontent.com/img/b/R29vZ2xl/AVvXsEiJHah4uXLVytFfdKS8ka11yeFaCaDnxVcc7rxqsTCkn89occr-m_S6HGQMwi2Ru0GuSml8sh8jEncFxs_SQ7eq2Fb3wC77REcDpRhHtVe42YPd3J74b7N6ZumBGNvg7sA5av606uS82bBboFfyJoWugkkbx7ubdGhyxsuk64tCyuv7Dl6eGSF5jT8vM8UO/w1200-h630-p-k-no-nu/khidki.jpg,,"ो ि़िों े ी
ि्, ़् ी ु्ी ़ ैा,
ा, ा, ा ु,
्ों ी ें िा ु ू ो ा ूँ।",,2026-08-05 12:21:42+00:00,random,,,
159bc307ae6d8a980f81df7fa413ad4d,2026-07-19T16:30:12Z,Drought,सूखा,www.aajtak.in,hi,0.9,"LIVE: Finale zwischen Argentinien und Spanien, wer wird in Messi-Yamal gewinnen? Spanien gegen Argentinien, Live-Ergebnis der FIFA Fußball-Weltmeisterschaft 2026: Die Teams von Argentinien und Spanien stehen sich im MetLife Stadium in New Jersey gegenüber. Das argentinische Team um Lionel Messi will seinen Titel verteidigen. Spanien hingegen will 16 Jahre Dürre beenden.","LIVE: अर्जेंटीना-स्पेन के बीच फाइनल, मेसी-यामाल में कौन मारेगा बाजी?","Spain vs Argentina, FIFA World Cup Final 2026 Live Score: न्यू जर्सी के मेटलाइफ स्टेडियम में अर्जेंटीना और स्पेन की टीम्स आमने-सामने हैं. लियोनेल मेसी की अगुवाई वाली अर्जेंटीना की टीम अपना टाइटल डिफेंड करने उतरी है. स्पेन दूसरी ओर 16 साल का सूखा खत्म करना चाह…","LIVE: Final between Argentina and Spain, who will win in Messi-Yamal? Spain vs Argentina, FIFA World Cup Final 2026 Live Score: The teams of Argentina and Spain are face to face at the MetLife Stadium in New Jersey. The Argentine team led by Lionel Messi is out to defend its title. Spain, on the other hand, wants to end 16 years of drought.","LIVE: Finalis inter Argentinam et Hispaniam, quis in Messi-Yamal vincet? Hispania vs Argentina, FIFA World Cup Final 2026 Live Score: Partes Argentinae et Hispaniae facie ad faciem sunt in Stadio MetLife in Nova Jersey. Turma Argentina duce Leonello Messi nomen suum defendendi est. Contra Hispaniam siccitatis 16 annos finire cupit.",https://www.aajtak.in/sports/football/story/fifa-world-cup-2026-final-spain-vs-argentina-live-score-lionel-messi-yamal-tspoa-tspok-dskc-2604953-2026-07-19,https://akm-img-a-in.tosshub.com/aajtak/images/story/202607/6a5cf1923280c-lionel-messi--lamine-yamal-194724964-16x9.jpg,,"2026 . . . 2010 .
 . , . ...
 H . , . -32 3-0 . -16 . 2-1 . 2-0 .
 J , . -32 , 3-2 . -16 , 3-2 .
 . 120 , 3-1 . 2-1 .
 14   . 6-6 . . . 1966   2-1 . 60 .
 vs ( ): 14: 6: 6: 2",,2026-08-05 12:21:42+00:00,random,,,
39a18f787a3524b576f340030dec95d6,2026-07-21T06:34:04Z,Drought,सूखा,www.aajtak.in,hi,0.9,"„Virat Bhais Rat, Gewicht zu verlieren...“, die Geschichte von Sindhus Comeback. Der zweifache Olympiamedaillengewinner PV Sindhu beendete eine mehr als zweijährige Durststrecke mit dem Gewinn des Japan Open Super 750-Titels. Sindhu besiegte im Finale den Japaner Akane Yamaguchi. Er verriet, dass ein Rat von Virat Kohli in schwierigen Zeiten lautete: „Finden Sie die Freude am Spiel, nicht die Trophäe …“","'व‍िराट भाई की सलाह, वजन कम...', स‍िंधु के कमबैक की कहानी","दो बार की ओलंपिक पदक विजेता पीवी सिंधु ने जापान ओपन सुपर 750 का खिताब जीतकर दो साल से ज्यादा का सूखा खत्म किया. सिंधु ने फाइनल में जापान की अकाने यामागुची को हराया. उन्होंने खुलासा किया कि मुश्किल दौर में विराट कोहली की एक सलाह- 'ट्रॉफी नहीं, खेल की खुशी तलाश…","'Virat Bhai's advice, lose weight...', the story of Sindhu's comeback. Two-time Olympic medalist PV Sindhu ended a drought of more than two years by winning the Japan Open Super 750 title. Sindhu defeated Akane Yamaguchi of Japan in the final. He revealed that in difficult times, one advice from Virat Kohli was – 'Find the joy of the game, not the trophy…'","'Virat Bhai consilium, pondus amittere ...', historia Sindhu scriptor REGRESSUS. Duo tempora Olympica medalista PV Sindhu siccitatem plus duobus annis finivit conciliando Iaponiam Open Super 750 titulum. Sindhu vicit Akane Yamaguchi in termino Iaponiae. In arduis ostendit, unum consilium Virat Kohli fuisse – 'Invenire laetitiam ludi, non tropaeum…'",https://www.aajtak.in/sports/cricket/story/pv-sindhu-virat-kohli-advice-japan-open-title-comeback-tspok-dskc-2605946-2026-07-21,https://akm-img-a-in.tosshub.com/aajtak/images/story/202607/6a5f111cd276a-virat-kohli-and-pv-sindhu-212635202-16x9.jpg,,". 750 21-17, 21-17 . 
 . 31 -750 . , . .
X . , . .
 - . . 5:30 . , .
 , . . . . 2024 . .
 . - ? 100 ? . .
. , 3.5 . , , . - . . . - . 
. - . . .
. , 36 . 17-17 .
. . . - . . . . . .",,2026-08-05 12:21:42+00:00,random,,,
9815f34c29286abf6798e5beeabeb75b,2026-07-20T10:28:36Z,Precipitation,वर्षा भारत,hindi.moneycontrol.com,hi,0.3,"Was war der Meteorit, der den Dinosauriern das Ende bereitete? Der Vorhang lüftete sich von einem 6,6 Millionen Jahre alten Mysterium. Ein riesiger Weltraumfelsen, der vor etwa 66 Millionen Jahren die Erde traf, veränderte die gesamte Geschichte des Lebens. Diese schreckliche Kollision gilt als einer der Hauptgründe für die Zerstörung der Dinosaurier. Lange Zeit versuchten Wissenschaftler herauszufinden, was für ein Meteorit …",डायनासोरों का अंत करने वाला उल्कापिंड आखिर था कैसा? 6.6 करोड़ साल पुराने रहस्य से उठा पर्दा,करीब 6.6 करोड़ साल पहले धरती से टकराने वाली एक विशाल अंतरिक्ष चट्टान ने जीवन की पूरी कहानी बदल दी थी। इस भयानक टक्कर को डायनासोरों के विनाश की सबसे बड़ी वजहों में से एक माना जाता है। लंबे समय से वैज्ञानिक यह जानने की कोशिश कर रहे थे कि आखिर वह उल्कापिंड किस त…,"What was the meteorite that ended the dinosaurs? The curtain lifted from a 6.6 crore year old mystery. A huge space rock that hit the Earth about 66 million years ago changed the entire story of life. This terrible collision is considered to be one of the biggest reasons for the destruction of the dinosaurs. For a long time, scientists were trying to find out what kind of meteorite…",Quid meteorites qui dinosaurus finivit? Velum e crore annorum 6.6 mysterium. Ingens spatium saxum quod Terram feriebat ante 66 miliones circiter annos totam fabulam vitae mutavit. Hic terribilis collisio una ex maximis causis dinosaurus dinosaurus esse censetur. Diu phisicis meteoritarum genus explorare quaerebant…,https://hindi.moneycontrol.com/trends/chicxulub-asteroidco-chondrite-dinosaur-extinction-mystery-revealed-article-2421362.html,https://images.moneycontrol.com/static-hindinews/2026/07/Dinosaurs.jpg,,,,2026-08-06 03:47:16+00:00,wmo,India,SAS,Asia
abdcad5d639af9925f7ab611d17f242f,2026-07-24T04:29:21Z,Tsunami,सुनामी,www.aajtak.in,hi,0.9,"Abendkasse: Crores strömte zu Vijays Film und sorgte am ersten Tag für Aufruhr. Thalapathy Vijays Film Jan Nayagan hat sich an den Kinokassen zu einem Tsunami entwickelt. Der Film hat am ersten Tag starke Einnahmen erzielt. Die Fans waren ganz aufgeregt, als sie Vijays letzten Film sahen.","Box Office: विजय की फिल्म पर बरसे करोड़ों, पहले दिन मचाया भौकाल",थलपति विजय की फिल्म जन नायगन बॉक्स ऑफिस पर सुनामी बनकर आई है. फिल्म ने पहले दिन दमदार कमाई की है. विजय की आखिरी फिल्म देखने के लिए फैंस सुपर एक्साइटेड नजर आए.,"Box Office: Crores poured in on Vijay's film, created an uproar on the first day. Thalapathy Vijay's film Jan Nayagan has become a tsunami at the box office. The film has made strong earnings on the first day. Fans looked super excited to watch Vijay's last film.","Arca officium: Crores in cinematographico Vijay infusus, primo die tumultum creavit. Thalapathy cinematographicus Ian Nayagan factus est tsunami in officio archa. Velo primo die lucra fortis fecit. Fans spectabat eximius excitatus ad speculandum Vijay novissimum cinematographicum.",https://www.aajtak.in/entertainment/bollywood-news/story/jana-nayagan-box-office-day-1-cm-vijay-film-opened-strong-aimed-at-100-cr-tamil-audience-craze-tmovh-dskc-2608064-2026-07-24,https://akm-img-a-in.tosshub.com/aajtak/images/story/202607/6a62ddce4ce53-jana-nayagan-release-calendar-shift-165722465-16x9.jpg,,". , . . . . . 13,067 .
 ?, 41 . 30 .   78.27   . . . . . .
 68.31% . 73.85%, 62.46%, 63.62% 73.31% . 41.6% . 36.50 . 2.75 1.75 .
 . , . 300 . . . . 6 .
 . . . . .  . .",,2026-08-06 03:47:16+00:00,random,,,
d593b31f2713b8a75aa3ecf808b40f7c,2026-07-28T08:26:09Z,Tsunami,सुनामी,hindi.moneycontrol.com,hi,0.9,"Erdbeben in Japan: In Japan bebte erneut die Erde, es kam zu einem massiven Erdbeben der Stärke 7,1, es wurde eine Tsunami-Warnung ausgegeben. Erdbeben in Japan: Ein starkes Erdbeben der Stärke 7,1 ereignete sich in der Provinz Kumamoto auf Kyushu, der südlichen Insel Japans. Nach Angaben der Japan Meteorological Agency (JMA) lag das Epizentrum des Erdbebens etwa 10 Kilometer unter der Meeresoberfläche. Gleichzeitig warnten Beamte nach dem Erdbeben vor einem Tsunami …","Japan Earthquake: जापान में फिर कांपी धरती, आया 7.1 तीव्रता का भीषण भूकंप, सुनामी का अलर्ट जारी","Japan Earthquake: जापान के दक्षिणी द्वीप क्यूशू के कुमामोटो प्रांत में 7.1 तीव्रता का शक्तिशाली भूकंप आया है। जापान मौसम विज्ञान एजेंसी (JMA) के अनुसार, भूकंप का केंद्र समुद्र की सतह से लगभग 10 किलोमीटर नीचे था। वहीं, भूकंप के बाद अधिकारियों ने सुनामी की चेता…","Japan Earthquake: Earth trembled again in Japan, massive earthquake of 7.1 magnitude occurred, tsunami alert issued. Japan Earthquake: A powerful earthquake of 7.1 magnitude has occurred in Kumamoto province of Kyushu, the southern island of Japan. According to the Japan Meteorological Agency (JMA), the epicenter of the earthquake was about 10 kilometers below the sea surface. At the same time, after the earthquake, officials warned of tsunami…","Iaponia Terraemotus: Terra iterum in Iaponia contremuit, terrae motus ingens 7.1 magnitudini fiebat, tsunami erectus edita est. Iaponia Terraemotus: Potens terrae motus 7.1 magnitudinis in Kumamoto provinciae Kyushu occurrit, insula Iaponiae meridionalis. Secundum Meteorologicum Iaponiae Agency (JMA), epicenter terrae motus erat circiter 10 chiliometrorum infra superficiem maris. Eodem tempore, post terrae motum, magistratus tsunami admoniti sunt.",https://hindi.moneycontrol.com/world/earth-shakes-japan-again-massive-7-1-magnitude-earthquake-strikes-tsunami-alert-issued-article-2424004.html,https://images.moneycontrol.com/static-hindinews/2026/07/japan-1.jpg,,"Japan Earthquake: 7.1 (JMA) , 10 , 1 (3.28 ) 
 - 
 NHK 
....",,2026-08-06 03:47:16+00:00,random,,,
6c2a0ffee5c988526540e8e700301984,2026-07-06T10:27:46Z,Storm,तूफ़ान जमैका,hindi.moneycontrol.com,hi,0.3,"Indonesien lässt sich von Indiens Entwicklungserfolgen inspirieren, der Besuch von Premierminister Modi wird den Beziehungen zwischen den beiden Ländern neuen Schwung verleihen. Der Besuch von Premierminister Narendra Modi in Indonesien am 6. und 8. Juli 2026 findet zu einem Zeitpunkt statt, an dem die Partnerschaft zwischen den beiden Ländern über die traditionelle Zusammenarbeit hinausgeht. Heute betrachtet Indonesien Indien nicht nur als strategischen Partner, sondern auch als Partner für Technologie, politische Ideen und Entwicklungslösungen.","भारत की विकास की सफलताओं से प्रेरणा ले रहा है इंडोनेशिया, पीएम मोदी के दौरे से दोनों देशों के संबंधों को मिलेगी नई गति","प्रधानमंत्री नरेंद्र मोदी की 6-8 जुलाई 2026 को होने वाली इंडोनेशिया यात्रा ऐसे समय में हो रही है जब दोनों देशों की साझेदारी पारंपरिक सहयोग से आगे बढ़ रही है। आज इंडोनेशिया भारत को न केवल एक रणनीतिक साझेदार के रूप में, बल्कि तकनीक, नीतिगत विचारों और विकास समाध…","Indonesia is taking inspiration from India's development successes, PM Modi's visit will give new momentum to the relations between the two countries. Prime Minister Narendra Modi's visit to Indonesia on 6-8 July 2026 is coming at a time when the partnership between the two countries is moving beyond traditional cooperation. Today Indonesia views India not only as a strategic partner but also as a partner in technology, policy ideas and development solutions.","Indonesia inspirationem ex successibus evolutionis Indiae accipit, visitatio Modi PM novum momentum relationibus duarum terrarum dabit. Primus minister Narendra Modi in Indonesiam visitavit die 6-8 mensis Iulii anno 2026 quo tempore societas inter duas terras ultra cooperationem traditionalem movetur. Hodie Indonesia Indiam videt non solum ut socium opportunum sed etiam socium technologiae, solutiones evolutionis consiliarii.",https://hindi.moneycontrol.com/india/india-indonesia-relations-pm-modi-visit-indonesia-development-partnership-article-2417396.html,https://images.moneycontrol.com/static-hindinews/2026/03/Pm-modi-LPG.jpg,,"6-8 2026 , , , , 
 UPI-QRIS - , , , 17 , UPI-QRIS 
(ION) ONDC 65 , (MSMEs) Beckn 2.0 ION 7 - 
 ( ) ' ' , 
, UPI, , -KYC ONDC , AI- , - 
 , (ASEAN) , , , (PDS), , , AGRISTACK 
 ' ' '- ' (PM POSH… [+35 chars]",,2026-08-06 07:58:57+00:00,wmo,Jamaica,CAR,North-America
9b605d6dd677c8e174b77ff85cb16b59,2026-07-11T09:29:43Z,Tropical Cyclone,औषधि,dineshkhabar.com,hi,0.9,"Die Inzidenz von Kala-Azar im Fernen Westen nimmt mit der Ausweitung der Behandlungsdienste ab. Kanchanpur: Die Zahl der Kala-Azar-Patienten (Lesmaniose) in der Region Far West ist in den letzten Jahren kontinuierlich zurückgegangen. Ausbau der Krankenhausbehandlungsdienste, Verfügbarkeit von qualifiziertem Gesundheitspersonal, kostenlose Medikamente und Tests, aktive Untersuchung infizierter Personen und Verhinderung der Ausbreitung von Krankheiten.",उपचार सेवा विस्तारसँगै सुदूरपश्चिममा कालाजारका बिरामी घट्दै,"कञ्चनपुर: सुदूरपश्चिम प्रदेशमा कालाजार (लिस्मानियासिस) का बिरामीको सङ्ख्या पछिल्ला केही वर्षयता निरन्तर घट्दै गएको छ। अस्पतालमा उपचार सेवा विस्तार, दक्ष स्वास्थ्यकर्मीको उपलब्धता, निःशुल्क औषधि तथा परीक्षण,सङ्क्रमितको सक्रिय खोजपड्ताल र रोग सार्ने भुसुनाको नि…","The incidence of Kala-azar in the Far West is decreasing with the expansion of treatment services. Kanchanpur: The number of Kala-azar (Lesmaniasis) patients in the Far West region has been continuously decreasing in the last few years. Expansion of hospital treatment services, availability of skilled health workers, free medicines and tests, active investigation of infected people and prevention of spread of disease.","Incidentia Kala-azar in extremo Occidente decrescit cum incrementis curationis officia. Kanchanpur: Numerus aegrorum Kala-azar (Lesmaniasis) in regione ultima occidentali continue decrescentes his paucis annis fuit. Expansio curationis valetudinariorum, disponibilitas sollertium opificum sanitatis, libera medicamenta et experimenta, investigatio activa infectis hominum et ne divulgatio morborum.",https://dineshkhabar.com/article/138432,https://dineshkhabar.com/sites/default/files/styles/featured/public/field/image/hzi4yN5Vtcok8gBIWYW9.jpg?itok=V9bsRW8F,,": () , , ,  
 , , , 
 , , 
 , , , () , , , 
 ( ) , ¥ 
 , , , , ,   
 , , ,  
 ()  
 , 
 ,",,2026-08-06 07:58:57+00:00,random,,,
21e871d934cbe7e56d08d5c6fd3f192f,2026-07-29T03:04:36Z,Cold Wave,तापमान में गिरावट,hindi.moneycontrol.com,hi,0.8,"Wetter in Delhi: Aufgrund des starken Regens wurde das Wetter in der Hauptstadt angenehm, die Temperatur sank innerhalb von 24 Stunden um 9 °C, das IMD gab Alarmstufe Rot aus. Wetter in Delhi: Aufgrund der gleichzeitigen Entstehung mehrerer Wetterbedingungen kam es am Dienstag in Delhi-NCR zu starkem Regen, was es zu einem der regnerischsten Tage im Juli machte. Nach Angaben des Meteorologischen Amtes kam es aufgrund des Regens zu einem raschen Temperaturabfall, wodurch…","Delhi Weather: झमाझम बारिश से राजधानी में मौसम हुआ सुहाना, 24 घंटे में 9°C तक लुढ़का तापमान, IMD ने जारी किया रेड अलर्ट","Delhi Weather: मौसम की कई स्थितियों के एक साथ बनने की वजह से मंगलवार को दिल्ली-NCR में जबरदस्त बारिश हुई, जिससे यह जुलाई के सबसे ज्यादा बारिश वाले दिनों में से एक बन गया। मौसम विभाग के मुताबिक, बारिश की वजह से तापमान में तेजी से गिरावट दर्ज की गई, जिसके चलते …","Delhi Weather: Weather became pleasant in the capital due to heavy rain, temperature dropped by 9°C in 24 hours, IMD issued red alert. Delhi Weather: Due to the simultaneous formation of several weather conditions, there was heavy rain in Delhi-NCR on Tuesday, making it one of the rainiest days of July. According to the Meteorological Department, due to rain, there was a rapid drop in temperature, due to which…","Tempestas Delhi: Tempestas amoena facta est in capitali propter pluviam gravem, temperatura omissa ab 9°C in 24 horas, IMD erecta rubra edita est. Tempestas Delhi: Ob simultaneam plurium tempestatum condiciones, pluvia in Delhi-NCR facta est die Martis, quod unum ex pluviis diebus Iulio fecit. Secundum Department Meteorologicum, propter pluviam, erat gutta celeritatis in temperie, propter quam…",https://hindi.moneycontrol.com/india/weather-turns-pleasant-in-delhi-following-heavy-rain-imd-issues-red-alert-article-2424237.html,https://images.moneycontrol.com/static-hindinews/2026/07/Delhi-Weather-1.jpg,,"Delhi Weather: -NCR , , , 
 8:30 5:30 57.6 , 88.5 (79 ), (77 ) (68.8 ) 
 , 8 8:30 8:30 24 72.66 
, 258.2 , 209.7 
 ' ' ( ) 48 24 9 29 
 8 2023 , 28.7 
 (IMD) , 
 , , ( ) 
 , "" - - ""
 , , - ,… [+42 chars]",,2026-08-07 16:13:32+00:00,random,,,
ad039aa55d3c7de07d4a2ceae4bb9792,2026-07-08T10:59:00Z,Flood,बाढ़ भारत,hindi.moneycontrol.com,hi,0.9,"IMD-Sturzflutwarnung: Vorsicht! In diesen drei Bundesstaaten kann es in den nächsten 24 Stunden zu Warnungen vor Sturzfluten, Sturzfluten und starkem Regen kommen. IMD-Sturzflutwarnung: Das Indian Meteorological Department (IMD) hat angesichts des aktiven Südwestmonsuns im ganzen Land eine große Warnung herausgegeben. Angesichts der anhaltend starken Monsunregenfälle hat das IMD für viele Teile der drei Bundesstaaten Maharashtra, Goa und Gujarat eine plötzliche Warnung herausgegeben.","IMD Flash Flood Alert: सावधान! अगले 24 घंटों में इन 3 राज्यों में आ सकती है अचानक बाढ़, फ्लैश फ्लड और भारी बारिश की चेतावनी","IMD Flash Flood Alert: देश भर में सक्रिय दक्षिण-पश्चिम मॉनसून के बीच भारतीय मौसम विज्ञान विभाग (IMD) ने एक बड़ा अलर्ट जारी किया है। आईएमडी ने लगातार हो रही भारी मॉनसूनी बारिश के मद्देनजर देश के तीन राज्यों महाराष्ट्र, गोवा और गुजरात के कई हिस्सों के लिए अचानक…","IMD Flash Flood Alert: Caution! There may be warning of flash flood, flash flood and heavy rain in these 3 states in the next 24 hours. IMD Flash Flood Alert: The Indian Meteorological Department (IMD) has issued a major alert amid active south-west monsoon across the country. In view of the continuous heavy monsoon rains, IMD has issued a sudden warning for many parts of the three states of the country, Maharashtra, Goa and Gujarat.","IMD Flash Flood erecti: Cautio! Monere potest de diluvio inundatione, de diluvio et de pluvia pluviali in his 3 civitatibus in proximis 24 horis. IMD Diluvium Flash erecti: Indicum Meteorologicum Department (IMD) maiorem erectum inter ETESIA meridiem-occidentalem per regionem emisit. Ob continuas pluvias ETESIAE, IMD subitam admonitionem per multas partes trium civitatum locorum, Maharashtra, Goa et Gujarat denuntiavit.",https://hindi.moneycontrol.com/india/imd-flash-flood-alert-caution-floods-likely-in-these-3-states-warning-issued-for-flash-floods-and-heavy-rainfall-article-2417991.html,https://images.moneycontrol.com/static-hindinews/2026/07/IMD-issues-flash-flood-alert.jpg,,"IMD Flash Flood Alert:  - (IMD) , 24 
 200 , 
IMD -
 , 
 ?
 , 100 150 , , 
JUST IN: Terrifying CCTV footage shows a massive landslide striking a tunnel construction site near Meppady, Wayanad d… [+292 chars]",,2026-08-07 16:13:32+00:00,wmo,India,SAS,Asia
b505b06abe2b37a55bd72b9df666337c,2026-07-10T02:30:10Z,Flood,भारत में बाढ़,hindi.moneycontrol.com,hi,0.9,"Dieser Ort scheint nicht weniger als der Himmel zu sein, aber lassen Sie sich diese 5 Reiseziele auch während des Monsuns nicht entgehen! Der Monsun macht viele Orte in Indien sehr schön, aber in einigen hügeligen und regenreichen Gebieten kann dieses Wetter auch während der Reise zu Problemen führen. Starke Regenfälle, Erdrutsche, Sturzfluten, Straßensperrungen und schlechtes Wetter können Auswirkungen auf die Reise haben. Wenn du…","जगह ऐसी की जन्नत से कम नहीं लगेगी, लेकिन मानसून में भूलकर भी न जाएं इन 5 डेस्टिनेशन पर!","मानसून भारत की कई जगहों को बेहद खूबसूरत बना देता है, लेकिन कुछ पहाड़ी और ज्यादा बारिश वाले इलाकों में यही मौसम ट्रिप के दौरान परेशानी भी खड़ी कर सकता है। भारी बारिश, लैंडस्लाइड, अचानक बाढ़, सड़क बंद होने और खराब मौसम के कारण ट्रिप इफेक्ट हो सकती है। अगर आप मा…","This place will seem no less than heaven, but do not miss these 5 destinations even during monsoon! Monsoon makes many places in India very beautiful, but in some hilly and heavy rainfall areas, this weather can also create problems during the trip. Heavy rains, landslides, flash floods, road closures and bad weather can cause trip effects. If you…","Hic locus non minus quam coelum videbitur, sed haec 5 loca ne in ETESIA ne requiras! Monsoon multa loca in India pulcherrima facit, sed in nonnullis locis imbribus montuosis et gravibus, haec tempestas etiam difficultates in itinere creare potest. Imbres graves, ruinae, diluvia micare, viae commissuras et tempestatum malae possunt effectus itineris causare. Si tu…",https://hindi.moneycontrol.com/travel/india-dangerous-locations-during-the-monsoon-mountains-landslides-rain-and-floods-disrupting-trips-article-2418241.html,https://images.moneycontrol.com/static-hindinews/2026/07/trip.jpg,,,,2026-08-07 16:13:32+00:00,wmo,India,SAS,Asia
bc16b6fdf8dae0b8daf696a0bf4c12fc,2026-07-15T15:37:49Z,Precipitation,मौसम सामने,www.aajtak.in,hi,0.8,"Es sind neue Zahlen zum Schneefall im Himalaya aufgetaucht. Laut einer neuen internationalen Studie fällt im Himalaya mehr Schnee als erwartet. Die Studie behauptet, dass aktuelle Wettermodelle den Schneefall in vielen Gebieten nicht genau einschätzen können, was sich auf die Wettervorhersage und das Wasserressourcenmanagement auswirken könnte. In einer solchen Situation…",हिमालय की बर्फबारी के नए आंकड़े आए सामने,"नई अंतरराष्ट्रीय स्टडी के मुताबिक हिमालय में अनुमान से कहीं ज्यादा बर्फबारी हो रही है. स्टडी में दावा किया गया है कि मौजूदा मौसम मॉडल कई क्षेत्रों में बर्फबारी का सही आकलन नहीं कर पा रहे, जिससे मौसम पूर्वानुमान और जल संसाधन प्रबंधन प्रभावित हो सकता है. ऐसे मे…","New figures of Himalayan snowfall have come out. According to a new international study, there is more snowfall in the Himalayas than expected. The study claims that current weather models are not able to accurately estimate snowfall in many areas, which may affect weather forecasting and water resource management. In such a situation…","Novae figurae nix Himalayan prodierunt. Secundum novum studium internationale plus nix in Himalayas quam expectata est. Studium affirmat exempla tempestatis hodiernae accurate in multis locis nix aestimare non posse, quae tempestatem praevidendi et aquae administrationis subsidiorum afficere possunt. In tali re…",https://www.aajtak.in/short-videos/video/himalaya-snowfall-new-study-weather-model-underestimate-snow-global-level-mmtm-2602145-2026-07-15,https://akm-img-a-in.tosshub.com/aajtak/images/video/202607/6a57a927d6be3-himalayas-study-science-on-snowfall-153706332-16x9.jpg,,"Please rotate your device
 . .",,2026-08-08 15:52:25+00:00,random,,,
2d9b034e55e5b780f5ac9211ca586c63,2026-07-31T05:49:11Z,Snow Avalanche,हिमस्खलन,www.aajtak.in,hi,0.9,"Lawine am „Pakistan Peak“, 10 Vermisste, darunter der berühmte Bergsteiger Nirmal Purja. Zehn Bergsteiger, darunter der weltberühmte Bergsteiger Nirmal Purja, werden nach einer Lawine am Broad Peak in Pakistan vermisst. Such- und Rettungsaktion ist im Gange. Im Jahr 2019 hatte Purja in 6 Monaten 14 Achttausender bestiegen.","'पाकिस्तान पीक' पर एवलांच, फेमस पर्वतारोही निर्मल पुर्जा समेत 10 लापता",पाकिस्तान के ब्रॉड पीक पर हिमस्खलन यानी एवलांच के बाद विश्वविख्यात पर्वतारोही निर्मल पुर्जा सहित 10 पर्वतारोही लापता हैं. खोज-बचाव अभियान जारी है. पुर्जा ने 2019 में 14 आठ-हजारी चोटियों को 6 माह में फतह किया था.,"Avalanche on 'Pakistan Peak', 10 missing including famous mountaineer Nirmal Purja. Ten mountaineers, including world famous mountaineer Nirmal Purja, are missing after an avalanche on Pakistan's Broad Peak. Search and rescue operation is going on. In 2019, Purja had conquered 14 eight-thousander peaks in 6 months.","Avalanche on 'Pakistan Peak', 10 defuit inter celebres montanus Nirmal Purja. Decem montani, inter quos terrarum clarissimus montanus Nirmal Purja, desunt post montem cadentem in lata cacumine dui. Quaere et libera operatio agatur. In MMXIX, Purja 14 octo milia cacumina in 6 mensibus vicerat.",https://www.aajtak.in/science/story/nirmal-purja-with-10-mountaineers-missing-in-broad-peak-avalanche-pakistan-dskc-2612417-2026-07-31,https://akm-img-a-in.tosshub.com/aajtak/images/story/202607/6a6c34f1483ac-nirmal-purja-avalanche-pakistan-313851229-16x9.jpg,,"12 (8,047 ) . - 10 . . 
 (ACP) . , . , , .
 : ! , - ... ACP . , . ( ), , , . 
 10 . (Photo: Getty)
2 3 . , , . .
 . 9 , . . . 
 : Everest Man: 32 
 , . . .
 : 
 16 . () . 2012 . 2019 14 189 … [+126 chars]",,2026-08-08 15:52:25+00:00,random,,,
afad2c8a907ac20bf021148a1a183828,2026-07-31T09:21:52Z,Snow Avalanche,हिमस्खलन,www.bbc.com,hi,0.9,"Lernen Sie Nirmal Purja kennen, der besorgniserregende Nachrichten aus Gilgit-Baltistan überbracht hat. Es liegen äußerst besorgniserregende Informationen über eine Lawine vor, die eine Gruppe von Bergsteigern am Broad Peak getroffen hat. Die Höhe des Broad Peak im Karakorum-Gebirge beträgt 8.047 Meter.","निर्मल पुर्जा को जानिए, गिलगित-बल्तिस्तान से जिनको लेकर आई है चिंताजनक ख़बर","ब्रॉड पीक पर पर्वतारोहियों के एक दल पर हिमस्खलन की बेहद चिंताजनक सूचना मिली है. काराकोरम पर्वत श्रृंखला में स्थित ब्रॉड पीक की ऊंचाई 8,047 मीटर है.","Know Nirmal Purja, who has brought worrying news from Gilgit-Baltistan. Very worrying information has been received about an avalanche on a group of climbers on Broad Peak. The height of Broad Peak, located in the Karakoram mountain range, is 8,047 meters.","Scito Nirmal Purja, qui nuntios e Gilgit-Baltistan solicitudo attulit. Valde moleste informationes receptae de NIVIS in coetu viverra tellus in lata cacumine. Altitudo Peak latae, in monte Karakoram sita, est 8,047 metrorum.",https://www.bbc.com/hindi/articles/c3v03rq1gxwo,https://ichef.bbci.co.uk/news/1200/branded_hindi/be7f/live/9f8ec430-8cbc-11f1-8437-e79e1d37ad96.jpg,,", @nimsdai
, 
. .
- , .
 .
 2019 8,000 (26,300 ) 14 . 
""14 : "" .
"" ."" 8,047 .
 , 10 . , , , , .
 , .
, "" .""
27 . 
 , @nimsdai
, 2 , .
10 17 28,251 2 . 2 , .
 . , . ( ) .
 , .
 , . 2 … [+470 chars]",,2026-08-08 15:52:25+00:00,random,,,
