domain,sentiment_mean,sentiment_std,subjectivity_mean,subjectivity_std,counting
hindi.moneycontrol.com,0.04952778907694991,0.19383306029795602,0.48865826901755954,0.17453960334392274,257.0
www.aajtak.in,0.04862372271603041,0.20101197311561764,0.49058042375139443,0.19549180578462175,195.0
dineshkhabar.com,0.11073412698412698,0.24934497427109992,0.37137566137566136,0.07778671258473975,6.0
inseconline.org,0.042738095238095235,0.14890630781211328,0.23904761904761904,0.16628341943648817,5.0
www.hindikunj.com,0.01655555555555554,0.28041130871919767,0.43927777777777777,0.06566992534372341,4.0
www.republicbharat.com,0.21666666666666667,0.1364225461978741,0.6875,0.3189337705543268,3.0
www.bbc.com,0.10555555555555556,0.007856742013183834,0.4138888888888889,0.003928371006591917,2.0
