domain,sentiment_mean,sentiment_std,subjectivity_mean,subjectivity_std,counting
hindi.moneycontrol.com,0.006190924958476325,0.24234832882406662,0.5330894448017736,0.17960910701349686,73.0
www.aajtak.in,-0.044586362819676637,0.2021249291049435,0.5576509526231422,0.19694003230118423,61.0
www.hindikunj.com,0.01655555555555554,0.28041130871919767,0.43927777777777777,0.06566992534372341,4.0
www.republicbharat.com,0.21666666666666667,0.1364225461978741,0.6875,0.3189337705543268,3.0
dineshkhabar.com,0.0,1.0,0.0,1.0,1.0
