domain,sentiment_mean,sentiment_std,subjectivity_mean,subjectivity_std,counting
hindi.moneycontrol.com,0.06187868264313309,0.1640591104224546,0.47604658256551785,0.1568378333858466,661.0
www.aajtak.in,0.08020585486349333,0.19225226531354117,0.494394041089814,0.18261881395065394,463.0
dineshkhabar.com,0.11073412698412698,0.24934497427109992,0.37137566137566136,0.07778671258473975,6.0
inseconline.org,0.042738095238095235,0.14890630781211328,0.23904761904761904,0.16628341943648817,5.0
www.hindikunj.com,0.009673015873015863,0.24333048166150195,0.42981507936507934,0.06068045506780647,5.0
www.bbc.com,0.07037037037037037,0.0611952283031789,0.363425925925926,0.08744854454127199,3.0
www.republicbharat.com,0.21666666666666667,0.1364225461978741,0.6875,0.3189337705543268,3.0
