domain,sentiment_mean,sentiment_std,subjectivity_mean,subjectivity_std,counting
hindi.moneycontrol.com,0.0548916180167533,0.18841810947453777,0.4798092227511419,0.1666600374130975,333.0
www.aajtak.in,0.05764132091105775,0.19947700776545582,0.4907008323437678,0.19301305389222104,228.0
dineshkhabar.com,0.11073412698412698,0.24934497427109992,0.37137566137566136,0.07778671258473975,6.0
inseconline.org,0.042738095238095235,0.14890630781211328,0.23904761904761904,0.16628341943648817,5.0
www.hindikunj.com,0.009673015873015863,0.24333048166150195,0.42981507936507934,0.06068045506780647,5.0
www.republicbharat.com,0.21666666666666667,0.1364225461978741,0.6875,0.3189337705543268,3.0
www.bbc.com,0.10555555555555556,0.007856742013183834,0.4138888888888889,0.003928371006591917,2.0
