week,sentiment_mean,sentiment_std,subjectivity_mean,subjectivity_std,counting
2025-49,-1.408892026938329,1.0,1.4663670181491109,1.0,1.0
2025-50,-0.03139429545055076,0.9405892018606955,0.3298500551532084,0.6891489763663388,9.0
2025-51,0.4207009992582177,0.7393540498472823,-0.06815983737089873,0.6791999526750357,7.0
2025-52,-0.04871969893207461,1.0,-0.7217556579071007,1.0,1.0
2026-00,0.04813056988567338,1.278002665474607,0.311336195613459,0.5411605313947976,4.0
2026-01,-0.06078661244295446,1.0428727385050989,-0.18355030783201406,1.190256277858402,19.0
2026-02,-0.10636529135572119,1.0664230866509614,-0.046699900255663444,1.1299189651781896,10.0
2026-03,0.5251092747186895,0.2712121372440385,0.44870575916545213,0.7796477922463969,2.0
