domain,sentiment_mean,sentiment_std,subjectivity_mean,subjectivity_std,counting
hindi.moneycontrol.com,0.04042901034074833,0.20240537769286432,0.4993430986861965,0.17396432934081218,201.0
www.aajtak.in,0.019099476342909524,0.1936432870796469,0.4885801766120891,0.1989761123839037,155.0
dineshkhabar.com,0.11073412698412698,0.24934497427109992,0.37137566137566136,0.07778671258473975,6.0
www.hindikunj.com,0.01655555555555554,0.28041130871919767,0.43927777777777777,0.06566992534372341,4.0
www.republicbharat.com,0.21666666666666667,0.1364225461978741,0.6875,0.3189337705543268,3.0
www.bbc.com,0.0,1.0,0.0,1.0,1.0
