domain,sentiment_mean,sentiment_std,subjectivity_mean,subjectivity_std,counting
hindi.moneycontrol.com,0.031450292163671414,0.2157179945060022,0.5069727690676054,0.18368034201066358,167.0
www.aajtak.in,0.011650147750020204,0.19364520803292135,0.4886975632596806,0.19723670275194866,140.0
dineshkhabar.com,0.032880952380952365,0.17960448010663993,0.34565079365079365,0.05099215304791095,5.0
www.hindikunj.com,0.01655555555555554,0.28041130871919767,0.43927777777777777,0.06566992534372341,4.0
www.republicbharat.com,0.21666666666666667,0.1364225461978741,0.6875,0.3189337705543268,3.0
www.bbc.com,0.0,1.0,0.0,1.0,1.0
