domain,sentiment_mean,sentiment_std,subjectivity_mean,subjectivity_std,counting
www.aajtak.in,0.0006261184545563775,0.20201412544263603,0.516666753924264,0.19483764298775166,107.0
hindi.moneycontrol.com,-0.0005595392281777206,0.22840536734882716,0.5330847849386319,0.1840659291020678,99.0
dineshkhabar.com,0.032880952380952365,0.17960448010663993,0.34565079365079365,0.05099215304791095,5.0
www.hindikunj.com,0.01655555555555554,0.28041130871919767,0.43927777777777777,0.06566992534372341,4.0
www.republicbharat.com,0.21666666666666667,0.1364225461978741,0.6875,0.3189337705543268,3.0
