domain,sentiment_mean,sentiment_std,subjectivity_mean,subjectivity_std,counting
hindi.moneycontrol.com,-0.059453151125770175,0.21928596421200724,0.5816029484184246,0.18480231229944943,21.0
www.aajtak.in,-0.004449059927001108,0.192744883918271,0.4937196545284781,0.20371600376961135,17.0
www.hindikunj.com,0.0,1.0,0.0,1.0,1.0
