week,sentiment_mean,sentiment_std,subjectivity_mean,subjectivity_std,counting
2025-49,-1.0804635593030676,1.0,1.1451620850302264,1.0,1.0
2025-50,0.01432442061935063,1.0202577899130225,0.2521754052968304,0.6433701217322905,2.0
2025-51,0.37998593909081313,1.0,0.1632049180332874,1.0,1.0
2026-01,0.2239429263245177,1.1172335352173886,-0.6042392712190588,1.006365410643145,3.0
