week,sentiment_mean,sentiment_std,subjectivity_mean,subjectivity_std,counting
2025-49,-1.4325241003139093,1.0,1.604422704010894,1.0,1.0
2025-50,0.18274649870429968,0.9584987664152442,0.1515341632853079,0.9265855686382268,9.0
2025-51,0.5914833374764158,0.8722326937782799,-0.39510369321447936,0.8574002818812259,7.0
2025-52,-0.6540030599565783,1.0434596302327552,0.1760831199615765,0.6808853032721824,4.0
2026-00,-0.11435532624975009,1.315331444647606,0.45266273004466073,0.5853838283065329,5.0
2026-01,-0.06938397264678704,0.9877505347422757,-0.14309213410301683,1.103792477600372,36.0
2026-02,-0.12746966916728372,0.9408958327742595,0.08894484120736315,0.9948933535668388,33.0
2026-03,0.6364041059840865,0.7142142362008231,-0.10130238494038184,0.8746920821529883,19.0
2026-04,-0.6694975698345456,0.8194330270836956,0.26545169599103474,1.128972997927929,9.0
