week,sentiment_mean,sentiment_std,subjectivity_mean,subjectivity_std,counting
2025-49,-1.3575410860737007,1.0,1.2977414623553996,1.0,1.0
2025-50,0.1601924706001362,1.0094736118977954,0.18874218937457787,0.7224908181014101,9.0
2025-51,0.29071761839720267,0.44838664955014745,-0.20533993260237762,0.8019653051121313,6.0
2025-52,0.24261995662582853,1.0,-0.9375944106388084,1.0,1.0
2026-00,-0.2734316711859366,0.9227938876355343,-0.2947596592405036,0.4858950344780256,2.0
2026-01,-0.07599511680975579,1.033064412190853,0.0321535526636517,1.221780545806543,12.0
2026-02,-0.08959456458650882,1.2727630713238072,-0.024833253688987728,1.121493066218823,8.0
