domain,sentiment_mean,sentiment_std,subjectivity_mean,subjectivity_std,counting
hindi.moneycontrol.com,0.05912229448336769,0.17280206235099416,0.4699397553556002,0.1657721876351148,480.0
www.aajtak.in,0.07145807575721151,0.20106288854367133,0.49092216826637614,0.1916820713577593,312.0
dineshkhabar.com,0.11073412698412698,0.24934497427109992,0.37137566137566136,0.07778671258473975,6.0
inseconline.org,0.042738095238095235,0.14890630781211328,0.23904761904761904,0.16628341943648817,5.0
www.hindikunj.com,0.009673015873015863,0.24333048166150195,0.42981507936507934,0.06068045506780647,5.0
www.republicbharat.com,0.21666666666666667,0.1364225461978741,0.6875,0.3189337705543268,3.0
www.bbc.com,0.10555555555555556,0.007856742013183834,0.4138888888888889,0.003928371006591917,2.0
