domain,sentiment_mean,sentiment_std,subjectivity_mean,subjectivity_std,counting
hindi.moneycontrol.com,0.006318550326614843,0.25797676508916867,0.5445934382224705,0.18878979803809953,31.0
www.aajtak.in,-0.0027102723665223703,0.1809137591865558,0.47593154761904766,0.22182748076775508,20.0
www.hindikunj.com,0.0,1.0,0.0,1.0,1.0
www.republicbharat.com,0.0,1.0,0.0,1.0,1.0
