domain,sentiment_mean,sentiment_std,subjectivity_mean,subjectivity_std,counting
www.aajtak.in,-0.022321938739721475,0.1924122422782096,0.5261901600865514,0.19408902397682448,96.0
hindi.moneycontrol.com,0.0037603230081296284,0.23318672820688693,0.5354414383041445,0.17836240304791243,89.0
dineshkhabar.com,0.07110119047619046,0.18240554185328534,0.3570634920634921,0.05097648146829452,4.0
www.hindikunj.com,0.01655555555555554,0.28041130871919767,0.43927777777777777,0.06566992534372341,4.0
www.republicbharat.com,0.21666666666666667,0.1364225461978741,0.6875,0.3189337705543268,3.0
