domain,sentiment_mean,sentiment_std,subjectivity_mean,subjectivity_std,counting
hindi.moneycontrol.com,-0.013707291300520471,0.23974156230047342,0.5469127596940097,0.17109943099676916,60.0
www.aajtak.in,-0.06801724805640846,0.17654431761306968,0.5618130862570085,0.18374627596570067,57.0
www.hindikunj.com,0.01655555555555554,0.28041130871919767,0.43927777777777777,0.06566992534372341,4.0
dineshkhabar.com,0.0,1.0,0.0,1.0,1.0
www.republicbharat.com,0.0,1.0,0.0,1.0,1.0
