domain,sentiment_mean,sentiment_std,subjectivity_mean,subjectivity_std,counting
hindi.moneycontrol.com,0.05963046248198145,0.1682047778489751,0.47445618867600736,0.16268331450942283,529.0
www.aajtak.in,0.07341239490106645,0.19758130450180167,0.4899010353349742,0.19182122875532626,346.0
dineshkhabar.com,0.11073412698412698,0.24934497427109992,0.37137566137566136,0.07778671258473975,6.0
inseconline.org,0.042738095238095235,0.14890630781211328,0.23904761904761904,0.16628341943648817,5.0
www.hindikunj.com,0.009673015873015863,0.24333048166150195,0.42981507936507934,0.06068045506780647,5.0
www.republicbharat.com,0.21666666666666667,0.1364225461978741,0.6875,0.3189337705543268,3.0
www.bbc.com,0.10555555555555556,0.007856742013183834,0.4138888888888889,0.003928371006591917,2.0
