domain,sentiment_mean,sentiment_std,subjectivity_mean,subjectivity_std,counting
hindi.moneycontrol.com,-0.007193843059246328,0.2392762181627705,0.5365407698362245,0.18437987594507702,82.0
www.aajtak.in,-0.04532277291205862,0.20530208180035947,0.5560886489457918,0.19352030380603755,74.0
www.hindikunj.com,0.01655555555555554,0.28041130871919767,0.43927777777777777,0.06566992534372341,4.0
www.republicbharat.com,0.21666666666666667,0.1364225461978741,0.6875,0.3189337705543268,3.0
dineshkhabar.com,0.0,1.0,0.0,1.0,1.0
