domain,sentiment_mean,sentiment_std,subjectivity_mean,subjectivity_std,counting
hindi.moneycontrol.com,-0.0703174603174603,0.2654651277738678,0.6215079365079366,0.1745784614545267,5.0
www.aajtak.in,-0.18636363636363637,0.12213662584131278,0.6854166666666667,0.020623947784607563,2.0
