domain,sentiment_mean,sentiment_std,subjectivity_mean,subjectivity_std,counting
hindi.moneycontrol.com,0.03171561302971386,0.2188159108078627,0.5086848581668808,0.18527366807169254,162.0
www.aajtak.in,0.011698217524175086,0.1950297475941422,0.49011588543252627,0.1982248761263526,138.0
dineshkhabar.com,0.032880952380952365,0.17960448010663993,0.34565079365079365,0.05099215304791095,5.0
www.hindikunj.com,0.01655555555555554,0.28041130871919767,0.43927777777777777,0.06566992534372341,4.0
www.republicbharat.com,0.21666666666666667,0.1364225461978741,0.6875,0.3189337705543268,3.0
www.bbc.com,0.0,1.0,0.0,1.0,1.0
